"Art Theory and Criticism Minor","201203","201301","201302","201303","201401","201402","201403","201501","201502","201503","201601","201602","201603","201701","201702","201703","201801","201802","201803","201901","201902","201903","202001","202002","202003","202101","202102","202103","202201","202202","202203","202301","202302","202303","202401","202402","202403","202501","202502","202503","202601"
Requirement:credits,18,18,18,18,18,18,18,18,18,18,18,18,18,18,18,18,18,18,18,18,18,18,18,18,18,18,18,18,18,18,18,18,18,18,18,18,18,18,18,18,18
Requirement:courses,6,6,6,6,6,6,6,6,6,6,6,6,6,6,6,6,6,6,6,6,6,6,6,6,6,6,6,6,6,6,6,6,6,6,6,6,6,6,6,6,6
HUM 202,RRequired,RRequired,RRequired,RRequired,RRequired,RRequired,RRequired,RRequired,RRequired,RRequired,RRequired,RRequired,RRequired,RRequired,RRequired,RRequired,RRequired,RRequired,RRequired,RRequired,RRequired,RRequired,RRequired,RRequired,RRequired,RRequired,RRequired,RRequired,RRequired,RRequired,RRequired,RRequired,RRequired,RRequired,,,,,,,
HUM 212,RRequired,RRequired,RRequired,RRequired,RRequired,RRequired,RRequired,RRequired,RRequired,RRequired,RRequired,RRequired,RRequired,RRequired,RRequired,RRequired,RRequired,RRequired,RRequired,RRequired,RRequired,RRequired,,,,,,,,,,,,,,,,,,,
CULT 432,AArea,AArea,AArea,AArea,AArea,AArea,AArea,AArea,AArea,AArea,AArea,AArea,AArea,,,,,,,,,,,,,CCore,CCore,CCore,CCore,CCore,CCore,CCore,CCore,CCore,CCore,CCore,CCore,CCore,CCore,CCore,CCore
CULT 451,AArea,AArea,AArea,AArea,AArea,AArea,AArea,AArea,AArea,AArea,AArea,AArea,AArea,,,,,,,,,,,,,,,,,,,,,,,,,,,,
FILM 231,AArea,AArea,AArea,AArea,AArea,AArea,AArea,AArea,AArea,AArea,AArea,AArea,AArea,AArea,AArea,AArea,AArea,AArea,AArea,AArea,AArea,AArea,AArea,AArea,AArea,AArea,AArea,AArea,AArea,AArea,AArea,AArea,AArea,,,,,,,,
FILM 331,AArea,AArea,AArea,AArea,AArea,AArea,AArea,AArea,AArea,AArea,AArea,AArea,AArea,AArea,AArea,AArea,AArea,AArea,AArea,AArea,AArea,AArea,AArea,AArea,AArea,AArea,AArea,AArea,AArea,AArea,AArea,AArea,AArea,,,,,,,,
FILM 335,AArea,AArea,AArea,AArea,AArea,AArea,AArea,AArea,AArea,AArea,AArea,AArea,AArea,AArea,AArea,AArea,AArea,AArea,AArea,AArea,AArea,AArea,AArea,AArea,AArea,AArea,AArea,AArea,AArea,AArea,AArea,AArea,AArea,,,,,,,,
FILM 345,AArea,AArea,AArea,AArea,AArea,AArea,AArea,AArea,AArea,AArea,AArea,AArea,AArea,AArea,AArea,AArea,AArea,AArea,AArea,AArea,AArea,AArea,AArea,AArea,AArea,AArea,AArea,AArea,AArea,AArea,AArea,AArea,AArea,,,,,,,,
FILM 390,AArea,AArea,AArea,AArea,AArea,AArea,AArea,AArea,AArea,AArea,AArea,AArea,AArea,AArea,AArea,AArea,AArea,AArea,AArea,AArea,AArea,AArea,AArea,AArea,AArea,AArea,AArea,AArea,AArea,AArea,AArea,AArea,AArea,,,,,,,,
FILM 424,AArea,AArea,AArea,AArea,AArea,AArea,AArea,AArea,AArea,AArea,AArea,AArea,AArea,AArea,AArea,AArea,AArea,AArea,AArea,AArea,AArea,AArea,AArea,AArea,AArea,AArea,AArea,AArea,AArea,AArea,AArea,AArea,AArea,,,,,,,,
FILM 432,AArea,AArea,AArea,AArea,AArea,AArea,AArea,AArea,AArea,AArea,AArea,AArea,AArea,AArea,AArea,AArea,AArea,AArea,AArea,AArea,AArea,AArea,AArea,AArea,AArea,CCore,CCore,CCore,CCore,CCore,CCore,CCore,CCore,,,,,,,,
FILM 435,AArea,AArea,AArea,AArea,AArea,AArea,AArea,AArea,AArea,AArea,AArea,AArea,AArea,AArea,AArea,AArea,AArea,AArea,AArea,AArea,AArea,AArea,AArea,AArea,AArea,AArea,AArea,AArea,AArea,AArea,AArea,AArea,AArea,,,,,,,,
FILM 436,AArea,AArea,AArea,AArea,AArea,AArea,AArea,AArea,AArea,AArea,AArea,AArea,AArea,AArea,AArea,AArea,AArea,AArea,AArea,AArea,AArea,AArea,AArea,AArea,AArea,AArea,AArea,AArea,AArea,AArea,AArea,AArea,AArea,,,,,,,,
FILM 452,AArea,AArea,AArea,AArea,AArea,AArea,AArea,AArea,AArea,AArea,AArea,AArea,AArea,AArea,AArea,AArea,AArea,AArea,AArea,AArea,AArea,AArea,AArea,AArea,AArea,AArea,AArea,AArea,AArea,AArea,AArea,AArea,AArea,,,,,,,,
HART 213,AArea,AArea,AArea,AArea,AArea,AArea,AArea,AArea,AArea,AArea,,,,,,,,,,,,,,,,,,,,,,,,,,,,,,,
HART 234,AArea,AArea,AArea,AArea,AArea,AArea,AArea,AArea,AArea,AArea,AArea,AArea,AArea,CCore,CCore,CCore,CCore,CCore,CCore,CCore,CCore,CCore,CCore,CCore,CCore,CCore,CCore,CCore,CCore,CCore,CCore,CCore,CCore,CCore,CCore,CCore,CCore,CCore,CCore,CCore,CCore
HART 292,AArea,AArea,AArea,AArea,AArea,AArea,AArea,AArea,AArea,AArea,AArea,AArea,AArea,CCore,CCore,CCore,CCore,CCore,CCore,CCore,CCore,CCore,CCore,CCore,CCore,CCore,CCore,CCore,CCore,CCore,CCore,CCore,CCore,CCore,RRequired,RRequired,RRequired,RRequired,RRequired,RRequired,RRequired
HART 293,AArea,AArea,AArea,AArea,AArea,AArea,AArea,AArea,AArea,AArea,AArea,AArea,AArea,CCore,CCore,CCore,CCore,CCore,CCore,CCore,CCore,CCore,CCore,CCore,CCore,CCore,CCore,CCore,CCore,CCore,CCore,CCore,CCore,CCore,RRequired,RRequired,RRequired,RRequired,RRequired,RRequired,RRequired
HART 311,AArea,AArea,AArea,AArea,AArea,AArea,AArea,AArea,AArea,AArea,AArea,AArea,AArea,CCore,CCore,CCore,CCore,CCore,CCore,CCore,CCore,CCore,CCore,CCore,CCore,CCore,CCore,CCore,CCore,,,,,,,,,,,,
HART 312,AArea,AArea,AArea,AArea,,,,,,,,,,,,,,,,,,,,,,,,,,,,,,,,,,,,,
HART 320,AArea,AArea,AArea,AArea,AArea,AArea,AArea,AArea,AArea,AArea,AArea,AArea,AArea,AArea,AArea,AArea,AArea,AArea,AArea,AArea,AArea,AArea,AArea,AArea,AArea,AArea,AArea,AArea,AArea,AArea,AArea,AArea,AArea,AArea,CCore,CCore,CCore,CCore,CCore,CCore,CCore
HART 323,AArea,AArea,AArea,AArea,AArea,AArea,AArea,AArea,,,,,,,,,,,,,,,,,,,,,,,,,,,,,,,,,
HART 380,AArea,AArea,AArea,AArea,AArea,AArea,AArea,AArea,AArea,AArea,AArea,AArea,AArea,CCore,CCore,CCore,CCore,CCore,CCore,CCore,CCore,CCore,CCore,CCore,CCore,CCore,CCore,CCore,CCore,CCore,CCore,CCore,CCore,CCore,,,,,,,
HART 392,AArea,AArea,AArea,AArea,AArea,AArea,AArea,AArea,AArea,AArea,AArea,AArea,AArea,AArea,AArea,AArea,AArea,AArea,AArea,AArea,AArea,AArea,AArea,AArea,AArea,AArea,AArea,AArea,AArea,AArea,AArea,AArea,AArea,,,,,,,,
HART 411,AArea,AArea,AArea,AArea,AArea,AArea,AArea,AArea,AArea,AArea,AArea,AArea,AArea,AArea,AArea,AArea,AArea,AArea,AArea,AArea,AArea,AArea,AArea,AArea,AArea,AArea,AArea,AArea,AArea,AArea,AArea,AArea,AArea,,,,,,,,
HART 413,AArea,AArea,AArea,AArea,AArea,AArea,AArea,AArea,AArea,AArea,AArea,AArea,AArea,CCore,CCore,CCore,CCore,CCore,CCore,CCore,CCore,CCore,CCore,CCore,CCore,CCore,CCore,CCore,CCore,CCore,CCore,CCore,CCore,CCore,CCore,CCore,CCore,CCore,CCore,CCore,CCore
HART 414,AArea,AArea,AArea,AArea,AArea,AArea,AArea,AArea,AArea,AArea,AArea,AArea,AArea,CCore,CCore,CCore,CCore,CCore,CCore,CCore,CCore,CCore,CCore,CCore,CCore,CCore,CCore,CCore,CCore,CCore,CCore,CCore,CCore,,,,,,,,
HART 424,AArea,AArea,AArea,AArea,AArea,,,,,,,,,,,,,,,,,,,,,,,,,,,,,,,,,,,,
HART 425,AArea,AArea,AArea,AArea,AArea,AArea,AArea,AArea,AArea,AArea,AArea,AArea,AArea,AArea,AArea,AArea,AArea,AArea,AArea,AArea,AArea,AArea,AArea,AArea,AArea,AArea,AArea,AArea,AArea,AArea,AArea,CCore,CCore,CCore,CCore,CCore,CCore,CCore,CCore,CCore,CCore
HART 426,AArea,AArea,AArea,AArea,AArea,AArea,AArea,AArea,AArea,AArea,AArea,AArea,AArea,AArea,AArea,AArea,AArea,AArea,AArea,AArea,AArea,AArea,AArea,AArea,AArea,AArea,AArea,AArea,AArea,AArea,AArea,AArea,AArea,AArea,,,,,,,
HART 432,AArea,AArea,AArea,AArea,AArea,AArea,AArea,AArea,AArea,AArea,AArea,AArea,AArea,AArea,AArea,AArea,AArea,AArea,AArea,AArea,AArea,AArea,AArea,AArea,AArea,AArea,AArea,AArea,AArea,AArea,AArea,AArea,AArea,AArea,,,,,,,
HART 450,AArea,AArea,AArea,AArea,AArea,AArea,AArea,AArea,AArea,AArea,AArea,AArea,AArea,CCore,CCore,CCore,CCore,CCore,CCore,CCore,CCore,CCore,CCore,CCore,CCore,AArea,AArea,AArea,AArea,AArea,AArea,AArea,AArea,,,,,,,,
HART 480,AArea,AArea,AArea,AArea,AArea,AArea,AArea,AArea,AArea,AArea,AArea,AArea,AArea,CCore,CCore,CCore,CCore,CCore,CCore,CCore,CCore,CCore,CCore,CCore,CCore,CCore,CCore,CCore,CCore,CCore,CCore,CCore,CCore,,,,,,,,
HIST 227,AArea,AArea,AArea,AArea,AArea,AArea,AArea,AArea,AArea,AArea,AArea,AArea,AArea,,,,,,,,,,,,,,,,,,,,,,,,,,,,
HUM 205,AArea,AArea,AArea,AArea,,,,,,,,,,,,,,,,,,,,,,,,,,,,,,,,,,,,,
PHIL 322,AArea,AArea,AArea,AArea,AArea,AArea,AArea,AArea,AArea,AArea,AArea,AArea,AArea,AArea,AArea,AArea,CCore,CCore,CCore,CCore,CCore,CCore,CCore,CCore,CCore,CCore,CCore,CCore,CCore,CCore,CCore,CCore,CCore,CCore,CCore,CCore,CCore,CCore,CCore,CCore,CCore
VA 312,AArea,AArea,AArea,AArea,AArea,AArea,AArea,AArea,AArea,AArea,AArea,AArea,AArea,,,,,,,,,,,,,,,,,,,,,,,,,,,,
VA 315,AArea,AArea,AArea,AArea,AArea,AArea,AArea,AArea,AArea,AArea,AArea,AArea,AArea,CCore,CCore,CCore,CCore,CCore,CCore,CCore,CCore,CCore,CCore,CCore,CCore,CCore,CCore,CCore,CCore,CCore,CCore,CCore,CCore,CCore,CCore,CCore,CCore,CCore,CCore,CCore,CCore
VA 420,AArea,AArea,AArea,AArea,AArea,AArea,AArea,AArea,AArea,AArea,AArea,AArea,AArea,CCore,CCore,CCore,CCore,CCore,CCore,CCore,CCore,CCore,CCore,CCore,CCore,CCore,CCore,CCore,CCore,CCore,CCore,CCore,CCore,CCore,CCore,CCore,CCore,CCore,CCore,CCore,CCore
VA 430,AArea,AArea,AArea,AArea,AArea,AArea,AArea,AArea,AArea,AArea,AArea,AArea,AArea,CCore,CCore,CCore,CCore,CCore,CCore,CCore,CCore,CCore,CCore,CCore,CCore,CCore,CCore,CCore,CCore,CCore,CCore,CCore,CCore,CCore,RRequired,RRequired,RRequired,RRequired,RRequired,RRequired,RRequired
VIS 308,AArea,AArea,AArea,AArea,AArea,AArea,AArea,AArea,AArea,AArea,AArea,AArea,AArea,AArea,AArea,AArea,AArea,AArea,AArea,AArea,AArea,AArea,AArea,AArea,AArea,AArea,AArea,AArea,AArea,AArea,AArea,AArea,AArea,,,,,,,,
VIS 310,AArea,AArea,AArea,AArea,AArea,AArea,AArea,AArea,AArea,AArea,AArea,AArea,AArea,AArea,AArea,AArea,AArea,AArea,AArea,AArea,AArea,AArea,AArea,AArea,AArea,AArea,AArea,AArea,AArea,AArea,AArea,AArea,AArea,,,,,,,,
VIS 412,AArea,AArea,AArea,AArea,AArea,AArea,AArea,AArea,AArea,AArea,AArea,AArea,AArea,AArea,AArea,AArea,AArea,AArea,AArea,AArea,AArea,AArea,AArea,AArea,AArea,CCore,CCore,CCore,CCore,CCore,CCore,CCore,CCore,,,,,,,,
HART 333,AArea,,,,,,,,,,,,,,,,,,,,,,,,,,,,,,,,,,,,,,,,
MGMT 425,,,,,,,,,,,,,,,,,CCore,CCore,CCore,CCore,CCore,CCore,CCore,CCore,CCore,CCore,CCore,CCore,CCore,CCore,CCore,CCore,CCore,CCore,CCore,CCore,CCore,CCore,CCore,CCore,CCore
HUM 312,,,,,,,,,,,,,,,,,,,,,,,RRequired,RRequired,RRequired,RRequired,RRequired,RRequired,RRequired,RRequired,RRequired,RRequired,RRequired,RRequired,,,,,,,
VA 423,,,,,,,,,,,,,,,,,,,,,,,AArea,AArea,AArea,AArea,AArea,AArea,AArea,AArea,AArea,AArea,AArea,AArea,CCore,CCore,CCore,CCore,CCore,CCore,CCore
PSY 310,,,,,,,,,,,,,,,,,,,,,,,,,,AArea,AArea,AArea,AArea,AArea,AArea,AArea,AArea,AArea,,,,,,,
PSY 412,,,,,,,,,,,,,,,,,,,,,,,,,,AArea,AArea,AArea,AArea,AArea,AArea,AArea,AArea,AArea,,,,,,,
VA 329,,,,,,,,,,,,,,,,,,,,,,,,,,AArea,AArea,AArea,AArea,AArea,AArea,AArea,AArea,AArea,,,,,,,
VA 311,,,,,,,,,,,,,,,,,,,,,,,,,,,,,,,,,,,CCore,CCore,CCore,CCore,CCore,CCore,CCore