"Energy Minor","199901","199902","199903","200001","200002","200003","200101","200102","200103","200201","200202","200203","200301","200302","200303","200401","200402","200403","200501","200502","200503","200601","200602","200603","200701","200702","200703","200801","200802","200803","200901","200902","200903","201001","201002","201003","201101","201102","201103","201201","201202","201203","201301","201302","201303","201401","201402","201403","201501","201502","201503","201601","201602","201603","201701","201702","201703","201801","201802","201803","201901","201902","201903","202001","202002","202003","202101","202102","202103","202201","202202","202203","202301","202302","202303","202401","202402","202403","202501","202502","202503","202601"
Requirement:credits,21,21,21,21,21,21,21,21,21,21,21,21,21,21,21,21,21,21,21,21,21,21,21,21,21,21,21,21,21,21,21,21,21,21,21,21,21,21,21,21,21,21,21,21,21,21,21,21,21,21,21,21,21,21,21,21,21,21,21,21,21,21,21,21,21,21,21,21,21,21,21,21,21,21,21,21,21,21,21,21,21,21
Requirement:ECTS,40,40,40,40,40,40,40,40,40,40,40,40,40,40,40,40,40,40,40,40,40,40,40,40,40,40,40,40,40,40,40,40,40,40,40,40,40,40,40,40,40,40,40,40,40,40,40,40,40,,,,,,,,,,,,,,,,,,,,,,,,,,,,,,,,,
Requirement:courses,7,7,7,7,7,7,7,7,7,7,7,7,7,7,7,7,7,7,7,7,7,7,7,7,7,7,7,7,7,7,7,7,7,7,7,7,7,7,7,7,7,7,7,7,7,7,7,7,7,7,7,7,7,7,7,7,7,7,7,7,7,7,7,7,7,7,7,7,7,7,7,7,7,7,7,7,7,7,7,7,7,7
CHEM 405,CCore,CCore,CCore,CCore,CCore,CCore,CCore,CCore,CCore,CCore,CCore,CCore,CCore,CCore,CCore,CCore,CCore,CCore,CCore,CCore,CCore,CCore,CCore,CCore,CCore,CCore,CCore,CCore,CCore,CCore,CCore,CCore,CCore,CCore,CCore,CCore,CCore,CCore,CCore,CCore,CCore,CCore,CCore,CCore,CCore,CCore,CCore,CCore,CCore,CCore,CCore,CCore,CCore,CCore,CCore,CCore,CCore,CCore,CCore,CCore,CCore,CCore,CCore,CCore,CCore,CCore,CCore,CCore,CCore,CCore,CCore,CCore,CCore,CCore,CCore,CCore,CCore,CCore,CCore,CCore,CCore,CCore
ECON 204,CCore,CCore,CCore,CCore,CCore,CCore,CCore,CCore,CCore,CCore,CCore,CCore,CCore,CCore,CCore,CCore,CCore,CCore,CCore,CCore,CCore,CCore,CCore,CCore,CCore,CCore,CCore,CCore,CCore,CCore,CCore,CCore,CCore,CCore,CCore,CCore,CCore,CCore,CCore,CCore,CCore,CCore,CCore,CCore,CCore,CCore,CCore,CCore,CCore,CCore,CCore,CCore,CCore,CCore,CCore,CCore,CCore,CCore,CCore,CCore,CCore,CCore,CCore,CCore,CCore,CCore,CCore,CCore,CCore,CCore,CCore,CCore,CCore,CCore,CCore,CCore,CCore,CCore,CCore,CCore,CCore,CCore
ECON 323,CCore,CCore,CCore,CCore,CCore,CCore,CCore,CCore,CCore,CCore,CCore,CCore,CCore,CCore,CCore,CCore,CCore,CCore,CCore,CCore,CCore,CCore,CCore,CCore,CCore,CCore,CCore,CCore,CCore,CCore,CCore,CCore,CCore,CCore,CCore,CCore,CCore,CCore,CCore,CCore,CCore,CCore,CCore,CCore,CCore,CCore,CCore,CCore,CCore,CCore,CCore,CCore,CCore,CCore,CCore,CCore,CCore,CCore,CCore,CCore,CCore,CCore,CCore,CCore,CCore,CCore,CCore,CCore,CCore,CCore,CCore,CCore,CCore,CCore,CCore,CCore,CCore,CCore,CCore,CCore,CCore,CCore
ECON 412,CCore,CCore,CCore,CCore,CCore,CCore,CCore,CCore,CCore,CCore,CCore,CCore,CCore,CCore,CCore,CCore,CCore,CCore,CCore,CCore,CCore,CCore,CCore,CCore,CCore,CCore,CCore,CCore,CCore,CCore,CCore,CCore,CCore,CCore,CCore,CCore,CCore,CCore,CCore,CCore,CCore,CCore,CCore,CCore,CCore,CCore,CCore,CCore,CCore,CCore,CCore,CCore,CCore,CCore,CCore,CCore,CCore,CCore,CCore,CCore,CCore,,,,,,,,,,,,,,,,,,,,,
ENRG 322,CCore,CCore,CCore,CCore,CCore,CCore,CCore,CCore,CCore,CCore,CCore,CCore,CCore,CCore,CCore,CCore,CCore,CCore,CCore,CCore,CCore,CCore,CCore,CCore,CCore,CCore,CCore,CCore,CCore,CCore,CCore,CCore,CCore,CCore,CCore,CCore,CCore,CCore,CCore,CCore,CCore,CCore,CCore,CCore,CCore,CCore,CCore,CCore,CCore,CCore,CCore,CCore,CCore,CCore,CCore,CCore,CCore,CCore,CCore,CCore,CCore,CCore,CCore,CCore,CCore,CCore,CCore,CCore,CCore,CCore,CCore,CCore,CCore,CCore,CCore,CCore,CCore,CCore,CCore,CCore,CCore,CCore
ENRG 401,CCore,CCore,CCore,CCore,CCore,CCore,CCore,CCore,CCore,CCore,CCore,CCore,CCore,CCore,CCore,CCore,CCore,CCore,CCore,CCore,CCore,CCore,CCore,CCore,CCore,CCore,CCore,CCore,CCore,CCore,CCore,CCore,CCore,CCore,CCore,CCore,CCore,CCore,CCore,CCore,CCore,CCore,CCore,CCore,CCore,CCore,CCore,CCore,CCore,CCore,CCore,CCore,CCore,CCore,CCore,CCore,CCore,CCore,CCore,CCore,CCore,CCore,CCore,CCore,CCore,CCore,CCore,CCore,CCore,CCore,CCore,CCore,CCore,CCore,CCore,CCore,CCore,CCore,CCore,CCore,CCore,CCore
ENRG 420,CCore,CCore,CCore,CCore,CCore,CCore,CCore,CCore,CCore,CCore,CCore,CCore,CCore,CCore,CCore,CCore,CCore,CCore,CCore,CCore,CCore,CCore,CCore,CCore,CCore,CCore,CCore,CCore,CCore,CCore,CCore,CCore,CCore,CCore,CCore,CCore,CCore,CCore,CCore,CCore,CCore,CCore,CCore,CCore,CCore,CCore,CCore,CCore,CCore,CCore,CCore,CCore,CCore,CCore,CCore,CCore,CCore,CCore,CCore,CCore,CCore,CCore,CCore,CCore,CCore,CCore,CCore,CCore,CCore,CCore,CCore,CCore,CCore,CCore,CCore,CCore,CCore,CCore,CCore,CCore,CCore,CCore
ENRG 422,CCore,CCore,CCore,CCore,CCore,CCore,CCore,CCore,CCore,CCore,CCore,CCore,CCore,CCore,CCore,CCore,CCore,CCore,CCore,CCore,CCore,CCore,CCore,CCore,CCore,CCore,CCore,CCore,CCore,CCore,CCore,CCore,CCore,CCore,CCore,CCore,CCore,CCore,CCore,CCore,CCore,CCore,CCore,CCore,CCore,CCore,CCore,CCore,CCore,CCore,CCore,CCore,CCore,CCore,CCore,CCore,CCore,CCore,CCore,CCore,CCore,CCore,CCore,CCore,CCore,CCore,CCore,CCore,CCore,CCore,CCore,CCore,CCore,CCore,CCore,,,,,,,
ENRG 423,CCore,CCore,CCore,CCore,CCore,CCore,CCore,CCore,CCore,CCore,CCore,CCore,CCore,CCore,CCore,CCore,CCore,CCore,CCore,CCore,CCore,CCore,CCore,CCore,CCore,CCore,CCore,CCore,CCore,CCore,CCore,CCore,CCore,CCore,CCore,CCore,CCore,CCore,CCore,CCore,CCore,CCore,CCore,CCore,CCore,CCore,CCore,CCore,CCore,CCore,CCore,CCore,CCore,CCore,CCore,CCore,CCore,CCore,CCore,CCore,CCore,CCore,CCore,CCore,CCore,CCore,CCore,CCore,CCore,CCore,CCore,CCore,CCore,CCore,CCore,CCore,CCore,CCore,CCore,CCore,CCore,CCore
ENS 202,CCore,CCore,CCore,CCore,CCore,CCore,CCore,CCore,CCore,CCore,CCore,CCore,CCore,CCore,CCore,CCore,CCore,CCore,CCore,CCore,CCore,CCore,CCore,CCore,CCore,CCore,CCore,CCore,CCore,CCore,CCore,CCore,CCore,CCore,CCore,CCore,CCore,CCore,CCore,CCore,CCore,CCore,CCore,CCore,CCore,CCore,CCore,CCore,CCore,CCore,CCore,CCore,CCore,CCore,CCore,CCore,CCore,CCore,CCore,CCore,CCore,CCore,CCore,CCore,CCore,CCore,CCore,CCore,CCore,CCore,CCore,CCore,CCore,CCore,CCore,CCore,CCore,CCore,CCore,CCore,CCore,CCore
ENS 207,CCore,CCore,CCore,CCore,CCore,CCore,CCore,CCore,CCore,CCore,CCore,CCore,CCore,CCore,CCore,CCore,CCore,CCore,CCore,CCore,CCore,CCore,CCore,CCore,CCore,CCore,CCore,CCore,CCore,CCore,CCore,CCore,CCore,CCore,CCore,CCore,CCore,CCore,CCore,CCore,CCore,CCore,CCore,CCore,CCore,CCore,CCore,CCore,CCore,CCore,CCore,CCore,CCore,CCore,CCore,CCore,CCore,CCore,CCore,CCore,CCore,CCore,CCore,CCore,CCore,CCore,CCore,CCore,CCore,CCore,CCore,CCore,CCore,CCore,CCore,CCore,CCore,CCore,CCore,CCore,CCore,CCore
ENS 315,CCore,CCore,CCore,CCore,CCore,CCore,CCore,CCore,CCore,CCore,CCore,CCore,CCore,CCore,CCore,CCore,CCore,CCore,CCore,CCore,CCore,CCore,CCore,CCore,CCore,CCore,CCore,CCore,CCore,CCore,CCore,CCore,CCore,CCore,CCore,CCore,CCore,CCore,CCore,CCore,CCore,CCore,CCore,CCore,CCore,CCore,CCore,CCore,CCore,CCore,CCore,CCore,CCore,CCore,CCore,CCore,CCore,CCore,CCore,CCore,CCore,CCore,CCore,CCore,CCore,CCore,CCore,CCore,CCore,CCore,CCore,CCore,,,,,,,,,,
ENS 480,CCore,CCore,CCore,CCore,CCore,CCore,CCore,CCore,CCore,CCore,CCore,CCore,CCore,CCore,CCore,CCore,CCore,CCore,CCore,CCore,CCore,CCore,CCore,CCore,CCore,CCore,CCore,CCore,CCore,CCore,CCore,CCore,CCore,CCore,CCore,CCore,CCore,CCore,CCore,CCore,CCore,CCore,CCore,CCore,CCore,CCore,CCore,CCore,CCore,CCore,CCore,,,,,,,,,,,,,,,,,,,,,,,,,,,,,,,
IF 401,CCore,CCore,CCore,CCore,CCore,CCore,CCore,CCore,CCore,CCore,CCore,CCore,CCore,CCore,CCore,CCore,CCore,CCore,CCore,CCore,CCore,CCore,CCore,CCore,CCore,CCore,CCore,CCore,CCore,CCore,CCore,CCore,CCore,CCore,CCore,CCore,CCore,CCore,CCore,CCore,CCore,CCore,CCore,CCore,CCore,CCore,CCore,CCore,CCore,CCore,CCore,CCore,CCore,CCore,CCore,CCore,CCore,CCore,CCore,CCore,CCore,CCore,CCore,CCore,CCore,CCore,CCore,CCore,CCore,CCore,CCore,CCore,,,,,,,,,,
IR 404,CCore,CCore,CCore,CCore,CCore,CCore,CCore,CCore,CCore,CCore,CCore,CCore,CCore,CCore,CCore,CCore,CCore,CCore,CCore,CCore,CCore,CCore,CCore,CCore,CCore,CCore,CCore,CCore,CCore,CCore,CCore,CCore,CCore,CCore,CCore,CCore,CCore,CCore,CCore,CCore,CCore,CCore,CCore,CCore,CCore,CCore,CCore,CCore,CCore,CCore,CCore,CCore,CCore,CCore,CCore,CCore,CCore,CCore,CCore,CCore,,,,,,,,,,,,,,,,,,,,,,
MAT 204,CCore,CCore,CCore,CCore,CCore,CCore,CCore,CCore,CCore,CCore,CCore,CCore,CCore,CCore,CCore,CCore,CCore,CCore,CCore,CCore,CCore,CCore,CCore,CCore,CCore,CCore,CCore,CCore,CCore,CCore,CCore,CCore,CCore,CCore,CCore,CCore,CCore,CCore,CCore,CCore,CCore,CCore,CCore,CCore,CCore,CCore,CCore,CCore,CCore,CCore,CCore,CCore,CCore,CCore,CCore,CCore,CCore,CCore,CCore,CCore,CCore,CCore,CCore,CCore,CCore,CCore,CCore,CCore,CCore,CCore,CCore,CCore,CCore,CCore,CCore,CCore,CCore,CCore,CCore,CCore,CCore,CCore
MAT 309,CCore,CCore,CCore,CCore,CCore,CCore,CCore,CCore,CCore,CCore,CCore,CCore,CCore,CCore,CCore,CCore,CCore,CCore,CCore,CCore,CCore,CCore,CCore,CCore,CCore,CCore,CCore,CCore,CCore,CCore,CCore,CCore,CCore,CCore,CCore,CCore,CCore,CCore,CCore,CCore,CCore,CCore,CCore,CCore,CCore,CCore,CCore,CCore,CCore,CCore,CCore,CCore,CCore,CCore,CCore,CCore,CCore,CCore,CCore,CCore,CCore,CCore,CCore,CCore,CCore,CCore,CCore,CCore,CCore,CCore,CCore,CCore,CCore,CCore,CCore,CCore,CCore,CCore,CCore,CCore,CCore,CCore
ME 305,CCore,CCore,CCore,CCore,CCore,CCore,CCore,CCore,CCore,CCore,CCore,CCore,CCore,CCore,CCore,CCore,CCore,CCore,CCore,CCore,CCore,CCore,CCore,CCore,CCore,CCore,CCore,CCore,CCore,CCore,CCore,CCore,CCore,CCore,CCore,CCore,CCore,CCore,CCore,CCore,CCore,CCore,CCore,CCore,CCore,CCore,CCore,CCore,CCore,CCore,CCore,CCore,CCore,CCore,CCore,CCore,CCore,CCore,CCore,CCore,CCore,CCore,CCore,CCore,CCore,CCore,CCore,CCore,CCore,CCore,CCore,CCore,CCore,CCore,CCore,CCore,CCore,CCore,CCore,CCore,CCore,CCore
ME 307,CCore,CCore,CCore,CCore,CCore,CCore,CCore,CCore,CCore,CCore,CCore,CCore,CCore,CCore,CCore,CCore,CCore,CCore,CCore,CCore,CCore,CCore,CCore,CCore,CCore,CCore,CCore,CCore,CCore,CCore,CCore,CCore,CCore,CCore,CCore,CCore,CCore,CCore,CCore,CCore,CCore,CCore,CCore,CCore,CCore,CCore,CCore,CCore,CCore,CCore,CCore,CCore,CCore,CCore,CCore,CCore,CCore,CCore,CCore,CCore,CCore,CCore,CCore,CCore,CCore,CCore,CCore,CCore,CCore,CCore,CCore,CCore,CCore,CCore,CCore,CCore,CCore,CCore,CCore,CCore,CCore,CCore
ME 309,CCore,CCore,CCore,CCore,CCore,CCore,CCore,CCore,CCore,CCore,CCore,CCore,CCore,CCore,CCore,CCore,CCore,CCore,CCore,CCore,CCore,CCore,CCore,CCore,CCore,CCore,CCore,CCore,CCore,CCore,CCore,CCore,CCore,CCore,CCore,CCore,CCore,CCore,CCore,CCore,CCore,CCore,CCore,CCore,CCore,CCore,CCore,CCore,CCore,CCore,CCore,CCore,CCore,CCore,CCore,CCore,CCore,CCore,CCore,CCore,CCore,CCore,CCore,CCore,CCore,CCore,CCore,CCore,CCore,CCore,CCore,CCore,CCore,CCore,CCore,CCore,CCore,CCore,CCore,CCore,CCore,CCore
ME 420,CCore,CCore,CCore,CCore,CCore,CCore,CCore,CCore,CCore,CCore,CCore,CCore,CCore,CCore,CCore,CCore,CCore,CCore,CCore,CCore,CCore,CCore,CCore,CCore,CCore,CCore,CCore,CCore,CCore,CCore,CCore,CCore,CCore,CCore,CCore,CCore,CCore,CCore,CCore,CCore,CCore,CCore,CCore,CCore,CCore,CCore,CCore,CCore,CCore,CCore,CCore,CCore,CCore,CCore,CCore,CCore,CCore,CCore,CCore,CCore,CCore,CCore,CCore,CCore,CCore,CCore,CCore,CCore,CCore,CCore,CCore,CCore,CCore,CCore,CCore,CCore,CCore,CCore,CCore,CCore,CCore,CCore
ME 441,CCore,CCore,CCore,CCore,CCore,CCore,CCore,CCore,CCore,CCore,CCore,CCore,CCore,CCore,CCore,CCore,CCore,CCore,CCore,CCore,CCore,CCore,CCore,CCore,CCore,CCore,CCore,CCore,CCore,CCore,CCore,CCore,CCore,CCore,CCore,CCore,CCore,CCore,CCore,CCore,CCore,CCore,CCore,CCore,CCore,CCore,CCore,CCore,CCore,CCore,CCore,CCore,CCore,CCore,CCore,CCore,CCore,CCore,CCore,CCore,CCore,CCore,CCore,CCore,CCore,CCore,CCore,CCore,CCore,CCore,CCore,CCore,CCore,CCore,CCore,CCore,CCore,CCore,CCore,CCore,CCore,CCore
NS 220,CCore,CCore,CCore,CCore,CCore,CCore,CCore,CCore,CCore,CCore,CCore,CCore,CCore,CCore,CCore,CCore,CCore,CCore,CCore,CCore,CCore,CCore,CCore,CCore,CCore,CCore,CCore,CCore,CCore,CCore,CCore,CCore,CCore,CCore,CCore,CCore,CCore,CCore,CCore,CCore,CCore,CCore,CCore,CCore,CCore,CCore,CCore,CCore,CCore,CCore,CCore,CCore,CCore,CCore,CCore,CCore,CCore,CCore,CCore,CCore,CCore,CCore,CCore,CCore,CCore,CCore,CCore,CCore,CCore,CCore,CCore,CCore,,,,,,,,,,
SPS 374,CCore,CCore,CCore,CCore,CCore,CCore,CCore,CCore,CCore,CCore,CCore,CCore,CCore,CCore,CCore,CCore,CCore,CCore,CCore,CCore,CCore,CCore,CCore,CCore,CCore,CCore,CCore,CCore,CCore,CCore,CCore,CCore,CCore,CCore,CCore,CCore,CCore,CCore,CCore,CCore,CCore,CCore,CCore,CCore,CCore,CCore,CCore,CCore,CCore,CCore,CCore,CCore,CCore,CCore,CCore,CCore,CCore,CCore,CCore,CCore,CCore,CCore,CCore,CCore,CCore,CCore,CCore,CCore,CCore,CCore,CCore,CCore,CCore,CCore,CCore,CCore,CCore,CCore,CCore,CCore,CCore,CCore
SPS 384,CCore,CCore,CCore,CCore,CCore,CCore,CCore,CCore,CCore,CCore,CCore,CCore,CCore,CCore,CCore,CCore,CCore,CCore,CCore,CCore,CCore,CCore,CCore,CCore,CCore,CCore,CCore,CCore,CCore,CCore,CCore,CCore,CCore,CCore,CCore,CCore,CCore,CCore,CCore,CCore,CCore,CCore,CCore,CCore,CCore,CCore,CCore,CCore,CCore,CCore,CCore,CCore,CCore,CCore,CCore,CCore,CCore,CCore,CCore,CCore,CCore,CCore,CCore,CCore,CCore,CCore,CCore,CCore,CCore,CCore,CCore,CCore,CCore,CCore,CCore,CCore,CCore,CCore,CCore,CCore,CCore,CCore
ECON 320,AArea,AArea,AArea,AArea,AArea,AArea,AArea,AArea,AArea,AArea,AArea,AArea,AArea,AArea,AArea,AArea,AArea,AArea,AArea,AArea,AArea,AArea,AArea,AArea,AArea,AArea,AArea,AArea,AArea,AArea,AArea,AArea,AArea,AArea,AArea,AArea,AArea,AArea,AArea,AArea,AArea,AArea,AArea,AArea,AArea,AArea,AArea,AArea,AArea,AArea,AArea,AArea,AArea,AArea,AArea,AArea,AArea,AArea,AArea,AArea,AArea,AArea,AArea,AArea,AArea,AArea,AArea,AArea,AArea,AArea,AArea,AArea,AArea,AArea,AArea,AArea,AArea,AArea,AArea,AArea,AArea,AArea
ECON 330,AArea,AArea,AArea,AArea,AArea,AArea,AArea,AArea,AArea,AArea,AArea,AArea,AArea,AArea,AArea,AArea,AArea,AArea,AArea,AArea,AArea,AArea,AArea,AArea,AArea,AArea,AArea,AArea,AArea,AArea,AArea,AArea,AArea,AArea,AArea,AArea,AArea,AArea,AArea,AArea,AArea,AArea,AArea,AArea,AArea,AArea,AArea,AArea,AArea,AArea,AArea,AArea,AArea,AArea,AArea,AArea,AArea,AArea,AArea,AArea,AArea,AArea,AArea,AArea,AArea,AArea,AArea,AArea,AArea,AArea,AArea,AArea,AArea,AArea,AArea,AArea,AArea,AArea,AArea,AArea,AArea,AArea
ECON 340,AArea,AArea,AArea,AArea,AArea,AArea,AArea,AArea,AArea,AArea,AArea,AArea,AArea,AArea,AArea,AArea,AArea,AArea,AArea,AArea,AArea,AArea,AArea,AArea,AArea,AArea,AArea,AArea,AArea,AArea,AArea,AArea,AArea,AArea,AArea,AArea,AArea,AArea,AArea,AArea,AArea,AArea,AArea,AArea,AArea,AArea,AArea,AArea,AArea,AArea,AArea,AArea,AArea,AArea,AArea,AArea,AArea,AArea,AArea,AArea,AArea,AArea,AArea,AArea,AArea,AArea,AArea,AArea,AArea,AArea,AArea,AArea,AArea,AArea,AArea,AArea,AArea,AArea,AArea,AArea,AArea,AArea
ENRG 424,AArea,AArea,AArea,AArea,AArea,AArea,AArea,AArea,AArea,AArea,AArea,AArea,AArea,AArea,AArea,AArea,AArea,AArea,AArea,AArea,AArea,AArea,AArea,AArea,AArea,AArea,AArea,AArea,AArea,AArea,AArea,AArea,AArea,AArea,AArea,AArea,AArea,AArea,AArea,AArea,AArea,AArea,AArea,AArea,AArea,AArea,AArea,AArea,AArea,AArea,AArea,AArea,AArea,AArea,AArea,AArea,AArea,AArea,AArea,AArea,AArea,AArea,AArea,AArea,AArea,AArea,AArea,AArea,AArea,AArea,AArea,AArea,AArea,AArea,AArea,AArea,AArea,AArea,AArea,AArea,AArea,AArea
ENRG 426,AArea,AArea,AArea,AArea,AArea,AArea,AArea,AArea,AArea,AArea,AArea,AArea,AArea,AArea,AArea,AArea,AArea,AArea,AArea,AArea,AArea,AArea,AArea,AArea,AArea,AArea,AArea,AArea,AArea,AArea,AArea,AArea,AArea,AArea,AArea,AArea,AArea,AArea,AArea,AArea,AArea,AArea,AArea,AArea,AArea,AArea,AArea,AArea,AArea,AArea,AArea,AArea,AArea,AArea,AArea,AArea,AArea,AArea,AArea,AArea,AArea,AArea,AArea,AArea,AArea,AArea,AArea,AArea,AArea,AArea,AArea,AArea,AArea,AArea,AArea,AArea,AArea,AArea,AArea,AArea,AArea,AArea
ENS 301,AArea,AArea,AArea,AArea,AArea,AArea,AArea,AArea,AArea,AArea,AArea,AArea,AArea,AArea,AArea,AArea,AArea,AArea,AArea,AArea,AArea,AArea,AArea,AArea,AArea,AArea,AArea,AArea,AArea,AArea,AArea,AArea,AArea,AArea,AArea,AArea,AArea,AArea,AArea,AArea,AArea,AArea,AArea,AArea,AArea,AArea,AArea,AArea,AArea,AArea,AArea,AArea,AArea,AArea,AArea,AArea,AArea,AArea,AArea,AArea,AArea,AArea,AArea,AArea,AArea,AArea,AArea,AArea,AArea,AArea,AArea,AArea,,,,,,,,,,
IF 201,AArea,AArea,AArea,AArea,AArea,AArea,AArea,AArea,AArea,AArea,AArea,AArea,AArea,AArea,AArea,AArea,AArea,AArea,AArea,AArea,AArea,AArea,AArea,AArea,AArea,AArea,AArea,AArea,AArea,AArea,AArea,AArea,AArea,AArea,AArea,AArea,AArea,AArea,AArea,AArea,AArea,AArea,AArea,AArea,AArea,AArea,AArea,AArea,AArea,AArea,AArea,AArea,AArea,AArea,AArea,AArea,AArea,AArea,AArea,AArea,AArea,AArea,AArea,AArea,AArea,AArea,AArea,AArea,AArea,AArea,AArea,AArea,AArea,AArea,AArea,AArea,AArea,AArea,AArea,AArea,AArea,AArea
IR 391,AArea,AArea,AArea,AArea,AArea,AArea,AArea,AArea,AArea,AArea,AArea,AArea,AArea,AArea,AArea,AArea,AArea,AArea,AArea,AArea,AArea,AArea,AArea,AArea,AArea,AArea,AArea,AArea,AArea,AArea,AArea,AArea,AArea,AArea,AArea,AArea,AArea,AArea,AArea,AArea,AArea,AArea,AArea,AArea,AArea,AArea,AArea,AArea,AArea,AArea,AArea,AArea,AArea,AArea,AArea,AArea,AArea,AArea,AArea,AArea,AArea,AArea,AArea,AArea,AArea,AArea,AArea,AArea,AArea,AArea,AArea,AArea,AArea,AArea,AArea,AArea,AArea,AArea,AArea,AArea,AArea,AArea
IR 493,AArea,AArea,AArea,AArea,AArea,AArea,AArea,AArea,AArea,AArea,AArea,AArea,AArea,AArea,AArea,AArea,AArea,AArea,AArea,AArea,AArea,AArea,AArea,AArea,AArea,AArea,AArea,AArea,AArea,AArea,AArea,AArea,AArea,AArea,AArea,AArea,AArea,AArea,AArea,AArea,AArea,AArea,AArea,AArea,AArea,AArea,AArea,AArea,AArea,AArea,AArea,AArea,AArea,AArea,AArea,AArea,AArea,AArea,AArea,AArea,AArea,AArea,AArea,,,,,,,,,,,,,,,,,,,
MAT 307,AArea,AArea,AArea,AArea,AArea,AArea,AArea,AArea,AArea,AArea,AArea,AArea,AArea,AArea,AArea,AArea,AArea,AArea,AArea,AArea,AArea,AArea,AArea,AArea,AArea,AArea,AArea,AArea,AArea,AArea,AArea,AArea,AArea,AArea,AArea,AArea,AArea,AArea,AArea,AArea,AArea,AArea,AArea,AArea,AArea,AArea,AArea,AArea,AArea,AArea,AArea,AArea,AArea,AArea,AArea,AArea,AArea,AArea,AArea,AArea,AArea,AArea,AArea,AArea,AArea,AArea,AArea,AArea,AArea,AArea,AArea,AArea,AArea,AArea,AArea,AArea,AArea,AArea,AArea,AArea,AArea,AArea
MAT 312,AArea,AArea,AArea,AArea,AArea,AArea,AArea,AArea,AArea,AArea,AArea,AArea,AArea,AArea,AArea,AArea,AArea,AArea,AArea,AArea,AArea,AArea,AArea,AArea,AArea,AArea,AArea,AArea,AArea,AArea,AArea,AArea,AArea,AArea,AArea,AArea,AArea,AArea,AArea,AArea,AArea,AArea,AArea,AArea,AArea,AArea,AArea,AArea,AArea,AArea,AArea,AArea,AArea,AArea,AArea,AArea,AArea,AArea,AArea,AArea,AArea,AArea,AArea,AArea,AArea,AArea,AArea,AArea,AArea,AArea,AArea,AArea,AArea,AArea,AArea,AArea,AArea,AArea,AArea,AArea,AArea,AArea
ME 301,AArea,AArea,AArea,AArea,AArea,AArea,AArea,AArea,AArea,AArea,AArea,AArea,AArea,AArea,AArea,AArea,AArea,AArea,AArea,AArea,AArea,AArea,AArea,AArea,AArea,AArea,AArea,AArea,AArea,AArea,AArea,AArea,AArea,AArea,AArea,AArea,AArea,AArea,AArea,AArea,AArea,AArea,AArea,AArea,AArea,AArea,AArea,AArea,AArea,AArea,AArea,AArea,AArea,AArea,AArea,AArea,AArea,AArea,AArea,AArea,AArea,AArea,AArea,AArea,AArea,AArea,AArea,AArea,AArea,AArea,AArea,AArea,AArea,AArea,AArea,AArea,AArea,AArea,AArea,AArea,AArea,AArea
MGMT 401,AArea,AArea,AArea,AArea,AArea,AArea,AArea,AArea,AArea,AArea,AArea,AArea,AArea,AArea,AArea,AArea,AArea,AArea,AArea,AArea,AArea,AArea,AArea,AArea,AArea,AArea,AArea,AArea,AArea,AArea,AArea,AArea,AArea,AArea,AArea,AArea,AArea,AArea,AArea,AArea,AArea,AArea,AArea,AArea,AArea,AArea,AArea,AArea,AArea,AArea,AArea,AArea,AArea,AArea,AArea,AArea,AArea,AArea,AArea,AArea,AArea,AArea,AArea,AArea,AArea,AArea,AArea,AArea,AArea,AArea,AArea,AArea,AArea,AArea,AArea,AArea,AArea,AArea,AArea,AArea,AArea,AArea
MGMT 402,AArea,AArea,AArea,AArea,AArea,AArea,AArea,AArea,AArea,AArea,AArea,AArea,AArea,AArea,AArea,AArea,AArea,AArea,AArea,AArea,AArea,AArea,AArea,AArea,AArea,AArea,AArea,AArea,AArea,AArea,AArea,AArea,AArea,AArea,AArea,AArea,AArea,AArea,AArea,AArea,AArea,AArea,AArea,AArea,AArea,AArea,AArea,AArea,AArea,AArea,AArea,AArea,AArea,AArea,AArea,AArea,AArea,AArea,AArea,AArea,AArea,AArea,AArea,AArea,AArea,AArea,AArea,AArea,AArea,AArea,AArea,AArea,AArea,AArea,AArea,AArea,AArea,AArea,AArea,AArea,AArea,AArea
MGMT 403,AArea,AArea,AArea,AArea,AArea,AArea,AArea,AArea,AArea,AArea,AArea,AArea,AArea,AArea,AArea,AArea,AArea,AArea,AArea,AArea,AArea,AArea,AArea,AArea,AArea,AArea,AArea,AArea,AArea,AArea,AArea,AArea,AArea,AArea,AArea,AArea,AArea,AArea,AArea,AArea,AArea,AArea,AArea,AArea,AArea,AArea,AArea,AArea,AArea,AArea,AArea,AArea,AArea,AArea,AArea,AArea,AArea,AArea,AArea,AArea,AArea,AArea,AArea,AArea,AArea,AArea,AArea,AArea,AArea,AArea,AArea,AArea,AArea,AArea,AArea,AArea,AArea,AArea,AArea,AArea,AArea,AArea
MGMT 415,AArea,AArea,AArea,AArea,AArea,AArea,AArea,AArea,AArea,AArea,AArea,AArea,AArea,AArea,AArea,AArea,AArea,AArea,AArea,AArea,AArea,AArea,AArea,AArea,AArea,AArea,AArea,AArea,AArea,AArea,AArea,AArea,AArea,AArea,AArea,AArea,AArea,AArea,AArea,AArea,AArea,AArea,AArea,AArea,AArea,AArea,AArea,AArea,AArea,AArea,AArea,AArea,AArea,AArea,AArea,AArea,AArea,AArea,AArea,AArea,AArea,AArea,AArea,AArea,AArea,AArea,AArea,AArea,AArea,AArea,AArea,AArea,AArea,AArea,AArea,AArea,AArea,AArea,AArea,AArea,AArea,AArea
MKTG 401,AArea,AArea,AArea,AArea,AArea,AArea,AArea,AArea,AArea,AArea,AArea,AArea,AArea,AArea,AArea,AArea,AArea,AArea,AArea,AArea,AArea,AArea,AArea,AArea,AArea,AArea,AArea,AArea,AArea,AArea,AArea,AArea,AArea,AArea,AArea,AArea,AArea,AArea,AArea,AArea,AArea,AArea,AArea,AArea,AArea,AArea,AArea,AArea,AArea,AArea,AArea,AArea,AArea,AArea,AArea,AArea,AArea,AArea,AArea,AArea,AArea,AArea,AArea,AArea,AArea,AArea,AArea,AArea,AArea,AArea,AArea,AArea,AArea,AArea,AArea,AArea,AArea,AArea,AArea,AArea,AArea,AArea
MS 303,AArea,AArea,AArea,AArea,AArea,AArea,AArea,AArea,AArea,AArea,AArea,AArea,AArea,AArea,AArea,AArea,AArea,AArea,AArea,AArea,AArea,AArea,AArea,AArea,AArea,AArea,AArea,AArea,AArea,AArea,AArea,AArea,AArea,AArea,AArea,AArea,AArea,AArea,AArea,AArea,AArea,AArea,AArea,AArea,AArea,AArea,AArea,AArea,,,,,,,,,,,,,,,,,,,,,,,,,,,,,,,,,,
MS 309,AArea,AArea,AArea,AArea,AArea,AArea,AArea,AArea,AArea,AArea,AArea,AArea,AArea,AArea,AArea,AArea,AArea,AArea,AArea,AArea,AArea,AArea,AArea,AArea,AArea,AArea,AArea,AArea,AArea,AArea,AArea,AArea,AArea,AArea,AArea,AArea,AArea,AArea,AArea,AArea,AArea,AArea,AArea,AArea,AArea,AArea,AArea,AArea,,,,,,,,,,,,,,,,,,,,,,,,,,,,,,,,,,
MS 402,AArea,AArea,AArea,AArea,AArea,AArea,AArea,AArea,AArea,AArea,AArea,AArea,AArea,AArea,AArea,AArea,AArea,AArea,AArea,AArea,AArea,AArea,AArea,AArea,AArea,AArea,AArea,AArea,AArea,AArea,AArea,AArea,AArea,AArea,AArea,AArea,AArea,AArea,AArea,AArea,AArea,AArea,AArea,AArea,AArea,AArea,AArea,AArea,,,,,,,,,,,,,,,,,,,,,,,,,,,,,,,,,,
MS 405,AArea,AArea,AArea,AArea,AArea,AArea,AArea,AArea,AArea,AArea,AArea,AArea,AArea,AArea,AArea,AArea,AArea,AArea,AArea,AArea,AArea,AArea,AArea,AArea,AArea,AArea,AArea,AArea,AArea,AArea,AArea,AArea,AArea,AArea,AArea,AArea,AArea,AArea,AArea,AArea,AArea,AArea,AArea,AArea,AArea,AArea,AArea,AArea,,,,,,,,,,,,,,,,,,,,,,,,,,,,,,,,,,
MS 409,AArea,AArea,AArea,AArea,AArea,AArea,AArea,AArea,AArea,AArea,AArea,AArea,AArea,AArea,AArea,AArea,AArea,AArea,AArea,AArea,AArea,AArea,AArea,AArea,AArea,AArea,AArea,AArea,AArea,AArea,AArea,AArea,AArea,AArea,AArea,AArea,AArea,AArea,AArea,AArea,AArea,AArea,AArea,AArea,AArea,AArea,AArea,AArea,,,,,,,,,,,,,,,,,,,,,,,,,,,,,,,,,,
NS 223,AArea,AArea,AArea,AArea,AArea,AArea,AArea,AArea,AArea,AArea,AArea,AArea,AArea,AArea,AArea,AArea,AArea,AArea,AArea,AArea,AArea,AArea,AArea,AArea,AArea,AArea,AArea,AArea,AArea,AArea,AArea,AArea,AArea,AArea,AArea,AArea,AArea,AArea,AArea,,,,,,,,,,,,,,,,,,,,,,,,,,,,,,,,,,,,,,,,,,,
OPIM 409,AArea,AArea,AArea,AArea,AArea,AArea,AArea,AArea,AArea,AArea,AArea,AArea,AArea,AArea,AArea,AArea,AArea,AArea,AArea,AArea,AArea,AArea,AArea,AArea,AArea,AArea,AArea,AArea,AArea,AArea,AArea,AArea,AArea,AArea,AArea,AArea,AArea,AArea,AArea,AArea,AArea,AArea,AArea,AArea,AArea,AArea,AArea,AArea,AArea,AArea,AArea,AArea,AArea,AArea,AArea,AArea,AArea,AArea,AArea,AArea,AArea,AArea,AArea,AArea,AArea,AArea,AArea,AArea,AArea,AArea,AArea,AArea,AArea,AArea,AArea,AArea,AArea,AArea,AArea,AArea,AArea,AArea
POLS 307,AArea,AArea,AArea,AArea,AArea,AArea,AArea,AArea,AArea,AArea,AArea,AArea,AArea,AArea,AArea,AArea,AArea,AArea,AArea,AArea,AArea,AArea,AArea,AArea,AArea,AArea,AArea,AArea,AArea,AArea,AArea,AArea,AArea,AArea,AArea,AArea,AArea,AArea,AArea,AArea,AArea,AArea,AArea,AArea,AArea,AArea,AArea,AArea,AArea,AArea,AArea,AArea,AArea,AArea,AArea,AArea,AArea,AArea,AArea,AArea,AArea,AArea,AArea,AArea,AArea,AArea,AArea,AArea,AArea,AArea,AArea,AArea,AArea,AArea,AArea,AArea,AArea,AArea,AArea,AArea,AArea,AArea
POLS 431,AArea,AArea,AArea,AArea,AArea,AArea,AArea,AArea,AArea,AArea,AArea,AArea,AArea,AArea,AArea,AArea,AArea,AArea,AArea,AArea,AArea,AArea,AArea,AArea,AArea,AArea,AArea,AArea,AArea,AArea,AArea,AArea,AArea,AArea,AArea,AArea,AArea,AArea,AArea,AArea,AArea,AArea,AArea,AArea,AArea,AArea,AArea,AArea,AArea,AArea,AArea,AArea,AArea,AArea,AArea,AArea,AArea,AArea,AArea,AArea,AArea,AArea,AArea,,,,,,,,,,,,,,,,,,,
IE 303,,,,,,,,,,,,,,,,,,,,,,,,,,,,,,,,,,,,,,,,,,,,,,,,,AArea,AArea,AArea,AArea,AArea,AArea,AArea,AArea,AArea,AArea,AArea,AArea,AArea,AArea,AArea,AArea,AArea,AArea,AArea,AArea,AArea,AArea,AArea,AArea,AArea,AArea,AArea,AArea,AArea,AArea,AArea,AArea,AArea,AArea
IE 309,,,,,,,,,,,,,,,,,,,,,,,,,,,,,,,,,,,,,,,,,,,,,,,,,AArea,AArea,AArea,AArea,AArea,AArea,AArea,AArea,AArea,AArea,AArea,AArea,AArea,AArea,AArea,AArea,AArea,AArea,AArea,AArea,AArea,AArea,AArea,AArea,AArea,AArea,AArea,AArea,AArea,AArea,AArea,AArea,AArea,AArea
IE 402,,,,,,,,,,,,,,,,,,,,,,,,,,,,,,,,,,,,,,,,,,,,,,,,,AArea,AArea,AArea,AArea,AArea,AArea,AArea,AArea,AArea,AArea,AArea,AArea,AArea,AArea,AArea,AArea,AArea,AArea,AArea,AArea,AArea,AArea,AArea,AArea,AArea,AArea,AArea,AArea,AArea,AArea,AArea,AArea,AArea,AArea
IE 405,,,,,,,,,,,,,,,,,,,,,,,,,,,,,,,,,,,,,,,,,,,,,,,,,AArea,AArea,AArea,AArea,AArea,AArea,AArea,AArea,AArea,AArea,AArea,AArea,AArea,AArea,AArea,AArea,AArea,AArea,AArea,AArea,AArea,AArea,AArea,AArea,AArea,AArea,AArea,AArea,AArea,AArea,AArea,AArea,AArea,AArea
IE 409,,,,,,,,,,,,,,,,,,,,,,,,,,,,,,,,,,,,,,,,,,,,,,,,,AArea,AArea,AArea,AArea,AArea,AArea,AArea,AArea,AArea,AArea,AArea,AArea,AArea,AArea,AArea,AArea,AArea,AArea,AArea,AArea,AArea,AArea,AArea,AArea,AArea,AArea,AArea,AArea,AArea,AArea,AArea,AArea,AArea,AArea
ENRG 315,,,,,,,,,,,,,,,,,,,,,,,,,,,,,,,,,,,,,,,,,,,,,,,,,,,,,,,,,,,,,,,,,,,,,,,,,CCore,CCore,CCore,CCore,CCore,CCore,CCore,CCore,CCore,CCore