"International Studies Minor","199901","199902","199903","200001","200002","200003","200101","200102","200103","200201","200202","200203","200301","200302","200303","200401","200402","200403","200501","200502","200503","200601","200602","200603","200701","200702","200703","200801","200802","200803","200901","200902","200903","201001","201002","201003","201101","201102","201103","201201","201202","201203","201301","201302","201303","201401","201402","201403","201501","201502","201503","201601","201602","201603","201701","201702","201703","201801","201802","201803","201901","201902","201903","202001","202002","202003","202101","202102","202103","202201","202202","202203","202301","202302","202303","202401","202402","202403","202501","202502","202503","202601"
Requirement:credits,18,18,18,18,18,18,18,18,18,18,18,18,18,18,18,18,18,18,18,18,18,18,18,18,18,18,18,18,18,18,18,18,18,18,18,18,18,18,18,18,18,18,18,18,18,18,18,18,18,18,18,18,18,18,18,18,18,18,18,18,18,18,18,18,18,18,18,18,18,18,18,18,18,18,18,18,18,18,18,18,18,18
Requirement:courses,6,6,6,6,6,6,6,6,6,6,6,6,6,6,6,6,6,6,6,6,6,6,6,6,6,6,6,6,6,6,6,6,6,6,6,6,6,6,6,6,6,6,6,6,6,6,6,6,6,6,6,6,6,6,6,6,6,6,6,6,6,6,6,6,6,6,6,6,6,6,6,6,6,6,6,6,6,6,6,6,6,6
IR 201,RRequired,RRequired,RRequired,RRequired,RRequired,RRequired,RRequired,RRequired,RRequired,RRequired,RRequired,RRequired,RRequired,RRequired,RRequired,RRequired,RRequired,RRequired,RRequired,RRequired,RRequired,RRequired,RRequired,RRequired,RRequired,RRequired,RRequired,RRequired,RRequired,RRequired,RRequired,RRequired,RRequired,RRequired,RRequired,RRequired,RRequired,RRequired,RRequired,RRequired,RRequired,RRequired,RRequired,RRequired,RRequired,RRequired,RRequired,RRequired,RRequired,RRequired,RRequired,RRequired,RRequired,RRequired,RRequired,RRequired,RRequired,RRequired,RRequired,RRequired,RRequired,RRequired,RRequired,RRequired,RRequired,RRequired,RRequired,RRequired,RRequired,RRequired,RRequired,RRequired,RRequired,RRequired,RRequired,RRequired,RRequired,RRequired,RRequired,RRequired,RRequired,RRequired
IR 391,RRequired,RRequired,RRequired,RRequired,RRequired,RRequired,RRequired,RRequired,RRequired,RRequired,RRequired,RRequired,RRequired,RRequired,RRequired,RRequired,RRequired,RRequired,RRequired,RRequired,RRequired,RRequired,RRequired,RRequired,RRequired,RRequired,RRequired,RRequired,RRequired,RRequired,RRequired,RRequired,RRequired,RRequired,RRequired,RRequired,RRequired,RRequired,RRequired,RRequired,RRequired,RRequired,RRequired,RRequired,RRequired,RRequired,RRequired,RRequired,RRequired,RRequired,RRequired,RRequired,RRequired,RRequired,RRequired,RRequired,RRequired,RRequired,RRequired,RRequired,RRequired,RRequired,RRequired,RRequired,RRequired,RRequired,RRequired,RRequired,RRequired,RRequired,RRequired,RRequired,RRequired,RRequired,RRequired,RRequired,RRequired,RRequired,RRequired,RRequired,RRequired,RRequired
ECON 340,CCore,CCore,CCore,CCore,CCore,CCore,CCore,CCore,CCore,CCore,CCore,CCore,CCore,CCore,CCore,CCore,CCore,CCore,CCore,CCore,CCore,CCore,CCore,CCore,CCore,CCore,CCore,CCore,CCore,CCore,CCore,CCore,CCore,CCore,CCore,CCore,CCore,CCore,CCore,CCore,CCore,CCore,CCore,CCore,CCore,CCore,CCore,CCore,CCore,CCore,CCore,CCore,CCore,CCore,CCore,CCore,CCore,CCore,CCore,CCore,CCore,CCore,CCore,CCore,CCore,CCore,CCore,CCore,CCore,CCore,CCore,CCore,CCore,CCore,CCore,CCore,CCore,CCore,CCore,CCore,CCore,CCore
IR 342,CCore,CCore,CCore,CCore,CCore,CCore,CCore,CCore,CCore,CCore,CCore,CCore,CCore,CCore,CCore,CCore,CCore,CCore,CCore,CCore,CCore,CCore,CCore,CCore,CCore,CCore,CCore,CCore,CCore,CCore,CCore,CCore,CCore,CCore,CCore,CCore,CCore,CCore,CCore,CCore,CCore,CCore,CCore,CCore,CCore,CCore,CCore,CCore,CCore,CCore,CCore,CCore,CCore,CCore,CCore,CCore,CCore,CCore,CCore,CCore,CCore,CCore,CCore,CCore,CCore,CCore,CCore,CCore,CCore,CCore,CCore,CCore,CCore,CCore,CCore,CCore,CCore,CCore,CCore,CCore,CCore,CCore
IR 392,CCore,CCore,CCore,CCore,CCore,CCore,CCore,CCore,CCore,CCore,CCore,CCore,CCore,CCore,CCore,CCore,CCore,CCore,CCore,CCore,CCore,CCore,CCore,CCore,CCore,CCore,CCore,CCore,CCore,CCore,CCore,CCore,CCore,CCore,CCore,CCore,CCore,CCore,CCore,CCore,CCore,CCore,CCore,CCore,CCore,CCore,CCore,CCore,CCore,CCore,CCore,CCore,CCore,CCore,CCore,CCore,CCore,CCore,CCore,CCore,CCore,CCore,CCore,CCore,CCore,CCore,CCore,CCore,CCore,CCore,CCore,CCore,CCore,CCore,CCore,CCore,CCore,CCore,CCore,CCore,CCore,CCore
IR 394,CCore,CCore,CCore,CCore,CCore,CCore,CCore,CCore,CCore,CCore,CCore,CCore,CCore,CCore,CCore,CCore,CCore,CCore,CCore,CCore,CCore,CCore,CCore,CCore,CCore,CCore,CCore,CCore,CCore,CCore,CCore,CCore,CCore,CCore,CCore,CCore,CCore,CCore,CCore,CCore,CCore,CCore,CCore,CCore,CCore,CCore,CCore,CCore,CCore,CCore,CCore,CCore,CCore,CCore,CCore,CCore,CCore,CCore,CCore,CCore,CCore,CCore,CCore,CCore,CCore,CCore,CCore,CCore,CCore,CCore,CCore,CCore,CCore,CCore,CCore,CCore,CCore,CCore,CCore,CCore,CCore,CCore
IR 405,CCore,CCore,CCore,CCore,CCore,CCore,CCore,CCore,CCore,CCore,CCore,CCore,CCore,CCore,CCore,CCore,CCore,CCore,CCore,CCore,CCore,CCore,CCore,CCore,CCore,CCore,CCore,CCore,CCore,CCore,CCore,CCore,CCore,CCore,CCore,CCore,CCore,CCore,CCore,CCore,CCore,CCore,CCore,CCore,CCore,CCore,CCore,CCore,CCore,CCore,CCore,CCore,CCore,CCore,CCore,CCore,CCore,CCore,CCore,CCore,CCore,CCore,CCore,CCore,CCore,CCore,CCore,CCore,CCore,CCore,CCore,CCore,CCore,CCore,CCore,CCore,CCore,CCore,CCore,CCore,CCore,CCore
LAW 311,CCore,CCore,CCore,CCore,CCore,CCore,CCore,CCore,CCore,CCore,CCore,CCore,CCore,CCore,CCore,CCore,CCore,CCore,CCore,CCore,CCore,CCore,CCore,CCore,CCore,CCore,CCore,CCore,CCore,CCore,CCore,CCore,CCore,CCore,CCore,CCore,CCore,CCore,CCore,CCore,CCore,CCore,CCore,CCore,CCore,CCore,CCore,CCore,CCore,CCore,CCore,CCore,CCore,CCore,CCore,CCore,CCore,CCore,CCore,CCore,CCore,CCore,CCore,CCore,CCore,CCore,CCore,CCore,CCore,CCore,CCore,CCore,CCore,CCore,CCore,CCore,CCore,CCore,CCore,CCore,CCore,CCore
MGMT 413,CCore,CCore,CCore,CCore,CCore,CCore,CCore,CCore,CCore,CCore,CCore,CCore,CCore,CCore,CCore,CCore,CCore,CCore,CCore,CCore,CCore,CCore,CCore,CCore,CCore,CCore,CCore,CCore,CCore,CCore,CCore,CCore,CCore,CCore,CCore,CCore,CCore,CCore,CCore,CCore,CCore,CCore,CCore,CCore,CCore,CCore,CCore,CCore,CCore,CCore,CCore,CCore,CCore,CCore,CCore,CCore,CCore,CCore,CCore,CCore,CCore,CCore,CCore,CCore,CCore,CCore,CCore,CCore,CCore,CCore,CCore,CCore,CCore,CCore,CCore,CCore,CCore,CCore,CCore,CCore,CCore,CCore
SPS 384,CCore,CCore,CCore,CCore,CCore,CCore,CCore,CCore,CCore,CCore,CCore,CCore,CCore,CCore,CCore,CCore,CCore,CCore,CCore,CCore,CCore,CCore,CCore,CCore,CCore,CCore,CCore,CCore,CCore,CCore,CCore,CCore,CCore,CCore,CCore,CCore,CCore,CCore,CCore,CCore,CCore,CCore,CCore,CCore,CCore,CCore,CCore,CCore,CCore,CCore,CCore,CCore,CCore,CCore,CCore,CCore,CCore,CCore,CCore,CCore,CCore,CCore,CCore,CCore,CCore,CCore,CCore,CCore,CCore,CCore,CCore,CCore,CCore,CCore,CCore,CCore,CCore,CCore,CCore,CCore,CCore,CCore
ANTH 255,AArea,AArea,AArea,AArea,AArea,AArea,AArea,AArea,AArea,AArea,AArea,AArea,AArea,AArea,AArea,AArea,AArea,AArea,AArea,AArea,AArea,AArea,AArea,AArea,AArea,AArea,AArea,AArea,AArea,AArea,AArea,AArea,AArea,AArea,AArea,AArea,AArea,AArea,AArea,AArea,AArea,AArea,AArea,AArea,AArea,AArea,AArea,AArea,AArea,AArea,AArea,AArea,AArea,AArea,AArea,AArea,AArea,AArea,AArea,AArea,AArea,AArea,AArea,AArea,AArea,AArea,AArea,AArea,AArea,AArea,AArea,AArea,AArea,AArea,AArea,AArea,AArea,AArea,AArea,AArea,AArea,AArea
CONF 400,AArea,AArea,AArea,AArea,AArea,AArea,AArea,AArea,AArea,AArea,AArea,AArea,AArea,AArea,AArea,AArea,AArea,AArea,AArea,AArea,AArea,AArea,AArea,AArea,AArea,AArea,AArea,AArea,AArea,AArea,AArea,AArea,AArea,AArea,AArea,AArea,AArea,AArea,AArea,AArea,AArea,AArea,AArea,AArea,AArea,AArea,AArea,AArea,AArea,AArea,AArea,AArea,AArea,AArea,AArea,AArea,AArea,AArea,AArea,AArea,AArea,AArea,AArea,AArea,AArea,AArea,AArea,AArea,AArea,AArea,AArea,AArea,AArea,AArea,AArea,AArea,AArea,AArea,AArea,AArea,AArea,AArea
CULT 453,AArea,AArea,AArea,AArea,AArea,AArea,AArea,AArea,AArea,AArea,AArea,AArea,AArea,AArea,AArea,AArea,AArea,AArea,AArea,AArea,AArea,AArea,AArea,AArea,AArea,AArea,AArea,AArea,AArea,AArea,AArea,AArea,AArea,AArea,AArea,AArea,AArea,AArea,AArea,AArea,AArea,AArea,AArea,AArea,AArea,AArea,AArea,AArea,AArea,AArea,AArea,AArea,AArea,AArea,AArea,AArea,AArea,AArea,AArea,AArea,AArea,AArea,AArea,AArea,AArea,AArea,AArea,AArea,AArea,AArea,AArea,AArea,AArea,AArea,AArea,AArea,AArea,AArea,AArea,AArea,AArea,AArea
ECON 345,AArea,AArea,AArea,AArea,AArea,AArea,AArea,AArea,AArea,AArea,AArea,AArea,AArea,AArea,AArea,AArea,AArea,AArea,AArea,AArea,AArea,AArea,AArea,AArea,AArea,AArea,AArea,AArea,AArea,AArea,AArea,AArea,AArea,AArea,AArea,AArea,AArea,AArea,AArea,AArea,AArea,AArea,AArea,AArea,AArea,AArea,AArea,AArea,AArea,AArea,AArea,AArea,AArea,AArea,AArea,AArea,AArea,AArea,AArea,AArea,AArea,AArea,AArea,AArea,AArea,AArea,AArea,AArea,AArea,AArea,AArea,AArea,AArea,AArea,AArea,AArea,AArea,AArea,AArea,AArea,AArea,AArea
ECON 350,AArea,AArea,AArea,AArea,AArea,AArea,AArea,AArea,AArea,AArea,AArea,AArea,AArea,AArea,AArea,AArea,AArea,AArea,AArea,AArea,AArea,AArea,AArea,AArea,AArea,AArea,AArea,AArea,AArea,AArea,AArea,AArea,AArea,AArea,AArea,AArea,AArea,AArea,AArea,AArea,AArea,AArea,AArea,AArea,AArea,AArea,AArea,AArea,AArea,AArea,AArea,AArea,AArea,AArea,AArea,AArea,AArea,AArea,AArea,AArea,AArea,AArea,AArea,AArea,AArea,AArea,AArea,AArea,AArea,AArea,AArea,AArea,AArea,AArea,AArea,AArea,AArea,AArea,AArea,AArea,AArea,AArea
IR 301,AArea,AArea,AArea,AArea,AArea,AArea,AArea,AArea,AArea,AArea,AArea,AArea,AArea,AArea,AArea,AArea,AArea,AArea,AArea,AArea,AArea,AArea,AArea,AArea,AArea,AArea,AArea,AArea,AArea,AArea,AArea,AArea,AArea,AArea,AArea,AArea,AArea,AArea,AArea,AArea,AArea,AArea,AArea,AArea,AArea,AArea,AArea,AArea,AArea,AArea,AArea,AArea,AArea,AArea,AArea,AArea,AArea,AArea,AArea,AArea,AArea,AArea,AArea,AArea,AArea,AArea,AArea,AArea,AArea,AArea,AArea,AArea,AArea,AArea,AArea,AArea,AArea,AArea,AArea,AArea,AArea,AArea
IR 489,AArea,AArea,AArea,AArea,AArea,AArea,AArea,AArea,AArea,AArea,AArea,AArea,AArea,AArea,AArea,AArea,AArea,AArea,AArea,AArea,AArea,AArea,AArea,AArea,AArea,AArea,AArea,AArea,AArea,AArea,AArea,AArea,AArea,AArea,AArea,AArea,AArea,AArea,AArea,AArea,AArea,AArea,AArea,AArea,AArea,AArea,AArea,AArea,AArea,AArea,AArea,AArea,AArea,AArea,AArea,AArea,AArea,AArea,AArea,AArea,AArea,AArea,AArea,AArea,AArea,AArea,AArea,AArea,AArea,AArea,AArea,AArea,AArea,AArea,AArea,AArea,AArea,AArea,AArea,AArea,AArea,AArea
MGMT 406,AArea,AArea,AArea,AArea,AArea,AArea,AArea,AArea,AArea,AArea,AArea,AArea,AArea,AArea,AArea,AArea,AArea,AArea,AArea,AArea,AArea,AArea,AArea,AArea,AArea,AArea,AArea,AArea,AArea,AArea,AArea,AArea,AArea,AArea,AArea,AArea,AArea,AArea,AArea,AArea,AArea,AArea,AArea,AArea,AArea,AArea,AArea,AArea,AArea,AArea,AArea,AArea,AArea,AArea,AArea,AArea,AArea,AArea,AArea,AArea,AArea,AArea,AArea,AArea,AArea,AArea,AArea,,,,,,,,,,,,,,,
ORG 403,AArea,AArea,AArea,AArea,AArea,AArea,AArea,AArea,AArea,AArea,AArea,AArea,AArea,AArea,AArea,AArea,AArea,AArea,AArea,AArea,AArea,AArea,AArea,AArea,AArea,AArea,AArea,AArea,AArea,AArea,AArea,AArea,AArea,AArea,AArea,AArea,AArea,AArea,AArea,AArea,AArea,AArea,AArea,AArea,AArea,AArea,AArea,AArea,AArea,AArea,AArea,AArea,AArea,AArea,AArea,AArea,AArea,AArea,AArea,AArea,AArea,AArea,AArea,AArea,AArea,AArea,AArea,AArea,AArea,AArea,AArea,AArea,AArea,AArea,AArea,AArea,AArea,AArea,AArea,AArea,AArea,AArea
SPS 374,AArea,AArea,AArea,AArea,AArea,AArea,AArea,AArea,AArea,AArea,AArea,AArea,AArea,AArea,AArea,AArea,AArea,AArea,AArea,AArea,AArea,AArea,AArea,AArea,AArea,AArea,AArea,AArea,AArea,AArea,AArea,AArea,AArea,AArea,AArea,AArea,AArea,AArea,AArea,AArea,AArea,AArea,AArea,AArea,AArea,AArea,AArea,AArea,AArea,AArea,AArea,AArea,AArea,AArea,AArea,AArea,AArea,AArea,AArea,AArea,AArea,AArea,AArea,AArea,AArea,AArea,AArea,AArea,AArea,AArea,AArea,AArea,AArea,AArea,AArea,AArea,AArea,AArea,AArea,AArea,AArea,AArea