"Economics","201401","201402","201403","201501","201502","201503","201601","201602","201603","201701","201702","201703","201801","201802","201803","201901","201902","201903","202001","202002","202003","202101","202102","202103","202201","202202","202203","202301","202302","202303","202401","202402","202403","202501","202502","202503","202601"
Requirement:facultyCourses,5,5,5,5,5,5,5,5,5,5,5,5,5,5,5,5,5,5,5,5,5,5,5,5,5,5,5,5,5,5,5,5,5,5,5,5,5
Requirement:credits,157,157,157,157,157,157,157,157,157,155,155,155,155,155,155,155,155,155,155,155,155,155,155,155,155,155,155,155,155,155,155,155,155,155,155,155,155
Requirement:ECTS,300,300,300,300,300,300,300,300,300,300,300,300,300,300,300,300,300,300,300,300,300,300,300,300,300,300,300,300,300,300,300,300,300,300,300,300,300
MJC 100,D,D,D,D,D,D,D,D,D,,,,,,,,,,,,,,,,,,,,,,,,,,,,
CIP 101,D,D,D,D,D,D,D,D,D,,,,,,,,,,,,,,,,,,,,,,,,,,,,
ENG 101,D,D,D,D,D,D,D,D,D,,,,,,,,,,,,,,,,,,,,,,,,,,,,
MATH 101,D,D,D,D,D,D,D,D,D,D,D,D,D,D,D,D,D,D,D,D,D,D,D,D,D,D,D,D,D,D,D,D,D,D,D,D,D
NS 101,D,D,D,D,D,D,D,D,D,D,D,D,D,D,D,D,D,D,D,D,D,D,D,D,D,D,D,D,D,D,D,D,D,D,D,D,D
SPS 101,D,D,D,D,D,D,D,D,D,D,D,D,D,D,D,D,D,D,D,D,D,D,D,D,D,D,D,D,D,D,D,D,D,D,D,D,D
TLL 101,D,D,D,D,D,D,D,D,D,D,D,D,D,D,D,D,D,D,D,D,D,D,D,D,D,D,D,D,D,D,D,D,D,D,D,D,D
ENG 102,D,D,D,D,D,D,D,D,D,,,,,,,,,,,,,,,,,,,,,,,,,,,,
MATH 102,D,D,D,D,D,D,D,D,D,D,D,D,D,D,D,D,D,D,D,D,D,D,D,D,D,D,D,D,D,D,D,D,D,D,D,D,D
NS 102,D,D,D,D,D,D,D,D,D,D,D,D,D,D,D,D,D,D,D,D,D,D,D,D,D,D,D,D,D,D,D,D,D,D,D,D,D
PROJ 102,D,D,D,D,D,D,D,D,D,,,,,,,,,,,,,,,,,,,,,,,,,,,,
SPS 102,D,D,D,D,D,D,D,D,D,D,D,D,D,D,D,D,D,D,D,D,D,D,D,D,D,D,D,D,D,D,D,D,D,D,D,D,D
TLL 102,D,D,D,D,D,D,D,D,D,D,D,D,D,D,D,D,D,D,D,D,D,D,D,D,D,D,D,D,D,D,D,D,D,D,D,D,D
HIST 191,D,D,D,D,D,D,D,D,D,D,D,D,D,D,D,D,D,D,D,D,D,D,D,D,D,D,D,D,D,D,D,D,D,D,D,D,D
HIST 192,D,D,D,D,D,D,D,D,D,D,D,D,D,D,D,D,D,D,D,D,D,D,D,D,D,D,D,D,D,D,D,D,D,D,D,D,D
HUM 201,D,D,D,D,D,D,D,D,D,D,D,D,D,D,D,D,D,D,D,D,D,D,D,D,D,D,D,D,D,D,D,D,D,D,D,D,D
HUM 202,D,D,D,D,D,D,D,D,D,D,D,D,D,D,D,D,D,D,D,D,D,D,D,D,D,D,D,D,D,D,D,D,D,D,D,D,D
HUM 203,D,D,D,D,D,D,D,D,D,D,D,D,D,D,D,D,D,D,,,,,,,,,,,,,,,,,,,
HUM 204,D,D,D,D,D,D,D,D,D,D,D,D,D,D,D,D,D,D,,,,,,,,,,,,,,,,,,,
HUM 206,D,D,D,D,D,D,D,D,D,D,D,D,D,D,D,D,D,D,,,,,,,,,,,,,,,,,,,
HUM 207,D,D,D,D,D,D,D,D,D,D,D,D,D,D,D,D,D,D,D,D,D,D,D,D,D,D,D,D,D,D,D,D,D,D,D,D,D
HUM 211,D,D,D,D,D,D,D,D,D,D,D,D,D,D,D,D,D,D,,,,,,,,,,,,,,,,,,,
HUM 212,D,D,D,D,D,D,D,D,D,D,D,D,D,D,D,D,D,D,,,,,,,,,,,,,,,,,,,
HUM 214,D,D,D,D,D,D,D,D,D,D,D,D,D,D,D,D,D,D,,,,,,,,,,,,,,,,,,,
HUM 221,D,D,D,D,D,D,D,D,D,D,D,D,D,D,D,D,D,D,,,,,,,,,,,,,,,,,,,
HUM 224,D,D,D,D,D,D,D,D,D,D,D,D,D,D,D,D,D,D,,,,,,,,,,,,,,,,,,,
HUM 231,D,D,D,D,D,D,D,D,D,D,D,D,D,D,D,D,D,D,,,,,,,,,,,,,,,,,,,
HUM 232,D,D,D,D,D,D,D,D,D,D,D,D,D,D,D,D,D,D,,,,,,,,,,,,,,,,,,,
HUM 241,D,D,D,D,D,D,D,D,D,D,D,D,D,D,D,D,D,D,,,,,,,,,,,,,,,,,,,
HUM 261,D,D,D,D,D,D,D,D,D,D,D,D,D,D,D,D,D,D,,,,,,,,,,,,,,,,,,,
HUM 271,D,D,D,D,D,D,D,D,D,D,D,D,D,D,D,D,D,D,,,,,,,,,,,,,,,,,,,
SPS 303,D,D,D,D,D,D,D,D,D,D,D,D,D,D,D,D,D,D,D,D,D,D,D,D,D,D,D,D,D,D,D,D,D,D,D,D,D
HUM 304,D,D,D,D,D,D,D,D,D,D,D,D,D,D,D,D,D,D,D,D,D,D,D,D,D,D,,,,,,,,,,,
HUM 311,D,D,D,D,D,D,D,D,D,D,D,D,D,D,D,D,D,D,D,D,D,D,D,D,D,D,D,D,D,D,D,D,D,D,D,D,D
HUM 312,D,D,D,D,D,D,D,D,D,D,D,D,D,D,D,D,D,D,D,D,D,D,D,D,D,D,D,D,D,D,D,D,D,D,D,D,D
HUM 317,D,D,D,D,D,D,D,D,D,D,D,D,D,D,D,D,D,D,D,D,D,D,D,D,D,D,D,D,D,D,D,D,D,D,D,D,D
HUM 321,D,D,D,D,D,D,D,D,D,D,D,D,D,D,D,D,D,D,D,D,D,D,D,D,D,D,D,D,D,D,D,D,D,D,D,D,D
HUM 322,D,D,D,D,D,D,D,D,D,D,D,D,D,D,D,D,D,D,D,D,D,D,D,D,D,D,D,D,D,D,D,D,D,D,D,D,D
HUM 324,D,D,D,D,D,D,D,D,D,D,D,D,D,D,D,D,D,D,D,D,D,D,D,D,D,D,,,,,,,,,,,
HUM 371,D,D,D,D,D,D,D,D,D,D,D,D,D,D,D,D,D,D,D,D,D,D,D,D,D,D,D,D,D,D,D,D,D,D,D,D,D
ECON 201,R:A,R:A,R:A,R:A,R:A,R:A,R:A,R:A,R:A,R:A,R:A,R:A,R:A,R:A,R:A,R:A,R:A,R:A,R:A,R:A,R:A,R:A,R:A,R:A,R:A,R:A,R:A,R:A,R:A,R:A,R:A,R:A,R:A,R:A,R:A,R:A,R:A
ECON 202,R:A,R:A,R:A,R:A,R:A,R:A,R:A,R:A,R:A,R:A,R:A,R:A,R:A,R:A,R:A,R:A,R:A,R:A,R:A,R:A,R:A,R:A,R:A,R:A,R:A,R:A,R:A,R:A,R:A,R:A,R:A,R:A,R:A,R:A,R:A,R:A,R:A
ECON 204,R:A,R:A,R:A,R:A,R:A,R:A,R:A,R:A,R:A,R:A,R:A,R:A,R:A,R:A,R:A,R:A,R:A,R:A,R:A,R:A,R:A,R:A,R:A,R:A,R:A,R:A,R:A,R:A,R:A,R:A,R:A,R:A,R:A,R:A,R:A,R:A,R:A
ECON 300,R,R,R,R,R,R,R,R,R,R,R,R,R,R,R,R,R,R,R,R,R,R,R,R,R,R,R,R,R,R,R,R,R,R,R,R,R
ECON 301,R,R,R,R,R,R,R,R,R,R,R,R,R,R,R,R,R,R,R,R,R,R,R,R,R,R,R,R,R,R,R,R,R,R,R,R,R
MATH 203,R:E,R:E,R:E,R:E,R:E,R:E,R:E,R:E,R:E,R:E,R:E,R:E,R:E,R:E,R:E,R:E,R:E,R:E,R:E,R:E,R:E,R:E,R:E,R:E,R:E,R:E,R:E,R:E,R:E,R:E,R:E,R:E,R:E,R:E,R:E,R:E,R:E
MATH 306,R,R,R,R,R,R,R,R,R,R,R,R,R,R,R,R,R,R,R,R,R,R,R,R,R,R,R,R,R,R,R,R,R,R,R,R,R
PROJ 300,R,R,R,R,R,R,R,R,R,R,R,R,R,R,R,R,R,R,R,R,R,,,,,,,,,,,,,,,,
MATH 201,MR:E,MR:E,MR:E,MR:E,MR:E,MR:E,MR:E,MR:E,MR:E,MR:E,MR:E,MR:E,MR:E,MR:E,MR:E,MR:E,MR:E,MR:E,MR:E,MR:E,MR:E,MR:E,MR:E,MR:E,MR:E,MR:E,MR:E,MR:E,MR:E,MR:E,MR:E,MR:E,MR:E,MR:E,MR:E,MR:E,MR:E
MATH 202,MR:E,MR:E,MR:E,MR:E,MR:E,MR:E,MR:E,MR:E,MR:E,MR:E,MR:E,MR:E,MR:E,MR:E,MR:E,MR:E,MR:E,MR:E,MR:E,MR:E,MR:E,MR:E,MR:E,MR:E,MR:E,MR:E,MR:E,MR:E,MR:E,MR:E,MR:E,MR:E,MR:E,MR:E,MR:E,MR:E,MR:E
MATH 204,MR:E,MR:E,MR:E,MR:E,MR:E,MR:E,MR:E,MR:E,MR:E,MR:E,MR:E,MR:E,MR:E,MR:E,MR:E,MR:E,MR:E,MR:E,MR:E,MR:E,MR:E,MR:E,MR:E,MR:E,MR:E,MR:E,MR:E,MR:E,MR:E,MR:E,MR:E,MR:E,MR:E,MR:E,MR:E,MR:E,MR:E
ECON 310,C,C,C,C,C,C,C,C,C,C,C,C,C,C,C,C,C,C,C,C,C,C,C,C,C,C,C,C,C,C,C,C,C,C,C,C,C
ECON 320,C,C,C,C,C,C,C,C,C,C,C,C,C,C,C,C,C,C,C,C,C,C,C,C,C,C,C,C,C,C,C,C,C,C,C,C,C
ECON 330,C,C,C,C,C,C,C,C,C,C,C,C,C,C,C,C,C,C,C,C,C,C,C,C,C,C,C,C,C,C,C,C,C,C,C,C,C
ECON 340,C,C,C,C,C,C,C,C,C,C,C,C,C,C,C,C,C,C,C,C,C,C,C,C,C,C,C,C,C,C,C,C,C,C,C,C,C
ECON 350,C,C,C,C,C,C,C,C,C,C,C,C,C,C,C,C,C,C,C,C,C,C,C,C,C,C,C,C,C,C,C,C,C,C,C,C,C
ECON 360,C,C,C,C,C,C,C,C,C,C,C,C,C,C,C,C,C,C,C,C,C,C,C,C,C,C,C,C,C,C,C,C,C,C,C,C,C
ECON 370,C,C,C,C,C,C,C,C,C,C,C,C,C,C,C,C,C,C,C,C,C,C,C,C,C,C,C,C,C,C,C,C,C,C,C,C,C
ECON 430,C,C,C,C,C,C,C,C,C,C,C,C,C,C,C,C,C,C,C,C,C,C,C,C,C,C,C,C,C,C,C,C,C,C,C,C,C
ECON 312,A,A,A,A,A,A,A,A,A,A,A,A,A,A,A,A,A,A,A,A,A,A,A,A,A,A,A,A,A,A,A,A,A,A,A,A,A
ECON 321,A,A,A,A,A,A,A,A,A,A,A,A,A,A,A,A,A,A,A,A,A,A,A,A,A,A,A,A,A,A,A,A,A,A,A,A,A
ECON 322,A,A,A,A,A,A,A,A,A,A,A,A,A,A,A,A,A,A,A,A,A,A,A,A,A,A,A,A,A,A,A,A,A,A,A,A,A
ECON 323,A,A,A,A,A,A,A,A,A,A,A,A,A,A,A,A,A,A,A,A,A,A,A,A,A,A,A,A,A,A,A,A,A,A,A,A,A
ECON 335,A,,,,,,,,,,,,,,,,,,,,,,,,,,,,,,,,,,,,
ECON 345,A,A,A,A,A,A,A,A,A,A,A,A,A,A,A,A,A,A,A,A,A,A,A,A,A,A,A,A,A,A,A,A,A,A,A,A,A
ECON 399,A,A,A,A,A,A,A,A,A,A,A,A,A,A,A,A,A,A,A,A,A,A,A,A,A,A,A,A,A,A,A,A,A,A,A,A,A
ECON 400,A,A,A,A,A,A,A,A,A,A,A,A,A,A,A,A,A,A,A,A,A,A,A,A,A,A,A,A,A,A,A,A,A,A,A,A,A
ECON 401,A,A,A,A,A,A,A,A,A,A,A,A,A,A,A,A,A,A,A,A,A,A,A,A,A,A,A,A,A,A,A,A,A,A,A,A,A
ECON 405,A,A,A,A,A,A,A,A,A,A,A,A,A,A,A,A,A,A,A,A,A,A,A,A,A,A,A,A,A,A,A,A,A,A,A,A,A
ECON 407,A,A,A,A,A,A,A,A,A,A,A,A,A,A,A,A,A,A,A,A,A,A,A,A,A,A,A,A,A,A,A,A,A,A,A,A,A
ECON 412,A,A,A,A,A,A,A,A,A,A,A,A,A,A,A,A,,,,,,,,,,,,,,,,,,,,,
ECON 414,A,A,A,A,A,A,A,A,A,A,A,A,A,A,A,A,A,A,A,A,A,A,A,A,A,A,A,A,A,A,A,A,A,A,A,A,A
ECON 415,A,A,A,A,A,A,A,A,A,A,A,A,A,A,A,A,A,A,A,A,A,A,A,A,A,A,A,A,A,A,A,A,A,A,A,A,A
ECON 420,A,A,A,A,A,A,A,A,A,A,A,A,A,A,A,A,A,A,A,A,A,A,A,A,A,A,A,A,A,A,A,A,A,A,A,A,A
ECON 423,A,A,A,A,A,A,A,A,A,A,A,A,A,A,A,A,,,,,,,,,,,,,,,,,,,,,
ECON 424,A,A,A,A,A,A,A,A,A,,,,,,,,,,,,,,,,,,,,,,,,,,,,
ECON 435,A,A,A,A,A,A,A,A,A,A,A,A,A,A,A,A,A,A,A,A,A,A,A,A,A,A,A,A,A,A,A,A,A,A,A,A,A
ECON 440,A,A,A,A,A,A,A,A,A,A,A,A,A,A,A,A,A,A,A,A,A,,,,,,,,,,,,,,,,
ECON 450,A,A,A,,,,,,,,,,,,,,,,,,,,,,,,,,,,,,,,,,
ECON 481,A,A,A,A,A,A,A,A,A,A,A,A,A,A,A,A,A,A,A,A,A,A,A,A,A,A,A,A,A,A,A,A,A,A,A,A,A
ECON 482,A,A,A,A,A,A,A,A,A,A,A,A,A,A,A,A,A,A,A,A,A,A,A,A,A,A,A,A,A,A,A,A,A,A,A,A,A
ECON 483,A,A,A,A,A,A,A,A,A,A,A,A,A,A,A,A,A,A,A,A,A,A,A,A,A,A,A,A,A,A,A,A,A,A,A,A,A
ECON 484,A,A,A,A,A,A,A,A,A,A,A,A,A,A,A,A,A,A,A,A,A,A,A,A,A,A,A,A,A,A,A,A,A,A,A,A,A
ECON 485,A,A,A,A,A,A,A,A,A,A,,,,,,,,,,,,,,,,,,,,,,,,,,,
ECON 486,A,A,A,A,A,A,A,A,A,A,A,A,,,,,,,,,,,,,,,,,,,,,,,,,
ECON 488,A,A,A,A,A,A,A,A,A,A,A,A,A,A,A,A,A,A,A,A,A,A,A,A,A,A,A,A,A,A,A,A,A,A,A,A,A
ECON 492,A,A,A,A,A,A,A,A,A,A,A,A,A,A,A,A,A,A,A,A,A,A,A,A,A,A,A,A,A,A,A,A,A,A,A,A,A
ECON 494,A,A,A,A,A,A,A,A,A,A,A,A,A,A,A,A,A,A,A,A,A,A,A,A,A,A,A,A,A,A,A,A,A,A,A,A,A
ECON 495,A,A,A,A,A,A,A,A,A,A,A,A,A,A,A,A,A,A,A,A,A,A,A,A,A,A,A,A,A,A,A,A,A,A,A,A,A
ACCA 200,F,F,F,F,F,F,F,F,F,F,F,F,F,F,F,F,F,F,F,F,F,F,F,F,F,F,F,F,F,F,F,F,F,F,F,F,F
ACC 201,F:M,F:M,F:M,F:M,F:M,F:M,F:M,F:M,F:M,F:M,F:M,F:M,F:M,F:M,F:M,A:M,A:M,A:M,A:M,A:M,A:M,A:M,A:M,A:M,A:M,A:M,A:M,A:M,A:M,A:M,A:M,A:M,A:M,A:M,A:M,A:M,A:M
ACC 301,F,F,F,F,F,F,F,F,F,F,F,F,F,F,F,F,F,F,F,F,F,F,F,F,F,F,F,F,F,F,F,F,F,F,F,F,F
ACC 401,F,F,F,F,F,F,F,F,F,F,F,F,F,F,F,F,,,,,,,,,,,,,,,,,,,,,
ACC 403,F,F,F,F,F,F,F,F,F,F,F,F,F,F,F,F,F,F,F,,,,,,,,,,,,,,,,,,
ACC 404,F,F,F,F,F,F,F,F,F,F,F,F,F,F,F,F,F,F,F,F,,,,,,,,,,,,,,,,,
ACC 405,F,F,F,F,F,F,F,F,F,F,F,F,F,F,F,F,F,F,F,F,F,F,F,F,F,F,F,F,F,F,F,F,F,F,F,F,F
ACC 406,F,F,F,F,F,F,F,F,F,F,F,F,F,F,F,F,F,F,F,F,,,,,,,,,,,,,,,,,
ACC 450,F,F,F,F,F,F,F,F,F,F,F,F,F,F,,,,,,,,,,,,,,,,,,,,,,,
ACC 451,F,F,F,F,F,F,F,F,F,F,F,F,F,F,,,,,,,,,,,,,,,,,,,,,,,
ANTH 214,F,F,F,F,F,F,F,F,F,F,F,F,F,F,F,F,F,F,F,F,F,F,F,F,F,F,F,F,F,F,F,F,F,F,F,F,F
ANTH 251,F,F,F,F,F,F,F,F,F,F,F,F,F,F,F,F,F,F,,,,,,,,,,,,,,,,,,,
ANTH 255,F:A,F:A,F:A,F:A,F:A,F:A,F:A,F:A,F:A,F:A,F:A,F:A,F:A,F:A,F:A,F:A,F:A,F:A,F:A,F:A,F:A,F:A,F:A,F:A,F:A,F:A,F:A,F:A,F:A,F:A,F:A,F:A,F:A,F:A,F:A,F:A,F:A
ANTH 321,F,F,F,F,F,F,F,F,F,F,F,F,F,F,F,F,F,F,F,F,F,F,F,F,F,F,F,F,F,F,F,F,F,F,F,F,F
ANTH 326,F:A,F:A,F:A,F:A,F:A,F:A,F:A,F:A,F:A,F:A,F:A,F:A,F:A,F:A,F:A,F:A,F:A,F:A,F:A,F:A,F:A,F:A,F:A,F:A,F:A,F:A,F:A,F:A,F:A,F:A,F:A,F:A,F:A,F:A,F:A,F:A,F:A
ANTH 340,F,F,F,F,F,F,F,F,F,F,F,F,F,F,F,F,F,F,F,F,F,F,F,F,F,F,F,F,F,F,F,F,F,F,F,F,F
ANTH 350,F,F,F,F,F,F,F,F,F,F,F,F,,,,,,,,,,,,,,,,,,,,,,,,,
ANTH 354,F,F,F,F,F,F,,,,,,,,,,,,,,,,,,,,,,,,,,,,,,,
ANTH 428,F,,,,,,,,,,,,,,,,,,,,,,,,,,,,,,,,,,,,
ANTH 468,F,F,F,F,F,F,F,F,F,F,F,F,F,F,F,F,F,F,F,F,F,F,F,F,F,F,F,F,F,F,F,F,F,F,F,F,F
ARA 110,F,F,F,F,F,F,F,F,F,F,F,F,F,F,F,F,F,F,F,F,,,,,,,,,,,,,,,,,
ARA 120,F,F,F,F,F,F,F,F,F,F,F,F,F,F,F,F,F,F,F,F,,,,,,,,,,,,,,,,,
ARA 130,F,F,F,F,F,F,F,F,F,F,F,F,F,F,F,F,F,F,F,F,,,,,,,,,,,,,,,,,
ARA 140,F,F,F,F,F,F,F,F,F,F,F,F,F,F,F,F,F,F,F,F,,,,,,,,,,,,,,,,,
ARA 150,F,F,F,F,F,F,F,F,F,F,F,F,F,F,F,F,,,,,,,,,,,,,,,,,,,,,
BIO 301,F,F,F,F,F,F,F,F,F,F,F,F,F,F,F,F,F,F,F,F,F,F,F,F,F,F,F,F,F,F,F,F,F,F,F,F,F
BIO 303,F,F,F,F,F,F,F,F,F,F,F,F,F,F,F,F,F,F,F,F,F,F,F,F,F,F,F,F,F,F,F,F,F,F,F,F,F
BIO 304,F,F,F,F,F,F,F,F,F,F,F,F,F,F,F,F,F,F,F,F,F,F,F,F,F,F,F,F,F,F,F,F,F,F,F,F,F
BIO 306,F,F,F,F,F,F,F,F,F,F,F,F,F,F,F,F,F,F,F,F,F,F,F,F,F,F,F,F,F,F,F,F,F,F,F,F,F
BIO 308,F,F,F,F,F,F,F,F,F,F,F,F,F,F,F,F,F,F,F,F,F,F,F,F,F,F,F,F,F,F,F,F,F,F,F,F,F
BIO 310,F,F,F,F,F,F,F,F,F,F,F,F,F,F,F,F,F,F,F,F,F,F,F,F,F,F,F,F,F,F,F,F,F,F,F,F,F
BIO 321,F:E,F:E,F:E,F:E,F:E,F:E,F:E,F:E,F:E,F:E,F:E,F:E,F:E,F:E,F:E,F:E,F:E,F:E,F:E,F:E,F:E,F:E,F:E,F:E,F:E,F:E,F:E,F:E,F:E,F:E,F,F,F,F,F,F,F
BIO 322,F,F,F,F,F,F,F,F,F,F,F,F,F,F,F,F,F,F,F,F,F,F,F,F,F,F,F,F,F,F,F,F,F,F,F,F,F
BIO 330,F,F,F,F,F,F,F,F,F,F,F,F,F,F,F,F,F,F,F,F,F,F,F,F,F,F,F,F,F,F,F,F,F,F,F,F,F
BIO 332,F,F,F,F,F,F,F,F,F,F,F,F,F,F,F,F,F,F,F,F,F,F,F,F,F,F,F,F,F,F,F,F,F,F,F,F,F
BIO 335,F,F,F,F,F,F,F,F,F,F,F,F,F,F,F,F,F,F,F,F,F,F,F,F,F,F,F,F,F,F,F,F,F,F,F,F,F
BIO 363,F,F,F,F,F,F,F,F,F,F,F,F,F,F,F,F,F,F,F,F,F,F,F,F,F,F,F,F,F,F,F,F,F,F,F,F,F
BIO 370,F,F,F,F,F,F,F,F,F,F,F,F,F,F,F,F,F,F,F,,,,,,,,,,,,,,,,,,
BIO 403,F,F,F,F,F,F,F,F,F,F,F,F,F,F,F,F,F,F,F,F,F,F,F,F,F,,,,,,,,,,,,
BIO 404,F,F,F,F,F,F,F,F,F,F,F,F,,,,,,,,,,,,,,,,,,,,,,,,,
BIO 406,F,F,F,F,F,F,F,F,F,F,F,F,F,F,F,F,F,F,F,F,F,F,F,F,F,,,,,,,,,,,,
BIO 407,F,F,F,F,F,F,F,F,F,F,F,F,F,F,F,F,F,F,F,F,F,F,F,F,F,F,F,F,F,F,F,F,F,F,F,F,F
BIO 409,F,F,F,F,F,F,F,F,F,F,F,F,F,F,F,F,F,F,F,F,F,F,F,F,F,,,,,,,,,,,,
BIO 415,F,F,F,F,F,F,F,F,F,F,F,F,F,F,F,F,F,F,F,F,F,F,F,F,F,F,F,F,F,F,F,F,F,F,F,F,F
BIO 421,F,F,F,F,F,F,F,F,F,F,F,F,F,F,F,F,F,F,F,F,F,F,F,F,F,F,F,F,F,F,F,F,F,F,F,F,F
BIO 423,F,F,F,F,F,F,F,F,F,F,F,F,F,F,F,F,F,F,F,F,F,F,F,F,F,F,F,F,F,F,F,F,F,F,F,F,F
BIO 436,F,F,F,F,F,F,F,F,F,F,F,F,F,F,F,F,F,F,F,F,F,F,F,F,F,F,F,F,F,F,F,F,F,F,F,F,F
BIO 444,F,F,F,F,F,F,F,F,F,F,F,F,F,F,F,F,F,F,F,F,F,F,F,F,F,F,F,F,F,F,F,F,F,F,F,F,F
BIO 445,F,F,F,F,F,F,F,F,F,F,F,F,F,F,F,F,F,F,F,F,F,F,F,F,F,F,F,F,F,F,F,F,F,F,F,F,F
BIO 446,F,F,F,F,F,F,F,F,F,F,F,F,F,F,F,F,F,F,F,F,F,F,F,F,F,F,F,F,F,F,F,F,F,F,F,F,F
BIO 447,F,F,F,F,F,F,F,F,F,F,F,F,F,F,F,F,F,F,F,F,F,F,F,F,F,,,,,,,,,,,,
BIO 452,F,F,F,F,F,F,F,F,F,F,F,F,F,F,F,F,F,F,F,F,F,F,F,F,F,F,F,F,F,F,F,F,F,F,F,F,F
BIO 460,F,F,F,F,F,F,F,F,F,F,F,F,F,F,F,F,F,F,F,F,F,F,F,F,F,F,F,F,F,F,F,F,F,F,F,F,F
BIO 466,F,F,F,F,F,F,F,F,F,F,F,F,F,F,F,F,F,F,F,F,F,F,F,F,F,,,,,,,,,,,,
BIO 467,F,F,F,F,F,F,F,F,F,F,F,F,F,F,F,F,F,F,F,F,F,F,F,F,F,F,F,F,F,F,F,F,F,F,F,F,F
BIO 468,F,F,F,F,F,F,F,F,F,F,F,F,F,F,F,F,F,F,F,F,F,F,F,F,F,F,F,F,F,F,F,F,F,F,F,F,F
BIO 480,F,F,F,F,F,F,,,,,,,,,,,,,,,,,,,,,,,,,,,,,,,
BIO 48006,F,F,F,F,F,F,F,F,F,F,F,F,F,F,F,F,F,F,F,F,F,F,F,F,F,F,F,,,,,,,,,,
BIO 481,F,F,F,F,F,F,,,,,,,,,,,,,,,,,,,,,,,,,,,,,,,
CHEM 202,F,F,F,F,F,F,F,F,F,F,F,F,F,F,F,F,F,F,F,F,F,F,F,F,F,F,F,F,F,F,F,F,F,F,F,F,F
CHEM 212,F:E,F:E,F:E,F:E,F:E,F:E,F:E,F:E,F:E,F:E,F:E,F:E,F:E,F:E,F:E,F:E,F:E,F:E,F:E,F:E,F:E,F:E,F:E,F:E,F:E,F:E,F:E,F:E,F:E,F:E,F:E,F:E,F:E,F:E,F:E,F:E,F:E
CHEM 301,F,F,F,F,F,F,F,F,F,F,F,F,F,F,F,F,F,F,F,F,F,F,F,F,F,F,F,F,F,F,F,F,F,F,F,F,F
CHEM 302,F,F,F,F,F,F,F,F,F,F,F,F,F,F,F,F,F,F,F,F,F,F,F,F,F,F,F,F,F,F,F,F,F,F,F,F,F
CHEM 405,F,F,F,F,F,F,F,F,F,F,F,F,F,F,F,F,F,F,F,F,F,F,F,F,F,F,F,F,F,F,F,F,F,F,F,F,F
CHEM 421,F,F,F,F,F,F,F,F,F,F,F,F,F,F,F,F,F,F,,,,,,,,,,,,,,,,,,,
CIP 102,F,F,F,F,F,F,F,F,F,F,F,F,F,F,F,F,F,F,F,F,F,F,F,F,F,F,F,F,F,F,F,F,F,F,F,F,F
CIP 201,F,F,F,F,F,F,F,F,F,F,F,F,F,F,F,F,F,F,F,F,F,F,F,F,F,F,F,F,F,F,F,F,F,F,F,F,F
CIP 202,F,F,F,F,F,F,F,F,F,F,F,F,F,F,F,F,F,F,F,F,F,F,F,F,F,F,F,F,F,F,F,F,F,F,F,F,F
CIP 301,F,F,F,F,F,F,F,F,F,F,F,F,F,F,F,F,F,F,F,F,F,F,F,F,F,F,F,F,F,F,F,F,F,F,F,F,F
CIP 302,F,F,F,F,F,F,F,F,F,F,F,F,F,F,F,F,F,F,F,F,F,F,F,F,F,F,F,F,F,F,F,F,F,F,F,F,F
CONF 300,F,F,F,F,F,F,F,F,F,F,F,F,F,F,F,F,F,F,F,F,F,F,F,F,F,F,F,F,F,F,F,F,F,F,F,F,F
CONF 400,F,F,F,F,F,F,F,F,F,F,F,F,F,F,F,F,F,F,F,F,F,F,F,F,F,F,F,F,F,F,F,F,F,F,F,F,F
CONF 431,F,F,F,F,F,F,F,F,F,F,F,F,F,F,F,F,F,F,F,F,F,F,F,F,F,F,F,F,F,F,F,F,F,F,F,F,F
CS 201,F:E,F:E,F:E,F:E,F:E,F:E,F:E,F:E,F:E,F:E,F:E,F:E,F:E,F:E,F:E,F:E,F:E,F:E,F:E,F:E,F:E,F:E,F:E,F:E,F:E,F:E,F:E,F:E,F:E,F:E,F:E,F:E,F:E,F:E,F:E,F:E,F:E
CS 204,F,F,F,F,F,F,F,F,F,F,F,F,F,F,F,F,F,F,F,F,F,F,F,F,F,F,F,F,F,F,F:E,F:E,F:E,F:E,F:E,F:E,F:E
CS 210,F,F,F,F,F,F,F,F,F,F,F,F,F,F,F,F,F,F,F,F,F,F,F,F,F,F,F,F,F,F,,,,,,,
CS 300,F,F,F,F,F,F,F,F,F,F,F,F,F,F,F,F,F,F,F,F,F,F,F,F,F,F,F,F,F,F,F,F,F,F,F,F,F
CS 301,F,F,F,F,F,F,F,F,F,F,F,F,F,F,F,F,F,F,F,F,F,F,F,F,F,F,F,F,F,F,F,F,F,F,F,F,F
CS 302,F,F,F,F,F,F,F,F,F,F,F,F,F,F,F,F,F,F,F,F,F,F,F,F,F,F,F,F,F,F,F,F,F,F,F,F,F
CS 303,F,F,F,F,F,F,F,F,F,F,F,F,F,F,F,F,F,F,F,F,F,F,F,F,F,F,F,F,F,F,F,F,F,F,F,F,F
CS 305,F,F,F,F,F,F,F,F,F,F,F,F,F,F,F,F,F,F,F,F,F,F,F,F,F,F,F,F,F,F,F,F,F,F,F,F,F
CS 306,F,F,F,F,F,F,F,F,F,F,F,F,F,F,F,F,F,F,F,F,F,F,F,F,F,F,F,F,F,F,F,F,F,F,F,F,F
CS 307,F,F,F,F,F,F,F,F,F,F,F,F,F,F,F,F,F,F,F,F,F,F,F,F,F,F,F,F,F,F,F,F,F,F,F,F,F
CS 308,F,F,F,F,F,F,F,F,F,F,F,F,F,F,F,F,F,F,F,F,F,F,F,F,F,F,F,F,F,F,F,F,F,F,F,F,F
CS 310,F,F,F,F,F,F,F,F,F,F,F,F,F,F,F,F,F,F,F,F,F,F,F,F,F,F,F,F,F,F,F,F,F,F,F,F,F
CS 400,F,F,F,F,F,F,F,F,F,F,F,F,F,F,F,F,F,F,F,F,F,F,F,F,F,F,F,F,F,F,F,F,F,F,F,F,F
CS 401,F,F,F,F,F,F,F,F,F,F,F,F,F,F,F,F,F,F,F,F,F,F,F,F,F,F,F,F,F,F,F,F,F,F,F,F,F
CS 402,F,F,F,F,F,F,F,F,F,F,F,F,F,,,,,,,,,,,,,,,,,,,,,,,,
CS 403,F,F,F,F,F,F,F,F,F,F,F,F,F,F,F,F,F,F,F,F,F,F,F,F,F,F,F,F,F,F,F,F,F,F,F,F,F
CS 404,F,F,F,F,F,F,F,F,F,F,F,F,F,F,F,F,F,F,F,F,F,F,F,F,F,F,F,F,F,F,F,F,F,F,F,F,F
CS 405,F,F,F,F,F,F,F,F,F,F,F,F,F,F,F,F,F,F,F,F,F,F,F,F,F,F,F,F,F,F,F,F,F,F,F,F,F
CS 406,F,F,F,F,F,F,F,F,F,F,F,F,F,F,F,F,F,F,F,F,F,F,F,F,F,F,F,F,F,F,F,F,F,F,F,F,F
CS 407,F,F,F,F,F,F,F,F,F,F,F,F,F,F,F,F,F,F,F,F,F,F,F,F,F,F,F,F,F,F,F,F,F,F,F,F,F
CS 408,F,F,F,F,F,F,F,F,F,F,F,F,F,F,F,F,F,F,F,F,F,F,F,F,F,F,F,F,F,F,F,F,F,F,F,F,F
CS 409,F,F,F,F,F,F,F,F,F,F,F,F,F,F,F,F,F,F,,,,,,,,,,,,,,,,,,,
CS 411,F,F,F,F,F,F,F,F,F,F,F,F,F,F,F,F,F,F,F,F,F,F,F,F,F,F,F,F,F,F,F,F,F,F,F,F,F
CS 412,F,F,F,F,F,F,F,F,F,F,F,F,F,F,F,F,F,F,F,F,F,F,F,F,F,F,F,F,F,F,F,F,F,F,F,F,F
CS 414,F,F,F,F,F,F,F,F,F,F,F,F,F,F,F,F,F,F,F,F,F,F,F,F,F,F,F,F,F,F,F,F,F,F,F,F,F
CS 415,F,F,F,F,F,F,F,F,F,F,F,F,F,F,F,F,F,F,F,F,F,F,F,F,F,F,F,F,F,F,F,F,F,F,F,F,F
CS 419,F,F,F,F,F,F,F,F,F,F,F,F,F,F,F,F,F,F,F,F,F,F,F,F,F,F,F,F,F,F,F,F,F,F,F,F,F
CS 432,F,F,F,F,F,F,F,F,F,F,F,F,F,F,F,F,F,F,F,F,F,F,F,F,F,F,F,F,F,F,F,F,F,F,F,F,F
CS 435,F,F,F,F,F,F,F,F,F,F,F,F,F,F,F,F,F,F,F,F,F,F,F,F,F,F,F,F,F,F,F,F,F,F,F,F,F
CS 436,F,F,F,F,F,F,F,F,F,F,F,F,F,F,F,F,F,F,F,F,F,F,F,F,F,F,F,F,F,F,F,F,F,F,F,F,F
CS 437,F,F,F,F,F,F,F,F,F,F,F,F,F,F,F,F,F,F,F,F,F,F,F,F,F,F,F,F,F,F,F,F,F,F,F,F,F
CS 438,F,F,F,F,F,F,F,F,F,F,F,F,F,F,F,F,F,F,F,F,F,F,F,F,F,F,F,F,F,F,F,F,F,F,F,F,F
CS 439,F,F,F,F,F,F,F,F,F,F,F,F,F,F,F,F,F,F,F,F,F,F,F,F,F,F,F,F,,,,,,,,,
CS 440,F,F,F,F,F,F,F,F,F,F,F,F,F,F,F,F,F,F,F,F,F,F,F,F,F,F,F,F,F,F,F,F,F,F,F,F,F
CS 442,F,F,F,F,F,F,F,F,F,F,F,F,F,F,F,F,F,F,F,F,F,F,F,F,F,F,F,F,F,F,F,F,F,F,F,F,F
CS 445,F,F,F,F,F,F,F,F,F,F,F,F,F,F,F,F,F,F,F,F,F,F,F,F,F,F,F,F,F,F,F,F,F,F,F,F,F
CS 447,F,F,F,F,F,F,F,F,F,F,F,F,F,F,F,F,F,F,F,F,F,F,F,F,F,F,F,F,F,F,F,F,F,F,F,F,F
CS 449,F,F,F,F,F,F,F,F,F,F,F,F,F,F,F,F,F,F,F,F,F,F,F,F,F,F,F,F,F,F,F,F,F,F,F,F,F
CS 450,F,F,F,F,F,F,F,F,F,F,F,F,F,F,F,F,F,F,F,F,F,F,F,F,F,,,,,,,,,,,,
CS 455,F,F,F,F,F,F,F,F,F,F,F,F,F,F,F,F,F,F,F,F,F,F,F,F,F,F,F,F,F,F,F,F,F,F,F,F,F
CS 460,F,F,F,F,F,F,F,F,F,F,F,F,F,F,F,F,F,F,F,F,F,F,F,F,F,F,F,F,F,F,F,F,F,F,F,F,F
CS 480,F,F,F,F,F,F,,,,,,,,,,,,,,,,,,,,,,,,,,,,,,,
CS 48000,F,F,F,F,F,F,F,F,F,F,F,F,F,F,F,F,F,F,F,F,F,F,F,F,F,,,,,,,,,,,,
CS 48001,F,F,F,F,F,F,F,F,F,F,F,F,F,F,F,F,F,F,F,F,F,F,F,F,F,,,,,,,,,,,,
CS 48002,F,F,F,F,F,F,F,F,F,F,F,F,F,F,F,F,F,F,F,F,F,F,F,F,F,,,,,,,,,,,,
CS 48003,F,F,F,F,F,F,F,F,F,F,F,F,F,F,F,F,F,F,F,F,F,F,F,F,F,,,,,,,,,,,,
CS 48004,F,F,F,F,F,F,F,F,F,F,F,F,F,F,F,F,F,F,F,F,F,F,F,F,F,F,F,F,F,F,F,F,F,F,F,F,F
CS 48006,F,F,F,F,F,F,F,F,F,F,F,F,F,F,F,F,F,F,F,F,F,F,F,F,F,F,F,F,F,F,F,F,F,F,F,F,F
CS 48007,F,F,F,F,F,F,F,F,F,F,F,F,F,F,F,F,F,F,F,F,F,F,F,F,F,F,F,F,F,F,F,F,F,F,,,
CS 48008,F,F,F,F,F,F,F,F,F,F,F,F,F,F,F,F,F,F,F,F,F,F,F,F,F,F,F,F,F,F,F,F,F,F,F,F,F
CS 48010,F,F,F,F,F,F,F,F,F,F,F,F,F,F,F,F,F,F,F,F,F,F,F,F,F,F,F,F,F,F,F,F,F,F,F,F,F
CS 48011,F,F,F,F,F,F,F,F,F,F,F,F,F,F,F,F,F,F,F,F,F,F,F,F,F,F,F,F,F,F,F,F,F,F,F,F,F
CS 48012,F,F,F,F,F,F,F,F,F,F,F,F,F,F,F,F,F,F,F,F,F,F,F,F,F,F,F,F,F,F,F,F,F,F,F,F,F
CS 481,F,F,F,F,F,F,,,,,,,,,,,,,,,,,,,,,,,,,,,,,,,
CULT 230,F,F,F,F,F,F,F,F,F,F,F,F,F,F,F,F,,,,,,,,,,,,,,,,,,,,,
CULT 242,F:A,F:A,F:A,,,,,,,,,,,,,,,,,,,,,,,,,,,,,,,,,,
CULT 299,F,F,F,F,F,F,F,F,F,F,F,F,F,F,F,F,F,F,,,,,,,,,,,,,,,,,,,
CULT 322,F,F,F,F,F,F,F,F,F,F,F,F,F,F,F,F,F,F,F,F,F,F,F,F,F,F,F,F,F,F,F,F,F,F,F,F,F
CULT 341,F,F,F,F:A,F:A,F:A,F:A,F:A,F:A,F:A,F:A,F:A,F:A,F:A,F:A,,,,,,,,,,,,,,,,,,,,,,
CULT 343,F,F,F,F,F,F,F,F,F,F,F,F,F,F,F,,,,,,,,,,,,,,,,,,,,,,
CULT 355,F,F,F,F,F,F,F,F,F,F,F,F,F,F,F,F,F,F,F,F,F,F,F,F,F,F,F,F,F,F,F,F,F,F,F,F,F
CULT 361,F,F,F,F,F,F,F,F,F,F,F,F,F,F,F,F,F,F,F,F,F,F,F,F,F,F,F,F,F,F,F,F,F,F,F,F,F
CULT 362,F,F,F,F,F,F,F,F,F,F,F,F,F,F,F,F,,,,,,,,,,,,,,,,,,,,,
CULT 368,F:A,F:A,F:A,F:A,F:A,F:A,F:A,F:A,F:A,F:A,F:A,F:A,F:A,F:A,F:A,F:A,F:A,F:A,F:A,F:A,F:A,F:A,F:A,F:A,F:A,F:A,F:A,F:A,F:A,F:A,F:A,F:A,F:A,F:A,F:A,F:A,F:A
CULT 370,F,F,F,F,F,F,F,F,F,F,F,F,F,F,F,F,F,F,F,F,F,F,F,F,F,F,F,F,F,F,F,F,F,F,F,F,F
CULT 384,F,F,F,F,F,F,F,F,F,F,F,F,F,F,F,F,F,F,F,F,F,F,F,F,F,F,F,F,F,F,F,F,F,,,,
CULT 391,F,F,F,F,F,F,F,F,F,F,F,F,F,F,F,F,F,F,F,F,F,F,F,F,F,F,F,F,F,F,F,F,F,F,F,F,F
CULT 399,F,F,F,F,F,F,F,F,F,F,F,F,F,F,F,F,F,F,F,F,F,F,F,F,F,F,F,F,F,F,F,F,F,F,F,F,F
CULT 421,F,F,F,F,F,F,F,F,F,F,F,F,F,F,F,F,F,F,F,F,F,F,F,F,F,,,,,,,,,,,,
CULT 432,F,F,F,F,F,F,F,F,F,F,F,F,F,F,F,F,F,F,F,F,F,F,F,F,F,F,F,F,F,F,F,F,F,F,F,F,F
CULT 434,F,F,F,F,,,,,,,,,,,,,,,,,,,,,,,,,,,,,,,,,
CULT 441,F,F,F,F,F,F,F,F,F,F,F,F,F,F,F,,,,,,,,,,,,,,,,,,,,,,
CULT 442,F,F,F,F,F,F,F,F,F,F,F,F,F,F,F,,,,,,,,,,,,,,,,,,,,,,
CULT 443,F,F,F,F,F,F,F,F,F,F,F,F,F,F,F,,,,,,,,,,,,,,,,,,,,,,
CULT 444,F,F,F,F,F,F,F,F,F,F,F,F,F,F,F,,,,,,,,,,,,,,,,,,,,,,
CULT 449,F,F,F,,,,,,,,,,,,,,,,,,,,,,,,,,,,,,,,,,
CULT 451,F,F,F,F,F,F,F,F,F,F,F,F,F,F,F,F,F,F,F,F,F,F,F,F,F,F,F,,,,,,,,,,
CULT 452,F,F,F,F,F,F,F,F,F,F,F,F,F,F,F,F,F,F,,,,,,,,,,,,,,,,,,,
CULT 453,F,F,F,F,F,F,F,F,F,F,F,F,F,F,F,F,F,F,F,F,F,F,F,F,F,F,F,F,F,F,F,F,F,F,F,F,F
CULT 454,F,F,F,,,,,,,,,,,,,,,,,,,,,,,,,,,,,,,,,,
CULT 491,F,F,F,F,F,F,F,F,F,F,F,F,F,F,F,F,F,F,F,F,F,F,F,F,F,,,,,,,,,,,,
CULT 492,F,F,F,F,F,F,F,F,F,,,,,,,,,,,,,,,,,,,,,,,,,,,,
DSA 201,F:E,F:E,F:E,F:E,F:E,F:E,F:E,F:E,F:E,F:E,F:E,F:E,F:E,F:E,F:E,F:E,F:E,F:E,F:E,F:E,F:E,F:E,F:E,F:E,F:E,F:E,F:E,F:E,F:E,F:E,F:E,F:E,F:E,F:E,F:E,F:E,F:E
DSA 210,F,F,F,F,F,F,F,F,F,F,F,F,F,F,F,F,F,F,F,F,F,F,F,F,F,F,F,F,F,F,F:E,F:E,F:E,F:E,F:E,F:E,F:E
DSA 301,F,F,F,F,F,F,F,F,F,F,F,F,F,F,F,F,F,F,F,F,F,F,F,F,F,F,F,F,F,F,F,F,F,F,F,F,F
DSA 428,F,F,F,F,F,F,F,F,F,F,F,F,F,F,F,F,F,F,F,F,F,F,F,F,F,F,F,F,F,F,F,F,F,F,F,F,F
DSA 440,F,F,F,F,F,F,F,F,F,F,F,F,F,F,F,F,F,F,F,F,F,F,F,F,F,F,F,F,F,F,F,F,F,F,F,F,F
DSA 473,F,F,F,F,F,F,F,F,F,F,F,F,F,F,F,F,F,F,F,F,F,F,F,F,F,F,F,F,F,F,F,F,F,F,F,F,F
ECNA 200,F,F,F,F,F,F,F,F,F,F,F,F,F,F,F,F,F,F,F,F,F,F,F,F,F,F,F,F,F,F,F,F,F,F,F,F,F
EE 200,F,F,F,F,F,F,F,F,F,F,F,F,F,F,F,F,F,F,F,F,F,F,F,F,F,F,F,F,F,F,F:E,F:E,F:E,F:E,F:E,F:E,F:E
EE 202,F,F,F,F,F,F,F,F,F,F,F,F,F,F,F,F,F,F,F,F,F,F,F,F,F,F,F,F,F,F,F:E,F:E,F:E,F:E,F:E,F:E,F:E
EE 301,F,F,F,F,,,,,,,,,,,,,,,,,,,,,,,,,,,,,,,,,
EE 302,F,F,F,F,F,F,F,F,F,F,F,F,F,F,F,F,F,F,F,F,F,F,F,F,F,F,F,F,F,F,F,F,F,F,F,F,F
EE 303,F,F,F,F,F,F,F,F,F,F,F,F,F,F,F,F,F,F,F,F,F,F,F,F,F,F,F,F,F,F,F,F,F,F,F,F,F
EE 306,F,F,F,F,F,F,F,F,F,F,F,F,F,F,F,F,F,F,F,F,F,F,F,F,F,F,F,F,F,F,F,F,F,F,F,F,F
EE 307,F,F,F,F,F,F,F,F,F,F,F,F,F,F,F,F,F,F,F,F,F,F,F,F,F,F,F,F,F,F,F,F,F,F,F,F,F
EE 308,F,F,F,F,F,F,F,F,F,F,F,F,F,F,F,F,F,F,F,F,F,F,F,F,F,F,F,F,F,F,F,F,F,F,F,F,F
EE 310,F,F,F,F,F,F,F,F,F,F,F,F,F,F,F,F,F,F,F,F,F,F,F,F,F,F,F,F,F,F,F,F,F,F,F,F,F
EE 311,F,F,F,F,F,F,F,F,F,F,F,F,F,F,F,F,F,F,F,F,F,F,F,F,F,F,F,F,F,F,F,F,F,F,F,F,F
EE 312,F,F,F,F,F,F,F,F,F,F,F,F,F,F,F,F,F,F,F,F,F,F,F,F,F,F,F,F,F,F,F,F,F,F,F,F,F
EE 313,F,F,F,F,F,F,F,F,F,F,F,F,F,F,F,F,F,F,F,F,F,F,F,F,F,F,F,F,F,F,F,F,F,F,F,F,F
EE 314,F,F,F,F,F,F,F,F,F,F,F,F,F,F,F,F,F,F,F,F,F,F,F,F,F,F,F,F,F,F,F,F,F,F,F,F,F
EE 321,F,F,F,F,F,F,F,F,F,F,F,F,F,F,F,F,F,F,F,F,F,F,F,F,F,F,F,F,F,F,F,F,F,F,F,F,F
EE 401,F,F,F,F,F,F,F,F,F,F,F,F,F,F,F,F,F,F,F,F,F,F,F,F,F,F,F,F,F,F,F,F,F,F,F,F,F
EE 402,F,F,F,F,F,F,F,F,F,F,F,F,F,F,F,F,F,F,F,F,F,F,F,F,F,F,F,F,F,F,F,F,F,F,F,F,F
EE 403,F,F,F,F,F,F,F,F,F,F,F,F,F,F,F,F,F,F,F,F,F,F,F,F,F,F,F,F,F,F,F,F,F,F,F,F,F
EE 404,F,F,F,F,F,F,F,F,F,F,F,F,F,F,F,F,F,F,F,F,F,F,F,F,F,F,F,F,F,F,F,F,F,F,F,F,F
EE 405,F,F,F,F,F,F,F,F,F,F,F,F,F,F,F,F,F,F,F,F,F,F,F,F,F,F,F,F,F,F,F,F,F,F,F,F,F
EE 406,F,F,F,F,F,F,F,F,F,F,F,F,F,F,F,F,F,F,F,F,F,F,F,F,F,F,F,F,F,F,F,F,F,F,F,F,F
EE 407,F,F,F,F,F,F,F,F,F,F,F,F,F,F,F,F,F,F,F,F,F,F,F,F,F,F,F,F,F,F,F,F,F,F,F,F,F
EE 408,F,F,F,F,F,F,F,F,F,F,F,F,F,F,F,F,F,F,F,F,F,F,F,F,F,F,F,F,F,F,F,F,F,F,F,F,F
EE 409,F,F,F,F,F,F,F,F,F,F,F,F,F,F,F,F,F,F,F,F,F,F,F,F,F,F,F,F,F,F,F,F,F,F,F,F,F
EE 410,F,F,F,F,F,F,F,F,F,F,F,F,F,F,F,F,F,F,F,F,F,F,F,F,F,F,F,F,F,F,F,F,F,F,F,F,F
EE 411,F,F,F,F,F,F,F,F,F,F,F,F,F,F,F,F,F,F,F,F,F,F,F,F,F,F,F,F,F,F,F,F,F,F,F,F,F
EE 413,F,F,F,F,F,F,F,F,F,F,F,F,F,F,F,F,F,F,F,F,F,F,F,F,F,F,F,F,F,F,F,F,F,F,F,F,F
EE 414,F,F,F,F,F,F,F,F,F,F,F,F,F,F,F,F,F,F,F,F,F,F,F,F,F,F,F,F,F,F,F,F,F,F,F,F,F
EE 415,F,F,F,F,F,F,F,F,F,F,F,F,F,F,F,F,F,F,F,F,F,F,F,F,F,F,F,F,F,F,F,F,F,F,F,F,F
EE 417,F,F,F,F,F,F,F,F,F,F,F,F,F,F,F,F,F,F,F,F,F,F,F,F,F,F,F,F,F,F,F,F,F,F,F,F,F
EE 419,F,F,F,F,F,F,F,F,F,F,F,F,F,F,F,F,F,F,F,F,F,F,F,F,F,F,F,F,F,F,F,F,F,F,F,F,F
EE 423,F,F,F,F,F,F,F,F,F,F,F,F,F,F,F,F,F,F,F,F,F,F,F,F,F,F,F,F,F,F,F,F,F,F,F,F,F
EE 426,F,F,F,F,F,F,F,F,F,F,F,F,F,F,F,F,F,F,F,F,F,F,F,F,F,F,F,F,F,F,F,F,F,F,F,F,F
EE 440,F,F,F,F,F,F,F,F,F,F,F,F,F,F,F,F,F,F,F,F,F,F,F,F,F,F,F,F,F,F,F,F,F,F,F,F,F
EE 444,F,F,F,F,F,F,F,F,F,F,F,F,F,F,F,F,F,F,F,F,F,F,F,F,F,F,F,F,F,F,F,F,F,F,F,F,F
EE 473,F,F,F,F,F,F,F,F,F,F,F,F,F,F,F,F,F,F,F,F,F,F,F,F,F,F,F,F,F,F,F,F,F,F,F,F,F
EE 480,F,F,F,F,F,F,,,,,,,,,,,,,,,,,,,,,,,,,,,,,,,
EE 48000,F,F,F,F,F,F,F,F,F,F,F,F,F,F,F,F,,,,,,,,,,,,,,,,,,,,,
EE 48001,F,F,F,F,F,F,F,F,F,F,F,F,F,F,F,F,F,F,F,F,F,F,F,F,F,F,F,F,F,F,,,,,,,
EE 48002,F,F,F,F,F,F,F,F,F,F,F,F,F,F,F,F,F,F,F,F,F,F,F,F,F,F,F,F,F,F,,,,,,,
EE 48004,F,F,F,F,F,F,F,F,F,F,F,F,F,F,F,F,F,F,F,F,F,F,F,F,F,F,F,F,F,F,,,,,,,
EE 48008,F,F,F,F,F,F,F,F,F,F,F,F,F,F,F,F,F,F,F,F,F,F,F,F,F,F,F,F,F,F,F,F,F,F,F,F,F
EE 48009,F,F,F,F,F,F,F,F,F,F,F,F,F,F,F,F,F,F,F,F,F,F,F,F,F,F,F,F,F,F,F,F,F,F,F,F,F
EE 48010,F,F,F,F,F,F,F,F,F,F,F,F,F,F,F,F,F,F,F,F,F,F,F,F,F,F,F,F,F,F,F,F,F,F,F,F,F
EE 48011,F,F,F,F,F,F,F,F,F,F,F,F,F,F,F,F,F,F,F,F,F,F,F,F,F,F,F,F,F,F,F,F,F,F,F,F,F
EE 482,F,F,F,F,F,F,,,,,,,,,,,,,,,,,,,,,,,,,,,,,,,
EL 202,F,F,F,,,,,,,,,,,,,,,,,,,,,,,,,,,,,,,,,,
EL 204,F,F,F,,,,,,,,,,,,,,,,,,,,,,,,,,,,,,,,,,
EL 302,F,F,F,,,,,,,,,,,,,,,,,,,,,,,,,,,,,,,,,,
EL 303,F,F,F,,,,,,,,,,,,,,,,,,,,,,,,,,,,,,,,,,
EL 304,F,F,F,,,,,,,,,,,,,,,,,,,,,,,,,,,,,,,,,,
EL 305,F,F,F,,,,,,,,,,,,,,,,,,,,,,,,,,,,,,,,,,
EL 306,F,F,F,,,,,,,,,,,,,,,,,,,,,,,,,,,,,,,,,,
EL 308,F,F,F,,,,,,,,,,,,,,,,,,,,,,,,,,,,,,,,,,
EL 310,F,F,F,,,,,,,,,,,,,,,,,,,,,,,,,,,,,,,,,,
EL 401,F,F,F,,,,,,,,,,,,,,,,,,,,,,,,,,,,,,,,,,
EL 402,F,F,F,,,,,,,,,,,,,,,,,,,,,,,,,,,,,,,,,,
EL 404,F,F,F,,,,,,,,,,,,,,,,,,,,,,,,,,,,,,,,,,
EL 405,F,F,F,,,,,,,,,,,,,,,,,,,,,,,,,,,,,,,,,,
EL 407,F,F,F,,,,,,,,,,,,,,,,,,,,,,,,,,,,,,,,,,
EL 444,F,F,F,,,,,,,,,,,,,,,,,,,,,,,,,,,,,,,,,,
EL 473,F,F,F,,,,,,,,,,,,,,,,,,,,,,,,,,,,,,,,,,
EL 480,F,F,F,,,,,,,,,,,,,,,,,,,,,,,,,,,,,,,,,,
ENG 300,F,F,F,F,F,F,F,F,F,F,F,F,F,F,F,F,F,F,F,F,F,F,F,F,F,F,F,F,F,F,F,F,F,F,F,F,F
ENRG 220,F,F,F,F,F,F,F,F,F,F,F,F,F,F,F,F,F,F,F,F,F,F,F,F,F,F,F,F,F,F,F,F,F,F,F,F,F
ENRG 301,F,F,F,F,F,F,F,F,F,F,F,F,F,F,F,F,F,F,F,F,F,F,F,F,F,F,F,F,F,F,F,F,F,F,F,F,F
ENRG 315,F,F,F,F,F,F,F,F,F,F,F,F,F,F,F,F,F,F,F,F,F,F,F,F,F,F,F,F,F,F,F,F,F,F,F,F,F
ENRG 322,F,F,F,F,F,F,F,F,F,F,F,F,F,F,F,F,F,F,F,F,F,F,F,F,F,F,F,F,F,F,F,F,F,F,F,F,F
ENRG 401,F,F,F,F,F,F,F,F,F,F,F,F,F,F,F,F,F,F,F,F,F,F,F,F,F,F,F,F,F,F,F,F,F,F,F,F,F
ENRG 420,F,F,F,F,F,F,F,F,F,F,F,F,F,F,F,F,F,F,F,F,F,F,F,F,F,F,F,F,F,F,F,F,F,F,F,F,F
ENRG 422,F,F,F,F,F,F,F,F,F,F,F,F,F,F,F,F,F,F,F,F,F,F,F,F,F,F,F,F,F,F,,,,,,,
ENRG 423,F,F,F,F,F,F,F,F,F,F,F,F,F,F,F,F,F,F,F,F,F,F,F,F,F,F,F,F,F,F,F,F,F,F,F,F,F
ENRG 424,F,F,F,F,F,F,F,F,F,F,F,F,F,F,F,F,F,F,F,F,F,F,F,F,F,F,F,F,F,F,F,F,F,F,F,F,F
ENRG 426,F,F,F,F,F,F,F,F,F,F,F,F,F,F,F,F,F,F,F,F,F,F,F,F,F,F,F,F,F,F,F,F,F,F,F,F,F
ENS 201,F:E,F:E,F:E,F:E,F:E,F:E,F:E,F:E,F:E,F:E,F:E,F:E,F:E,F:E,F:E,F:E,F:E,F:E,F:E,F:E,F:E,F:E,F:E,F:E,F:E,F:E,F:E,F:E,F:E,F:E,F:E,F:E,F:E,F:E,F:E,F:E,F:E
ENS 202,F:E,F:E,F:E,F:E,F:E,F:E,F:E,F:E,F:E,F:E,F:E,F:E,F:E,F:E,F:E,F:E,F:E,F:E,F:E,F:E,F:E,F:E,F:E,F:E,F:E,F:E,F:E,F:E,F:E,F:E,F:E,F:E,F:E,F:E,F:E,F:E,F:E
ENS 203,F:E,F:E,F:E,F:E,F:E,F:E,F:E,F:E,F:E,F:E,F:E,F:E,F:E,F:E,F:E,F:E,F:E,F:E,F:E,F:E,F:E,F:E,F:E,F:E,F:E,F:E,F:E,F:E,F:E,F:E,F:E,F:E,F:E,F:E,F:E,F:E,F:E
ENS 204,F:E,F:E,F:E,F:E,F:E,F:E,F:E,F:E,F:E,F:E,F:E,F:E,F:E,F:E,F:E,F:E,F:E,F:E,F:E,F:E,F:E,F:E,F:E,F:E,F:E,F:E,F:E,F:E,F:E,F:E,F:E,F:E,F:E,F:E,F:E,F:E,F:E
ENS 205,F:E,F:E,F:E,F:E,F:E,F:E,F:E,F:E,F:E,F:E,F:E,F:E,F:E,F:E,F:E,F:E,F:E,F:E,F:E,F:E,F:E,F:E,F:E,F:E,F:E,F:E,F:E,F:E,F:E,F:E,F:E,F:E,F:E,F:E,F:E,F:E,F:E
ENS 206,F:E,F:E,F:E,F:E,F:E,F:E,F:E,F:E,F:E,F:E,F:E,F:E,F:E,F:E,F:E,F:E,F:E,F:E,F:E,F:E,F:E,F:E,F:E,F:E,F:E,F:E,F:E,F:E,F:E,F:E,F:E,F:E,F:E,F:E,F:E,F:E,F:E
ENS 207,F,F,F,F,F,F,F,F,F,F,F,F,F,F,F,F,F,F,F,F,F,F,F,F,F,F,F,F,F,F,F:E,F:E,F:E,F:E,F:E,F:E,F:E
ENS 208,F:E,F:E,F:E,F:E,F:E,F:E,F:E,F:E,F:E,F:E,F:E,F:E,F:E,F:E,F:E,F:E,F:E,F:E,F:E,F:E,F:E,F:E,F:E,F:E,F:E,F:E,F:E,F:E,F:E,F:E,F:E,F:E,F:E,F:E,F:E,F:E,F:E
ENS 209,F,F,F,F,F,F,F,F,F,F,F,F,F,F,F,F,F,F,F,F,F,F,F,F,F,F,F,F,F,F,F:E,F:E,F:E,F:E,F:E,F:E,F:E
ENS 210,F:E,F:E,F:E,F:E,F:E,F:E,F:E,F:E,F:E,F:E,F:E,F:E,F:E,F:E,F:E,F:E,F:E,F:E,F:E,F:E,F:E,F:E,F:E,F:E,F:E,F:E,F:E,F:E,F:E,F:E,F:E,F:E,F:E,F:E,F:E,F:E,F:E
ENS 211,F:E,F:E,F:E,F:E,F:E,F:E,F:E,F:E,F:E,F:E,F:E,F:E,F:E,F:E,F:E,F:E,F:E,F:E,F:E,F:E,F:E,F:E,F:E,F:E,F:E,F:E,F:E,F:E,F:E,F:E,F:E,F:E,F:E,F:E,F:E,F:E,F:E
ENS 214,F,F,F,F,F,F,F,F,F,F,F,F,F,F,F,F,F,F,F,F,F,F,F,F,F,F,F,F,F,F,F:E,F:E,F:E,F:E,F:E,F:E,F:E
ENS 216,F,F,F,F,F,F,F,F,F,F,F,F,F,F,F,F,F,F,F,F,F,F,F,F,F,F,F,F,F,F,F:E,F:E,F:E,F:E,F:E,F:E,F:E
ENS 222,F,F,F,F,F,F,,,,,,,,,,,,,,,,,,,,,,,,,,,,,,,
ENS 301,F,F,F,F,F,F,F,F,F,F,F,F,F,F,F,F,F,F,F,F,F,F,F,F,F,F,F,,,,,,,,,,
ENS 302,F,F,F,F,F,F,F,F,F,,,,,,,,,,,,,,,,,,,,,,,,,,,,
ENS 303,F,F,F,F,F,F,F,F,F,F,F,F,F,F,F,F,F,F,F,F,F,F,F,F,F,F,F,F,F,F,F,F,F,F,F,F,F
ENS 309,F,F,F,F,F,F,F,F,F,F,F,F,F,F,F,F,F,F,F,,,,,,,,,,,,,,,,,,
ENS 311,F,F,F,F,F,F,F,F,F,F,F,F,F,F,F,F,F,F,F,F,F,F,F,F,F,F,F,F,F,F,F,F,F,F,F,F,F
ENS 315,F,F,F,F,F,F,F,F,F,F,F,F,F,F,F,F,F,F,F,F,F,F,F,F,F,F,F,,,,,,,,,,
ENS 409,F,F,F,F,F,F,F,F,F,F,F,F,F,F,F,F,F,F,F,F,F,F,F,F,F,F,F,F,F,F,F,F,F,,,,
ENS 410,F,F,F,F,F,F,F,F,F,F,F,F,F,F,F,F,F,F,F,F,F,F,F,F,F,F,F,F,F,F,F,F,F,F,F,F,F
ENS 413,F,F,F,F,F,F,F,F,F,F,F,F,F,F,F,F,F,F,F,F,F,F,F,F,F,F,F,F,F,F,F,F,F,F,F,F,F
ENS 414,F,F,F,F,F,F,F,F,F,F,F,F,F,F,F,F,F,F,F,F,F,F,F,F,F,F,F,F,F,F,F,F,F,F,F,F,F
ENS 480,F,F,F,F,F,F,,,,,,,,,,,,,,,,,,,,,,,,,,,,,,,
ENS 48000,F,F,F,F,F,F,F,F,F,F,F,F,,,,,,,,,,,,,,,,,,,,,,,,,
ENS 48001,F,F,F,F,F,F,F,F,F,F,F,F,F,F,F,F,F,F,F,F,F,,,,,,,,,,,,,,,,
ENS 48002,F,F,F,F,F,F,F,F,F,F,,,,,,,,,,,,,,,,,,,,,,,,,,,
ENS 4803,F,F,F,F,F,F,F,F,F,F,F,F,F,F,F,F,F,F,F,F,F,F,F,F,F,F,F,F,F,F,F,F,F,F,F,F,F
ENS 481,F,F,F,F,F,F,,,,,,,,,,,,,,,,,,,,,,,,,,,,,,,
ENS 498,F,F,F,F,F,F,F,F,F,,,,,,,,,,,,,,,,,,,,,,,,,,,,
ENS 499,F,F,F,F,F,F,F,F,F,,,,,,,,,,,,,,,,,,,,,,,,,,,,
ENT 201,F,F,F,F,F,F,F,F,F,F,F,F,F,F,F,F,F,F,F,F,F,F,F,F,F,F,F,F,F,F,F,F,F,F,F,F,F
FILM 231,F:A,F:A,F:A,F:A,F:A,F:A,F:A,F:A,F:A,F:A,F:A,F:A,F:A,F:A,F:A,F:A,F:A,F:A,F:A,F:A,F:A,F:A,F:A,F:A,F:A,F:A,F:A,F:A,F:A,,,,,,,,
FILM 331,F,F,F,F,F,F,F,F,F,F,F,F,F,F,F,F,F,F,F,F,F,F,F,F,F,F,F,F,F,,,,,,,,
FILM 335,F,F,F,F,F,F,F,F,F,F,F,F,F,F,F,F,F,F,F,F,F,F,F,F,F,F,F,F,F,,,,,,,,
FILM 345,F,F,F,F,F,F,F,F,F,F,F,F,F,F,F,F,F,F,F,F,F,F,F,F,F,F,F,F,F,,,,,,,,
FILM 390,F,F,F,F,F,F,F,F,F,F,F,F,F,F,F,F,F,F,F,F,F,F,F,F,F,F,F,F,F,,,,,,,,
FILM 424,F,F,F,F,F,F,F,F,F,F,F,F,F,F,F,F,F,F,F,F,F,F,F,F,F,F,F,F,F,,,,,,,,
FILM 432,F,F,F,F,F,F,F,F,F,F,F,F,F,F,F,F,F,F,F,F,F,F,F,F,F,F,F,F,F,,,,,,,,
FILM 435,F,F,F,F,F,F,F,F,F,F,F,F,F,F,F,F,F,F,F,F,F,F,F,F,F,F,F,F,F,,,,,,,,
FILM 436,F,F,F,F,F,F,F,F,F,F,F,F,F,F,F,F,F,F,F,F,F,F,F,F,F,F,F,F,F,,,,,,,,
FILM 452,F,F,F,F,F,F,F,F,F,F,F,F,F,F,F,F,F,F,F,F,F,F,F,F,F,F,F,F,F,,,,,,,,
FIN 301,F,F,F,F,F,F,F,F,F,F,F,F,F,F,F,F,F,F,F,F,F,F,F,F,F,F,F,F,F,F,F:M,F:M,F:M,F:M,F:M,F:M,F:M
FIN 401,F,F,F,F,F,F,F,F,F,F,F,F,F,F,F,F,F,F,F,F,F,F,F,F,F,F,F,F,F,F,F,F,F,F,F,F,F
FIN 402,F,F,F,F,F,F,F,F,F,F,F,F,F,F,F,F,F,F,F,F,F,F,F,F,F,F,F,F,F,F,F,F,F,F,F,F,F
FIN 403,F,F,F,F,F,F,F,F,F,F,F,F,F,F,F,F,F,F,F,F,F,F,F,F,F,F,F,F,F,F,F,F,F,F,F,F,F
FIN 404,F,F,F,F,F,F,F,F,F,F,F,F,F,F,F,F,F,F,F,F,F,F,F,F,F,F,,,,,,,,,,,
FIN 405,F,F,F,F,F,F,F,F,F,F,F,F,F,F,F,F,F,F,F,F,F,F,F,F,F,F,F,F,F,F,F,F,F,F,F,F,F
FIN 406,F,F,F,F,F,F,F,F,F,F,F,F,F,F,F,F,F,F,F,F,F,F,F,F,F,F,F,F,F,F,F,F,F,F,F,F,F
FIN 407,F,F,F,F,F,F,F,F,F,F,F,F,F,F,F,F,F,F,F,F,F,F,F,F,F,F,F,F,F,F,F,F,F,F,F,F,F
FIN 408,F,F,F,F,F,F,F,F,F,F,F,F,F,F,F,F,F,F,F,,,,,,,,,,,,,,,,,,
FIN 409,F,F,F,F,F,F,F,F,F,F,F,F,F,F,F,F,F,F,F,F,F,F,F,F,F,F,F,F,F,F,F,F,F,F,F,F,F
FIN 410,F,F,F,F,F,F,F,F,F,F,F,F,F,F,F,F,F,F,F,F,F,F,F,F,F,F,F,F,F,F,F,F,F,F,F,F,F
FIN 411,F,F,F,F,F,F,F,F,F,F,F,F,F,F,F,F,F,F,F,F,F,F,F,F,F,F,F,F,F,F,F,F,F,F,F,F,F
FIN 450,F,F,F,F,F,F,F,F,F,F,F,F,F,F,,,,,,,,,,,,,,,,,,,,,,,
FIN 451,F,F,F,F,F,F,F,F,F,F,F,F,F,F,,,,,,,,,,,,,,,,,,,,,,,
FIN 499,F,F,F,F,F,F,F,F,F,F,F,F,F,F,F,F,F,F,F,F,F,F,F,F,F,F,F,F,F,F,F,F,F,F,F,F,F
FRE 110,F,F,F,F,F,F,F,F,F,F,F,F,F,F,F,F,F,F,F,F,F,F,F,F,F,F,F,F,F,F,F,F,F,F,F,F,F
FRE 120,F,F,F,F,F,F,F,F,F,F,F,F,F,F,F,F,F,F,F,F,F,F,F,F,F,F,F,F,F,F,F,F,F,F,F,F,F
FRE 130,F,F,F,F,F,F,F,F,F,F,F,F,F,F,F,F,F,F,F,F,F,F,F,F,F,F,F,F,F,F,F,F,F,F,F,F,F
FRE 140,F,F,F,F,F,F,F,F,F,F,F,F,F,F,F,F,F,F,F,F,F,F,F,F,F,F,F,F,F,F,F,F,F,F,F,F,F
GEN 341,F,F,F,F,F,F,F,F,F,F,F,F,F,F,F,F:A,F:A,F:A,F:A,F:A,F:A,F:A,F:A,F:A,F:A,F:A,F:A,F:A,F:A,F:A,F:A,F:A,F:A,F:A,F:A,F:A,F:A
GEN 343,F,F,F,F,F,F,F,F,F,F,F,F,F,F,F,F,F,F,F,F,F,F,F,F,F,F,F,F,F,F,F,F,F,F,F,F,F
GEN 385,F,F,F,F,F,F,F,F,F,F,F,F,F,F,F,F,F,F,F,F,F,F,F,F,F,F,F,F,F,F,F,F,F,F,F,F,F
GEN 399,F,F,F,F,F,F,F,F,F,F,F,F,F,F,F,F,F,F,F,F,F,F,F,F,F,F,F,F,F,F,F,F,F,F,F,F,F
GEN 410,F,F,F,F,F,F,F,F,F,F,F,F,F,F,F,F,F,F,F,F,F,F,F,F,F,F,F,F,F,F,F,F,F,F,F,F,F
GEN 441,F,F,F,F,F,F,F,F,F,F,F,F,F,F,F,F,F,F,F,F,F,F,,,,,,,,,,,,,,,
GEN 442,F,F,F,F,F,F,F,F,F,F,F,F,F,F,F,F,F,F,F,F,F,F,F,F,F,F,F,F,F,F,F,F,F,F,F,F,F
GEN 444,F,F,F,F,F,F,F,F,F,F,F,F,F,F,F,F,F,F,F,F,F,F,F,F,F,F,F,F,F,F,F,F,F,F,F,F,F
GEN 480,F,F,F,F,F,F,F,F,F,F,F,F,F,F,F,F,F,F,F,F,F,F,F,F,F,F,F,F,F,F,F,F,F,F,F,F,F
GER 110,F,F,F,F,F,F,F,F,F,F,F,F,F,F,F,F,F,F,F,F,F,F,F,F,F,F,F,F,F,F,F,F,F,F,F,F,F
GER 120,F,F,F,F,F,F,F,F,F,F,F,F,F,F,F,F,F,F,F,F,F,F,F,F,F,F,F,F,F,F,F,F,F,F,F,F,F
GER 130,F,F,F,F,F,F,F,F,F,F,F,F,F,F,F,F,F,F,F,F,F,F,F,F,F,F,F,F,F,F,F,F,F,F,F,F,F
GER 140,F,F,F,F,F,F,F,F,F,F,F,F,F,F,F,F,F,F,F,F,F,F,F,F,F,F,F,F,F,F,F,F,F,F,F,F,F
HART 213,F:A,F:A,F:A,F:A,F:A,F:A,,,,,,,,,,,,,,,,,,,,,,,,,,,,,,,
HART 234,F,F,F,F,F,F,F,F,F,F,F,F,F,F,F,F,F,F,F,F,F,F,F,F,F,F,F,F,F,F,F,F,F,F,F,F,F
HART 292,F:A,F:A,F:A,F:A,F:A,F:A,F:A,F:A,F:A,F:A,F:A,F:A,F:A,F:A,F:A,F:A,F:A,F:A,F:A,F:A,F:A,F:A,F:A,F:A,F:A,F:A,F:A,F:A,F:A,F:A,F:A,F:A,F:A,F:A,F:A,F:A,F:A
HART 293,F:A,F:A,F:A,F:A,F:A,F:A,F:A,F:A,F:A,F:A,F:A,F:A,F:A,F:A,F:A,F:A,F:A,F:A,F:A,F:A,F:A,F:A,F:A,F:A,F:A,F:A,F:A,F:A,F:A,F:A,F:A,F:A,F:A,F:A,F:A,F:A,F:A
HART 311,F:A,F:A,F:A,F:A,F:A,F:A,F:A,F:A,F:A,F:A,F:A,F:A,F:A,F:A,F:A,F:A,F:A,F:A,F:A,F:A,F:A,F:A,F:A,F:A,F:A,,,,,,,,,,,,
HART 320,F,F,F,F,F,F,F,F,F,F,F,F,F,F,F,F,F,F,F,F,F,F,F,F,F,F,F,F,F,F,F,F,F,F,F,F,F
HART 323,F,F,F,F,,,,,,,,,,,,,,,,,,,,,,,,,,,,,,,,,
HART 380,F,F,F,F,F,F,F,F,F,F,F,F,F,F,F,F,F,F,F,F,F,F,F,F,F,F,F,F,F,F,,,,,,,
HART 392,F,F,F,F,F,F,F,F,F,F,F,F,F,F,F,F,F,F,F,F,F,F,F,F,F,F,F,F,F,,,,,,,,
HART 411,F,F,F,F,F,F,F,F,F,F,F,F,F,F,F,F,F,F,F,F,F,F,F,F,F,F,F,F,F,,,,,,,,
HART 413,F,F,F,F,F,F,F,F,F,F,F,F,F,F,F,F,F,F,F,F,F,F,F,F,F,F,F,F,F,F,F,F,F,F,F,F,F
HART 414,F,F,F,F,F,F,F,F,F,F,F,F,F,F,F,F,F,F,F,F,F,F,F,F,F,F,F,F,F,,,,,,,,
HART 424,F,,,,,,,,,,,,,,,,,,,,,,,,,,,,,,,,,,,,
HART 425,F,F,F,F,F,F,F,F,F,F,F,F,F,F,F,F,F,F,F,F,F,F,F,F,F,F,F,F,F,F,F,F,F,F,F,F,F
HART 426,F,F,F,F,F,F,F,F,F,F,F,F,F,F,F,F,F,F,F,F,F,F,F,F,F,F,F,F,F,F,F,F,F,F,F,F,F
HART 432,F,F,F,F,F,F,F,F,F,F,F,F,F,F,F,F,F,F,F,F,F,F,F,F,F,F,F,F,F,F,F,F,F,F,F,F,F
HART 450,F,F,F,F,F,F,F,F,F,F,F,F,F,F,F,F,F,F,F,F,F,F,F,F,F,F,F,F,F,,,,,,,,
HART 480,F,F,F,F,F,F,F,F,F,F,F,F,F,F,F,F,F,F,F,F,F,F,F,F,F,F,F,F,F,,,,,,,,
HIST 205,F:A,F:A,F:A,F:A,F:A,F:A,F:A,F:A,F:A,F:A,F:A,F:A,F:A,F:A,F:A,F:A,F:A,F:A,F:A,F:A,F:A,F:A,F:A,F:A,F:A,F:A,F:A,F:A,F:A,F:A,,,,,,,
HIST 221,F,F,F,F,F,F,F,F,F,F,F,F,F,F,F,F,F,F,F,F,F,F,F,F,F,,,,,,,,,,,,
HIST 223,F,F,F,F,F,F,F,F,F,F,F,F,F,F,F,F,F,F,F,F,F,F,F,F,F,,,,,,,,,,,,
HIST 227,F,F,F,F,F,F,F,F,F,F,F,F,F,F,F,F,F,F,F,F,F,F,F,F,F,,,,,,,,,,,,
HIST 233,F,F,F,F,F,F,F,F,F,F,F,F,F,F,F,F,F,F,F,F,F,F,F,F,F,F,F,F,F,F,F,F,F,F,F,F,F
HIST 242,F,F,F,F,F,F,F,F,F,F,F,F,F,F,F,F,F,F,F,F,F,F,F,F,F,,,,,,,,,,,,
HIST 245,F:A,F:A,F:A,F:A,F:A,F:A,F:A,F:A,F:A,F:A,F:A,F:A,F:A,F:A,F:A,F:A,F:A,F:A,F:A,F:A,F:A,F:A,F:A,F:A,F:A,,,,,,,,,,,,
HIST 285,F,F,F,F,F,F,F,F,F,F,F,F,F,F,F,F,F,F,F,F,F,F,F,F,F,,,,,,,,,,,,
HIST 315,F,F,F,F,F,F,F,F,F,F,F,F,F,F,F,F,F,F,F,F,F,F,F,F,,,,,,,,,,,,,
HIST 316,F,F,F,F,F,F,,,,,,,,,,,,,,,,,,,,,,,,,,,,,,,
HIST 323,F,F,F,F,F,F,F,F,F,F,F,F,F,F,F,F,F,F,F,F,F,F,F,F,F,,,,,,,,,,,,
HIST 324,F,F,F,F,F,F,F,F,F,F,F,F,F,F,F,F,F,F,F,F,F,F,F,F,F,,,,,,,,,,,,
HIST 326,F,F,F,F,F,F,F,F,F,F,F,F,F,F,F,F,F,F,F,F,F,F,F,F,F,,,,,,,,,,,,
HIST 331,F,F,F,F,F,F,F,F,F,F,F,F,F,F,F,F,F,F,F,F,F,F,F,F,,,,,,,,,,,,,
HIST 332,F,F,F,F,F,F,F,F,F,F,F,F,F,F,F,F,F,F,,,,,,,,,,,,,,,,,,,
HIST 335,F,F,F,F,F,F,F,F,F,F,F,F,F,F,F,F,F,F,F,F,F,F,F,F,F,F,F,F,F,F,F,F,F,F,F,F,F
HIST 336,F,F,F,F,F,F,F,F,F,F,F,F,F,F,F,F,F,F,F,F,F,,,,,,,,,,,,,,,,
HIST 341,F,F,F,F,F,F,F,F,F,F,F,F,F,F,F,F,F,F,F,F,F,F,F,F,F,,,,,,,,,,,,
HIST 349,F:A,F:A,F:A,F:A,F:A,F:A,F:A,F:A,F:A,F:A,F:A,F:A,F:A,F:A,F:A,F:A,F:A,F:A,F:A,F:A,F:A,F:A,F:A,F:A,F:A,F:A,F:A,F:A,F:A,F:A,F:A,F:A,F:A,F:A,F:A,F:A,F:A
HIST 370,F,F,F,F,F,F,F,F,F,F,F,F,F,F,F,F,F,F,F,F,F,F,F,F,F,,,,,,,,,,,,
HIST 371,F,F,F,F,F,F,F,F,F,F,F,F,F,F,F,F,F,F,F,F,F,F,F,F,F,F,F,F,F,F,F,F,F,F,F,F,F
HIST 385,F,F,F,F,F,F,F,F,F,F,F,F,F,F,F,F,F,F,F,F,F,F,F,F,F,,,,,,,,,,,,
HIST 397,F,F,F,F,F,F,F,F,F,F,F,F,F,F,F,F,F,F,F,F,F,F,F,F,F,,,,,,,,,,,,
HIST 406,F,F,F,F,F,F,F,F,F,F,F,F,F,F,F,F,F,F,F,F,F,F,F,F,F,,,,,,,,,,,,
HIST 415,F,F,F,F,F,F,F,F,F,F,F,F,F,F,F,F,F,F,F,F,F,F,F,F,F,,,,,,,,,,,,
HIST 423,F,F,F,F,F,F,F,F,F,F,F,F,F,F,F,F,F,F,F,F,F,F,F,F,F,,,,,,,,,,,,
HIST 425,F,F,F,F,F,F,F,F,F,F,F,F,F,F,F,F,F,F,F,F,F,F,F,F,F,,,,,,,,,,,,
HIST 427,F,F,F,F,F,F,F,F,F,F,F,F,F,F,F,F,F,F,F,F,F,F,F,F,F,,,,,,,,,,,,
HIST 431,F,F,F,F,F,F,F,F,F,F,F,F,F,F,F,F,F,F,F,F,F,F,F,F,F,,,,,,,,,,,,
HIST 433,F,F,F,F,F,F,F,F,F,F,F,F,F,F,F,F,F,F,F,F,F,F,F,F,F,,,,,,,,,,,,
HIST 434,F,F,F,F,,,,,,,,,,,,,,,,,,,,,,,,,,,,,,,,,
HIST 436,F,F,F,F,F,F,F,F,F,F,F,F,F,F,F,F,F,F,F,F,F,F,F,F,F,,,,,,,,,,,,
HIST 437,F,F,F,F,F,F,F,F,F,F,F,F,F,F,F,F,F,F,F,F,F,F,F,F,F,,,,,,,,,,,,
HIST 438,F,F,F,F,F,F,F,F,F,F,F,F,F,F,F,F,F,F,F,F,F,F,F,F,F,,,,,,,,,,,,
HIST 439,F,F,F,F,F,F,F,F,F,F,F,F,F,F,F,F,F,F,F,F,F,F,F,F,F,F,F,F,F,F,F,F,F,F,F,F,F
HIST 441,F,F,F,F,F,F,F,F,F,F,F,F,F,F,F,F,F,F,F,F,F,F,F,F,F,,,,,,,,,,,,
HIST 443,F,F,F,F,F,F,F,F,F,F,F,F,F,F,F,F,F,F,F,F,F,F,F,F,F,,,,,,,,,,,,
HIST 447,F,F,F,F,F,F,F,F,F,F,F,F,F,F,F,F,F,F,F,F,F,F,F,F,F,,,,,,,,,,,,
HIST 450,F,F,F,F,F,F,F,F,F,F,F,F,F,F,F,F,F,F,F,F,F,F,F,F,F,,,,,,,,,,,,
HIST 455,F,F,F,F,F,F,F,F,F,F,F,F,F,F,F,F,F,F,F,F,F,F,F,F,F,,,,,,,,,,,,
HIST 461,F,F,F,F,F,F,F,F,F,F,F,F,F,F,F,F,F,F,F,F,F,F,F,F,F,,,,,,,,,,,,
HIST 462,F,F,F,F,F,F,F,F,F,F,F,F,F,F,F,F,F,F,F,F,F,F,F,F,F,,,,,,,,,,,,
HIST 463,F,F,F,F,F,F,F,F,F,F,F,F,F,F,F,F,F,F,F,F,F,F,F,F,F,,,,,,,,,,,,
HIST 465,F,F,F,F,F,F,F,F,F,F,F,F,F,F,F,F,F,F,F,F,F,F,F,F,F,,,,,,,,,,,,
HIST 473,F,F,F,F,F,F,F,F,F,F,F,F,F,F,F,F,F,F,F,F,F,F,F,F,F,,,,,,,,,,,,
HIST 475,F,F,F,F,F,F,F,F,F,F,F,F,F,F,F,F,F,F,F,F,F,F,F,F,F,,,,,,,,,,,,
HIST 476,F,F,F,F,F,F,F,F,F,F,F,F,F,F,F,F,F,F,F,F,F,F,F,F,F,,,,,,,,,,,,
HIST 484,F,F,F,F,F,F,F,F,F,F,F,F,F,F,F,F,F,F,F,F,F,F,F,F,F,,,,,,,,,,,,
HIST 485,F,F,F,F,F,F,F,F,F,F,F,F,F,F,F,,,,,,,,,,,,,,,,,,,,,,
HIST 486,F,F,F,F,F,F,F,F,F,F,F,F,F,F,F,F,F,F,F,F,F,F,F,F,F,,,,,,,,,,,,
HIST 487,F,F,F,F,F,F,F,F,F,F,F,F,F,F,F,F,F,F,F,F,F,F,F,F,F,,,,,,,,,,,,
HIST 488,F,F,F,F,F,F,F,F,F,F,F,F,F,F,F,F,F,F,F,F,F,F,F,F,F,,,,,,,,,,,,
HIST 489,F,F,F,F,F,F,F,F,F,F,F,F,F,F,F,F,F,F,F,F,F,F,F,F,F,F,F,F,F,F,F,F,F,F,F,F,F
HIST 490,F,F,F,F,F,F,F,F,F,F,F,F,F,F,F,F,F,F,F,F,F,F,F,F,F,,,,,,,,,,,,
HIST 491,F,F,F,F,F,F,F,F,F,F,F,F,F,F,F,F,F,F,F,F,F,F,F,F,F,,,,,,,,,,,,
HIST 492,F,F,F,F,F,F,F,F,F,F,F,F,F,F,F,F,F,F,F,F,F,F,F,F,F,,,,,,,,,,,,
HIST 493,F,F,F,F,F,F,F,F,F,F,F,F,F,F,F,F,F,F,F,F,F,F,F,F,F,,,,,,,,,,,,
HIST 494,F,F,F,F,F,F,F,F,F,F,F,F,F,F,F,F,F,F,F,F,F,F,F,F,F,,,,,,,,,,,,
HIST 497,F,F,F,F,F,F,F,F,F,F,F,F,F,F,F,F,F,F,F,F,F,F,F,F,F,,,,,,,,,,,,
HIST 498,F,F,F,F,F,F,F,F,F,F,F,F,F,F,F,F,F,F,F,F,F,F,F,F,F,,,,,,,,,,,,
HUM 413,F,F,F,F,F,F,F,F,F,F,F,F,F,F,F,F,F,F,F,F,F,F,F,F,F,F,F,F,F,F,F,F,F,F,F,F,F
HUM 414,F,F,F,F,F,F,F,F,F,F,F,F,F,F,F,F,F,F,F,F,F,F,F,F,F,F,F,F,F,F,F,F,F,F,F,F,F
IE 301,F,F,F,F,F,F,F,F,F,F,F,F,F,,,,,,,,,,,,,,,,,,,,,,,,
IE 302,F,F,F,F,F,F,F,F,F,F,F,F,F,F,F,F,,,,,,,,,,,,,,,,,,,,,
IE 303,F,F,F,F,F,F,F,F,F,F,F,F,F,F,F,F,F,F,F,F,F,F,F,F,F,F,F,F,F,F,F,F,F,F,F,F,F
IE 304,F,F,F,F,F,F,F,F,F,F,F,F,F,F,F,F,F,F,F,F,F,F,F,F,F,F,F,F,F,F,F,F,F,F,F,F,F
IE 305,F,F,F,F,F,F,F,F,F,F,F,F,F,F,F,F,F,F,F,F,F,F,F,F,F,F,F,F,F,F,F,F,F,F,F,F,F
IE 306,F,F,F,F,F,F,F,,,,,,,,,,,,,,,,,,,,,,,,,,,,,,
IE 307,F,F,F,F,F,F,,,,,,,,,,,,,,,,,,,,,,,,,,,,,,,
IE 308,F,F,F,F,F,F,F,F,F,F,F,F,F,F,F,F,F,F,F,F,F,F,F,F,F,,,,,,,,,,,,
IE 309,F,F,F,F,F,F,F,F,F,F,F,F,F,F,F,F,F,F,F,F,F,F,F,F,F,F,F,F,F,F,F,F,F,F,F,F,F
IE 311,F,F,F,F,F,F,F,F,F,F,F,F,F,F,F,F,F,F,F,F,F,F,F,F,F,F,F,F,F,F,F,F,F,F,F,F,F
IE 312,F,F,F,F,F,F,F,F,F,F,F,F,F,F,F,F,F,F,F,F,F,F,F,F,F,F,F,F,F,F,F,F,F,F,F,F,F
IE 313,F,F,F,F,F,F,F,F,F,F,F,F,F,F,F,F,F,F,F,F,F,F,F,F,F,F,F,F,F,F,F,F,F,F,F,F,F
IE 398,F,F,F,F,F,F,F,F,F,F,F,F,F,F,F,F,F,F,F,F,F,F,F,F,F,,,,,,,,,,,,
IE 399,F,F,F,F,F,F,F,F,F,F,F,F,F,F,F,F,F,F,F,F,F,F,F,F,F,,,,,,,,,,,,
IE 401,F,F,F,F,F,F,F,F,F,F,F,F,F,F,F,F,F,F,F,F,F,F,F,F,F,F,F,F,F,F,F,F,F,F,F,F,F
IE 402,F,F,F,F,F,F,F,F,F,F,F,F,F,F,F,F,F,F,F,F,F,F,F,F,F,F,F,F,F,F,F,F,F,F,F,F,F
IE 403,F,F,F,F,F,F,F,F,F,F,F,F,F,F,F,F,F,F,F,F,F,F,F,F,F,F,F,F,F,F,F,F,F,F,F,F,F
IE 404,F,F,F,F,F,F,F,F,F,F,F,F,F,F,F,F,F,F,F,F,F,F,F,F,F,F,F,F,F,F,F,F,F,F,F,F,F
IE 405,F,F,F,F,F,F,F,F,F,F,F,F,F,F,F,F,F,F,F,F,F,F,F,F,F,F,F,F,F,F,F,F,F,F,F,F,F
IE 407,F,F,F,F,F,F,F,F,F,F,F,F,F,F,F,F,F,F,F,F,F,F,F,F,F,,,,,,,,,,,,
IE 408,F,F,F,F,F,F,F,F,F,F,F,F,F,F,F,F,,,,,,,,,,,,,,,,,,,,,
IE 409,F,F,F,F,F,F,F,F,F,F,F,F,F,F,F,F,F,F,F,F,F,F,F,F,F,F,F,F,F,F,F,F,F,F,F,F,F
IE 411,F,F,F,F,F,F,F,F,F,F,F,F,F,F,F,F,F,F,F,F,F,F,F,F,F,F,F,F,F,F,F,F,F,F,F,F,F
IE 412,F,F,F,F,F,F,F,F,F,F,F,F,F,F,F,F,F,F,F,F,F,F,F,F,F,,,,,,,,,,,,
IE 413,F,F,F,F,F,F,F,F,F,F,F,F,F,F,F,F,F,F,F,F,F,F,F,F,F,F,F,F,F,F,F,F,F,F,F,F,F
IE 414,F,F,F,F,F,F,F,F,F,F,F,F,F,F,F,F,F,F,F,F,F,F,F,F,F,F,F,F,F,F,F,F,F,F,F,F,F
IE 415,F,F,F,F,F,F,F,F,F,,,,,,,,,,,,,,,,,,,,,,,,,,,,
IE 416,F,F,F,F,F,F,F,F,F,F,F,F,F,F,F,F,F,F,F,F,F,F,F,F,F,F,F,F,F,F,F,F,F,F,F,F,F
IE 417,F,F,F,F,,,,,,,,,,,,,,,,,,,,,,,,,,,,,,,,,
IE 418,F,F,F,F,F,F,F,F,F,F,F,F,F,F,F,F,F,F,F,F,F,F,F,F,F,,,,,,,,,,,,
IE 419,F,F,F,F,F,F,F,F,F,F,F,F,F,F,F,F,F,F,F,F,F,F,F,F,F,,,,,,,,,,,,
IE 420,F,F,F,F,F,F,F,F,F,F,F,F,F,F,F,F,F,F,F,F,F,F,F,F,F,,,,,,,,,,,,
IE 425,F,F,F,F,,,,,,,,,,,,,,,,,,,,,,,,,,,,,,,,,
IE 430,F,F,F,F,F,F,F,F,F,F,F,F,F,F,F,F,F,F,F,F,F,F,F,F,F,F,F,F,F,F,F,F,F,F,F,F,F
IE 432,F,F,F,F,F,F,F,F,F,F,F,F,F,F,F,F,F,F,F,F,F,F,F,F,F,F,F,F,F,F,F,F,F,F,F,F,F
IE 435,F,F,F,F,F,F,F,F,F,F,F,F,F,F,F,F,F,F,F,F,F,F,F,F,F,F,F,F,F,F,F,F,F,F,F,F,F
IE 436,F,F,F,F,F,F,F,F,F,F,F,F,F,F,F,F,F,F,F,F,F,F,F,F,F,F,F,F,F,F,F,F,F,F,F,F,F
IE 451,F,F,F,F,F,F,F,F,F,F,F,F,F,F,F,F,F,F,F,F,F,F,F,F,F,F,F,F,F,F,F,F,F,F,F,F,F
IE 454,F,F,F,F,F,F,F,F,F,F,F,F,F,F,F,F,F,F,F,F,F,F,F,F,F,F,F,F,F,F,F,F,F,F,F,F,F
IE 471,F,F,F,F,F,F,F,F,F,F,,,,,,,,,,,,,,,,,,,,,,,,,,,
IE 472,F,F,F,F,F,F,F,,,,,,,,,,,,,,,,,,,,,,,,,,,,,,
IE 480,F,F,F,F,F,F,,,,,,,,,,,,,,,,,,,,,,,,,,,,,,,
IE 48000,F,F,F,F,F,F,F,F,F,F,F,F,F,F,F,F,F,F,F,F,F,F,F,F,F,,,,,,,,,,,,
IE 48001,F,F,F,F,F,F,F,F,F,F,F,F,F,F,F,F,F,F,F,F,F,F,F,F,F,,,,,,,,,,,,
IE 48002,F,F,F,F,F,F,F,F,F,F,F,F,F,F,F,F,F,F,F,F,F,F,F,F,F,F,F,F,F,F,F,F,F,F,F,F,F
IE 48003,F,F,F,F,F,F,F,F,F,F,F,F,F,F,F,F,F,F,F,F,F,F,F,F,F,,,,,,,,,,,,
IE 48004,F,F,F,F,F,F,F,F,F,F,F,F,F,F,F,F,F,F,F,F,F,F,F,F,F,,,,,,,,,,,,
IE 48005,F,F,F,F,F,F,F,F,F,F,F,F,F,F,F,F,F,F,F,F,F,F,F,F,F,F,F,F,F,F,F,F,F,F,F,F,F
IE 481,F,F,F,F,F,F,,,,,,,,,,,,,,,,,,,,,,,,,,,,,,,
IE 482,F,F,F,F,F,F,,,,,,,,,,,,,,,,,,,,,,,,,,,,,,,
IE 483,F,F,F,F,F,F,,,,,,,,,,,,,,,,,,,,,,,,,,,,,,,
IF 200,F,F,F,F,F,F,F,F,F,F,F,F,F,F,F,F,F,F,F,F,F,F,F,F,F,F,F,F,F,F,F,F,F,F,F,F,F
IF 201,F,F,F,F,F,F,F,F,F,F,F,F,F,F,F,F,F,F,F,F,F,F,F,F,F,F,F,F,F,F,F,F,F,F,F,F,F
IF 301,F,F,F,F,F,F,F,F,F,F,F,F,F,F,F,F,F,F,F,F,F,F,F,F,F,F,F,F,F,F,F,F,F,F,F,F,F
IF 333,F,F,F,F,F,F,F,F,F,F,F,F,F,F,F,F,F,F,F,F,F,F,F,F,F,F,F,F,F,F,F,F,F,F,F,F,F
IF 401,F,F,F,F,F,F,F,F,F,F,F,F,F,F,F,F,F,F,F,F,F,F,F,F,F,F,F,,,,,,,,,,
IF 402,F,F,F,F,F,F,F,F,F,F,F,F,F,F,F,F,F,F,F,F,F,F,F,F,F,F,F,F,F,F,F,F,F,F,F,F,F
IF 405,F,F,F,F,F,F,F,F,F,F,F,F,F,F,F,F,F,F,F,F,F,F,F,F,F,F,F,F,F,F,F,F,F,F,F,F,F
IF 467,F,F,F,F,F,F,F,F,F,F,F,F,F,F,F,F,F,F,F,F,F,F,F,F,F,F,F,F,F,F,F,F,F,F,F,F,F
IR 201,F:A,F:A,F:A,F:A,F:A,F:A,F:A,F:A,F:A,F:A,F:A,F:A,F:A,F:A,F:A,F:A,F:A,F:A,F:A,F:A,F:A,F:A,F:A,F:A,F:A,F:A,F:A,F:A,F:A,F:A,F:A,F:A,F:A,F:A,F:A,F:A,F:A
IR 301,F:A,F:A,F:A,F:A,F:A,F:A,F:A,F:A,F:A,F:A,F:A,F:A,F:A,F:A,F:A,F:A,F:A,F:A,F:A,F:A,F:A,F:A,F:A,F:A,F:A,F:A,F:A,F:A,F:A,F:A,F:A,F:A,F:A,F:A,F:A,F:A,F:A
IR 341,F,F,F,F,F,F,F,F,F,F,F,F,F,F,F,F,F,F,F,F,F,F,F,F,F,F,F,F,F,F,F,F,F,F,F,F,F
IR 342,F,F,F,F,F,F,F,F,F,F,F,F,F,F,F,F,F,F,F,F,F,F,F,F,F,F,F,F,F,F,F,F,F,F,F,F,F
IR 389,F,F,F,F,F,F,F,F,F,F,F,F,F,F,F,F,F,F,,,,,,,,,,,,,,,,,,,
IR 391,F:A,F:A,F:A,F:A,F:A,F:A,F:A,F:A,F:A,F:A,F:A,F:A,F:A,F:A,F:A,F:A,F:A,F:A,F:A,F:A,F:A,F:A,F:A,F:A,F:A,F:A,F:A,F:A,F:A,F:A,F:A,F:A,F:A,F:A,F:A,F:A,F:A
IR 392,F,F,F,F,F,F,F,F,F,F,F,F,F,F,F,F,F,F,F,F,F,F,F,F,F,F,F,F,F,F,F,F,F,F,F,F,F
IR 394,F:A,F:A,F:A,F:A,F:A,F:A,F:A,F:A,F:A,F:A,F:A,F:A,F:A,F:A,F:A,F:A,F:A,F:A,F:A,F:A,F:A,F:A,F:A,F:A,F:A,F:A,F:A,F:A,F:A,F:A,F:A,F:A,F:A,F:A,F:A,F:A,F:A
IR 400,F,F,F,F,F,F,F,F,F,F,F,F,F,F,F,F,F,F,,,,,,,,,,,,,,,,,,,
IR 402,F,F,F,F,F,F,F,F,F,F,F,F,F,F,F,F,F,F,F,F,F,F,F,F,F,F,F,F,F,F,F,F,F,F,F,F,F
IR 403,F,F,F,F,F,F,F,F,F,F,F,F,F,F,F,F,,,,,,,,,,,,,,,,,,,,,
IR 404,F,F,F,F,F,F,F,F,F,F,F,F,F,F,F,,,,,,,,,,,,,,,,,,,,,,
IR 405,F,F,F,F,F,F,F,F,F,F,F,F,F,F,F,F,F,F,F,F,F,F,F,F,F,F,F,F,F,F,F,F,F,F,F,F,F
IR 410,F,F,F,F,F,F,F,F,F,F,F,F,F,F,F,F,F,F,F,F,F,F,F,F,F,F,F,F,F,F,F,F,F,F,F,F,F
IR 489,F,F,F,F,F,F,F,F,F,F,F,F,F,F,F,F,F,F,F,F,F,F,F,F,F,F,F,F,F,F,F,F,F,F,F,F,F
IR 493,F,F,F,F,F,F,F,F,F,F,F,F,F,F,F,F,F,F,,,,,,,,,,,,,,,,,,,
ITA 110,F,F,F,F,F,F,F,F,F,F,F,F,F,F,F,F,F,,,,,,,,,,,,,,,,,,,,
ITA 120,F,F,F,F,F,F,F,F,F,F,F,F,F,F,F,F,F,,,,,,,,,,,,,,,,,,,,
ITA 130,F,F,F,F,F,F,F,F,F,F,F,F,F,,,,,,,,,,,,,,,,,,,,,,,,
ITA 140,F,F,F,F,F,F,F,F,F,F,F,F,F,F,,,,,,,,,,,,,,,,,,,,,,,
JAP 110,F,,,,,,,,,,,,,,,,,,,,,,,,,,,,,,,,,,,,
JAP 120,F,F,,,,,,,,,,,,,,,,,,,,,,,,,,,,,,,,,,,
JAP 140,F,,,,,,,,,,,,,,,,,,,,,,,,,,,,,,,,,,,,
JAP 150,F,F,,,,,,,,,,,,,,,,,,,,,,,,,,,,,,,,,,,
LAT 110,F,F,F,F,F,F,F,F,F,F,F,F,F,F,F,F,F,F,F,F,,,,,,,,,,,,,,,,,
LAT 120,F,F,F,F,F,F,F,F,F,F,F,F,F,F,F,F,F,F,F,F,,,,,,,,,,,,,,,,,
LAT 130,F,F,F,F,F,F,F,F,F,F,F,F,F,F,F,F,F,F,F,F,,,,,,,,,,,,,,,,,
LAT 140,F,F,F,F,F,F,F,F,F,F,F,F,F,F,F,F,F,F,F,F,,,,,,,,,,,,,,,,,
LAT 150,F,F,F,F,F,F,F,F,F,,,,,,,,,,,,,,,,,,,,,,,,,,,,
LAW 311,F,F,F,F,F,F,F,F,F,F,F,F,F,F,F,F,F,F,F,F,F,F,F,F,F,F,F,F,F,F,F,F,F,F,F,F,F
LAW 312,F,F,F,F,F,F,F,F,F,F,F,F,F,F,F,F,F,F,F,F,F,F,F,F,F,F,F,F,F,F,F,F,F,F,F,F,F
LAW 403,F,F,F,F,F,F,F,F,F,,,,,,,,,,,,,,,,,,,,,,,,,,,,
LAW 404,F,F,F,,,,,,,,,,,,,,,,,,,,,,,,,,,,,,,,,,
LIT 212,F:A,F:A,F:A,F:A,F:A,F:A,F:A,F:A,F:A,F:A,F:A,F:A,F:A,F:A,F:A,F:A,F:A,F:A,F:A,F:A,F:A,F:A,F:A,F:A,F:A,F:A,F:A,F:A,F:A,F:A,F:A,F:A,F:A,F:A,F:A,F:A,F:A
LIT 290,F,F,F,F,F,F,F,F,F,F,F,F,F,F,F,,,,,,,,,,,,,,,,,,,,,,
LIT 334,F,F,F,F,F,F,F,F,F,,,,,,,,,,,,,,,,,,,,,,,,,,,,
LIT 345,F,F,F,F,F,F,F,F,F,,,,,,,,,,,,,,,,,,,,,,,,,,,,
LIT 359,F:A,F:A,F:A,F:A,F:A,F:A,F:A,F:A,F:A,F:A,F:A,F:A,F:A,F:A,F:A,F:A,F:A,F:A,F:A,F:A,F:A,F:A,F:A,F:A,F:A,F:A,F:A,F:A,F:A,F:A,F:A,F:A,F:A,F:A,F:A,F:A,F:A
LIT 394,F,F,F,F,F,F,F,F,F,F,F,F,F,F,F,F,F,F,F,F,F,F,F,F,F,F,F,F,F,F,F,F,F,F,F,F,F
LIT 434,F,F,F,F,F,F,F,F,F,F,F,F,,,,,,,,,,,,,,,,,,,,,,,,,
LIT 440,F,F,F,F,F,F,F,F,F,F,F,F,F,F,F,F,F,F,F,F,F,F,F,F,F,F,F,F,F,F,F,F,F,F,F,F,F
LIT 445,F,F,F,F,F,F,F,F,F,F,F,F,F,F,F,F,F,F,F,F,F,F,F,F,F,F,F,F,F,F,F,F,F,F,F,F,F
LIT 492,F,F,F,F,F,F,F,F,F,F,F,F,F,F,F,F,,,,,,,,,,,,,,,,,,,,,
MATH 206,F,F,F,F,F,F,F,F,F,F,F,F,F,F,F,F,F,F,F,F,F,F,F,F,F,F,F,F,F,F,F,F,F,F,F,F,F
MATH 212,F:E,F:E,F:E,F:E,F:E,F:E,F:E,F:E,F:E,F:E,F:E,F:E,MR:E,MR:E,MR:E,MR:E,MR:E,MR:E,MR:E,MR:E,MR:E,MR:E,MR:E,MR:E,MR:E,MR:E,MR:E,MR:E,MR:E,MR:E,MR:E,MR:E,MR:E,MR:E,MR:E,MR:E,MR:E
MATH 221,F,F,F,F,F,F,F,F,F,F,F,F,F,F,F,,,,,,,,,,,,,,,,,,,,,,
MATH 301,F,F,F,F,F,F,F,F,F,F,F,F,F,F,F,F,F,F,F,F,F,F,F,F,F,F,F,F,F,F,F,F,F,F,F,F,F
MATH 305,F,F,F,F,F,F,F,F,F,F,F,F,F,F,F,F,F,F,F,F,F,F,F,F,F,F,F,F,F,F,F,F,F,F,F,F,F
MATH 307,F,F,F,F,F,F,F,F,F,F,F,F,F,F,F,F,F,F,F,F,F,F,F,F,F,F,F,F,F,F,F,F,F,F,F,F,F
MATH 311,F,F,F,F,F,F,F,F,F,F,F,F,F,F,F,F,F,F,F,F,F,F,F,F,F,F,F,F,F,F,F,F,F,F,F,F,F
MATH 317,F,F,F,F,F,F,F,F,F,F,F,F,F,F,F,F,F,F,F,F,F,F,F,F,F,F,F,F,F,F,F,F,F,F,F,F,F
MATH 318,F,F,F,F,F,F,F,F,F,F,F,F,F,F,F,F,F,F,F,F,F,F,F,F,F,F,F,F,F,F,F,F,F,F,F,F,F
MATH 322,F,F,F,F,F,F,F,F,F,F,F,F,F,F,F,F,F,F,F,F,F,F,F,F,F,F,F,F,F,F,F,F,F,F,F,F,F
MATH 401,F,F,F,F,,,,,,,,,,,,,,,,,,,,,,,,,,,,,,,,,
MATH 402,F,F,F,F,F,F,F,F,F,F,F,F,F,F,F,F,F,F,F,F,F,,,,,,,,,,,,,,,,
MATH 405,F,F,F,F,F,F,F,F,F,F,F,F,F,F,F,F,F,F,F,F,F,F,F,F,F,,,,,,,,,,,,
MATH 409,F,F,F,F,F,F,F,F,F,F,F,F,F,F,F,F,F,F,F,F,F,F,F,F,F,F,F,F,F,F,F,F,F,F,F,F,F
MATH 410,F,F,F,F,F,F,F,F,F,F,F,F,F,F,F,F,F,F,F,F,F,F,F,F,F,F,F,F,F,F,F,F,F,F,F,F,F
MATH 414,F,F,F,F,F,F,F,F,F,F,F,F,F,F,F,F,F,F,F,F,F,F,F,F,F,F,F,F,F,F,F,F,F,F,F,F,F
MATH 428,F,F,F,F,F,F,F,F,F,F,F,F,F,F,F,F,F,F,F,F,F,F,F,F,F,F,F,F,F,F,F,F,F,F,F,F,F
MATH 479,F,F,F,F,F,F,F,F,F,F,F,F,F,F,F,F,F,F,F,F,F,F,F,F,F,,,,,,,,,,,,
MATH 480,F,F,F,F,F,F,,,,,,,,,,,,,,,,,,,,,,,,,,,,,,,
MATH 481,F,F,F,F,F,F,,,,,,,,,,,,,,,,,,,,,,,,,,,,,,,
MATH 484,F,F,F,F,F,F,F,F,F,F,F,F,F,F,F,F,F,F,F,F,F,F,F,F,F,F,F,F,F,F,F,F,F,F,F,F,F
MAT 202,F,,,,,,,,,,,,,,,,,,,,,,,,,,,,,,,,,,,,
MAT 204,F,F,F,F,F,F,F,F,F,F,F,F,F,F,F,F,F,F,F,F,F,F,F,F,F,F,F,F,F,F,F:E,F:E,F:E,F:E,F:E,F:E,F:E
MAT 206,F,F,F,F,F,F,F,F,F,F,F,F,F,F,F,F,F,F,F,F,F,F,F,F,F,F,F,F,F,F,F,F,F,F,F,F,F
MAT 302,F,F,F,F,F,F,F,F,F,F,F,F,F,F,F,F,F,F,F,F,F,F,F,F,F,F,F,F,F,F,F,F,F,F,F,F,F
MAT 304,F,F,F,F,F,F,F,F,F,F,F,F,F,F,F,F,F,F,F,F,F,F,F,F,F,,,,,,,,,,,,
MAT 305,F,F,F,F,F,F,F,F,F,F,F,F,F,F,F,F,F,F,F,F,F,F,F,F,F,F,F,F,F,F,F,F,F,F,F,F,F
MAT 306,F,F,F,F,F,F,F,F,F,F,F,F,F,F,F,F,F,F,F,F,F,F,F,F,F,F,F,F,F,F,F,F,F,F,F,F,F
MAT 307,F,F,F,F,F,F,F,F,F,F,F,F,F,F,F,F,F,F,F,F,F,F,F,F,F,F,F,F,F,F,F,F,F,F,F,F,F
MAT 308,F,F,F,F,F,F,F,F,F,F,F,F,F,F,F,F,F,F,F,F,F,F,F,F,F,F,F,F,F,F,F,F,F,F,F,F,F
MAT 309,F,F,F,F,F,F,F,F,F,F,F,F,F,F,F,F,F,F,F,F,F,F,F,F,F,F,F,F,F,F,F,F,F,F,F,F,F
MAT 310,F,F,F,F,F,F,F,F,F,F,F,F,F,F,F,F,F,F,F,F,F,F,F,F,F,,,,,,,,,,,,
MAT 312,F,F,F,F,F,F,F,F,F,F,F,F,F,F,F,F,F,F,F,F,F,F,F,F,F,F,F,F,F,F,F,F,F,F,F,F,F
MAT 314,F,F,F,F,F,F,F,F,F,F,F,F,F,F,F,F,F,F,F,F,F,F,F,F,F,F,F,F,F,F,F,F,F,F,F,F,F
MAT 401,F,F,F,F,F,F,F,F,F,F,F,F,F,F,F,F,F,F,F,F,F,F,F,F,F,F,F,F,F,F,F,F,F,F,F,F,F
MAT 402,F,F,F,F,F,F,F,F,F,F,F,F,F,F,F,F,F,F,F,F,F,F,F,F,F,F,F,F,F,F,F,F,F,F,F,F,F
MAT 403,F,F,F,F,F,F,F,F,F,F,F,F,F,F,F,F,F,F,F,F,F,F,F,F,F,,,,,,,,,,,,
MAT 404,F,F,F,F,F,F,F,F,F,F,F,F,F,F,F,F,F,F,F,F,F,F,F,F,F,F,F,F,F,F,F,F,F,F,F,F,F
MAT 405,F,F,F,F,F,F,F,F,F,F,F,F,F,F,F,F,F,F,F,F,F,F,F,F,F,F,F,F,F,F,F,F,F,F,F,F,F
MAT 406,F,F,F,F,F,F,F,F,F,F,F,F,F,F,F,F,F,F,F,F,F,F,F,F,F,F,F,F,F,F,F,F,F,F,F,F,F
MAT 408,F,F,F,F,F,F,F,F,F,F,F,F,F,F,F,F,F,F,F,F,F,F,F,F,F,F,F,F,F,F,F,F,F,F,F,F,F
MAT 416,F,F,F,F,F,F,F,F,F,F,F,F,F,F,F,F,F,F,F,F,F,F,F,F,F,F,F,F,F,F,F,F,F,F,F,F,F
MAT 422,F,F,F,F,F,F,F,F,F,F,F,F,F,F,F,F,F,F,F,F,F,F,F,F,F,F,F,F,F,F,F,F,F,F,F,F,F
MAT 423,F,F,F,F,F,F,F,F,F,F,F,F,F,F,F,F,F,F,F,F,F,F,F,F,F,F,F,F,F,F,F,F,F,F,F,F,F
MAT 424,F,F,F,F,F,F,F,F,F,F,F,F,F,F,F,F,F,F,F,F,F,F,F,F,F,F,F,F,F,F,F,F,F,F,F,F,F
MAT 480,F,F,F,F,F,F,,,,,,,,,,,,,,,,,,,,,,,,,,,,,,,
MAT 48000,F,F,F,F,F,F,F,F,F,F,F,F,F,F,F,F,F,F,F,F,F,F,F,F,F,F,F,F,F,F,F,F,F,F,F,F,F
MAT 48003,F,F,F,F,F,F,F,F,F,F,F,F,F,F,F,F,F,F,F,F,F,F,F,F,F,F,F,F,F,F,F,F,F,F,F,F,F
MAT 48004,F,F,F,F,F,F,F,F,F,F,F,F,F,F,F,F,F,F,F,F,F,F,F,F,F,F,F,F,F,F,F,F,F,F,F,F,F
MAT 48005,F,F,F,F,F,F,F,F,F,F,F,F,F,F,F,F,F,F,F,F,F,F,F,F,F,F,F,F,F,F,F,F,,,,,
MAT 481,F,F,F,F,F,F,,,,,,,,,,,,,,,,,,,,,,,,,,,,,,,
ME 301,F,F,F,F,F,F,F,F,F,F,F,F,F,F,F,F,F,F,F,F,F,F,F,F,F,F,F,F,F,F,F,F,F,F,F,F,F
ME 302,F,F,F,F,F,F,F,F,F,F,F,F,F,F,F,F,F,F,F,F,F,F,F,F,F,F,F,F,F,F,F,F,F,F,F,F,F
ME 303,F,F,F,F,F,F,F,F,F,F,F,F,F,F,F,F,F,F,F,F,F,F,F,F,F,F,F,F,F,F,F,F,F,F,F,F,F
ME 304,F,F,F,F,F,F,F,F,F,F,F,F,F,F,F,F,F,F,F,F,F,F,F,F,F,F,F,F,F,F,F,F,F,F,F,F,F
ME 305,F,F,F,F,F,F,F,F,F,F,F,F,F,F,F,F,F,F,F,F,F,F,F,F,F,F,F,F,F,F,F,F,F,F,F,F,F
ME 307,F,F,F,F,F,F,F,F,F,F,F,F,F,F,F,F,F,F,F,F,F,F,F,F,F,F,F,F,F,F,F,F,F,F,F,F,F
ME 308,F,F,F,F,F,F,F,F,F,F,F,F,F,F,F,F,F,F,F,F,F,F,F,F,F,F,F,F,F,F,F,F,F,F,F,F,F
ME 309,F,F,F,F,F,F,F,F,F,F,F,F,F,F,F,F,F,F,F,F,F,F,F,F,F,F,F,F,F,F,F,F,F,F,F,F,F
ME 312,F,F,F,F,F,F,F,F,F,F,F,F,F,F,F,F,F,F,F,F,F,F,F,F,F,F,F,F,F,F,F,F,F,F,F,F,F
ME 402,F,F,F,F,F,F,F,F,F,F,F,F,F,F,F,F,F,F,F,F,F,F,F,F,F,F,F,F,F,F,F,F,F,F,F,F,F
ME 403,F,F,F,F,F,F,F,F,F,F,F,F,F,F,F,F,F,F,F,F,F,F,F,F,F,F,F,F,F,F,F,F,F,F,F,F,F
ME 405,F,F,F,F,F,F,F,F,F,F,F,F,F,F,F,F,F,F,F,F,F,F,F,F,F,F,F,F,F,F,F,F,F,F,F,F,F
ME 407,F,F,F,F,F,F,F,F,F,F,F,F,F,F,F,F,F,F,F,F,F,,,,,,,,,,,,,,,,
ME 408,F,F,F,F,F,F,F,F,F,F,F,F,F,F,F,F,F,F,F,F,F,F,F,F,F,F,F,F,F,F,F,F,F,F,F,F,F
ME 409,F,F,F,F,F,F,F,F,F,F,F,F,F,F,F,F,F,F,F,F,F,F,F,F,F,F,F,F,F,F,F,F,F,F,F,F,F
ME 410,F,F,F,F,F,F,F,F,F,F,F,F,F,F,F,F,F,F,F,F,F,F,F,F,F,,,,,,,,,,,,
ME 411,F,F,F,F,F,F,F,F,F,F,F,F,F,F,F,F,F,F,F,F,F,F,F,F,F,,,,,,,,,,,,
ME 412,F,F,F,F,F,F,F,F,F,F,F,F,F,F,F,F,F,F,F,F,F,F,F,F,F,F,F,F,F,F,F,F,F,F,F,F,F
ME 415,F,F,F,F,F,F,F,F,F,F,F,F,F,F,F,F,F,F,F,F,F,F,F,F,F,F,F,F,F,F,F,F,F,F,F,F,F
ME 420,F,F,F,F,F,F,F,F,F,F,F,F,F,F,F,F,F,F,F,F,F,F,F,F,F,F,F,F,F,F,F,F,F,F,F,F,F
ME 425,F,F,F,F,F,F,F,F,F,F,F,F,F,F,F,F,F,F,F,F,F,F,F,F,F,F,F,F,F,F,F,F,F,F,F,F,F
ME 435,F,F,F,F,F,F,F,F,F,F,F,F,F,F,F,F,F,F,F,F,F,F,F,F,F,F,F,F,F,F,F,F,F,F,F,F,F
ME 437,F,F,F,F,F,F,F,F,F,F,F,F,F,F,F,F,F,F,F,F,F,F,F,F,F,F,F,F,F,F,F,F,F,F,F,F,F
ME 441,F,F,F,F,F,F,F,F,F,F,F,F,F,F,F,F,F,F,F,F,F,F,F,F,F,F,F,F,F,F,F,F,F,F,F,F,F
ME 480,F,F,F,F,F,F,,,,,,,,,,,,,,,,,,,,,,,,,,,,,,,
ME 48000,F,F,F,F,F,F,F,F,F,F,F,F,F,F,F,F,F,F,F,F,F,F,F,F,F,,,,,,,,,,,,
ME 48001,F,F,F,F,F,F,F,F,F,F,F,F,F,F,F,F,F,F,F,F,F,F,F,F,F,,,,,,,,,,,,
ME 48002,F,F,F,F,F,F,F,F,F,F,F,F,F,F,F,F,F,F,F,F,F,F,F,F,F,,,,,,,,,,,,
ME 481,F,F,F,F,F,F,,,,,,,,,,,,,,,,,,,,,,,,,,,,,,,
MGMT 201,F,F,F,F,F,F,F,F,F,F,F,F,F,F,F,F,F,F,F,F,F,F,F,F,F,F,F,F,F,F,F,F,F,F,F,F,F
MGMT 203,F,F,F,F,F,F,F,F,F,F,F,F,F,F,F,F,F,F,F,F,F,F,F,F,F,F,F,F,F,F,F,F,F,F,F,F,F
MGMT 213,F,F,F,F,F,F,F,F,F,F,F,F,F,F,F,F,F,F,F,F,F,F,F,F,F,F,F,F,F,F,F,F,F,F,F,F,F
MGMT 301,F,F,F,F,F,F,F,F,F,F,F,F,F,F,F,F,F,F,F,F,F,F,F,F,F,F,F,F,F,F,F,F,F,F,F,F,F
MGMT 302,F,F,F,F,F,F,F,F,F,F,F,F,F,F,F,F,F,F,F,F,F,F,F,F,F,F,F,F,F,F,F,F,F,F,F,F,F
MGMT 309,F,F,F,F,F,F,F,F,F,F,F,F,F,F,F,F,F,F,F,F,F,F,F,F,F,F,F,F,F,F,F,F,F,F,F,F,F
MGMT 310,F,F,F,F,F,F,F,F,F,F,F,F,F,F,F,F,F,F,F,F,F,F,F,F,F,F,F,F,F,F,F,F,F,F,F,F,F
MGMT 333,F,F,F,F,F,F,F,F,F,F,F,F,F,F,F,F,F,F,F,F,F,F,F,F,F,F,F,F,F,F,F,F,F,F,F,F,F
MGMT 401,F,F,F,F,F,F,F,F,F,F,F,F,F,F,F,F,F,F,F,F,F,F,F,F,F,F,F,F,F,F,F,F,F,F,F,F,F
MGMT 402,F,F,F,F,F,F,F,F,F,F,F,F,F,F,F,F,F,F,F,F,F,F,F,F,F,F,F,F,F,F,F:M,F:M,F:M,F:M,F:M,F:M,F:M
MGMT 403,F,F,F,F,F,F,F,F,F,F,F,F,F,F,F,F,F,F,F,F,F,F,F,F,F,F,F,F,F,F,F,F,F,F,F,F,F
MGMT 404,F,F,F,F,F,F,F,F,F,F,F,F,F,F,F,F,F,F,F,F,F,F,F,F,F,F,F,F,F,F,F,F,F,F,F,F,F
MGMT 405,F,F,F,F,F,F,F,F,F,F,F,F,F,F,F,F,F,F,F,F,F,F,F,F,F,F,F,F,F,F,F,F,F,F,F,F,F
MGMT 406,F,F,F,F,F,F,F,F,F,F,F,F,F,F,F,F,F,F,F,F,F,F,,,,,,,,,,,,,,,
MGMT 407,F,F,F,F,F,F,F,F,F,F,F,F,F,F,F,F,F,F,F,F,F,F,,,,,,,,,,,,,,,
MGMT 408,F,F,F,F,F,F,F,F,F,F,F,F,F,F,,,,,,,,,,,,,,,,,,,,,,,
MGMT 409,F,F,F,F,F,F,F,F,F,F,F,F,F,F,,,,,,,,,,,,,,,,,,,,,,,
MGMT 410,F,F,F,F,F,F,F,F,F,F,F,F,F,F,F,F,F,F,F,F,F,F,F,F,F,F,F,F,F,F,F,F,F,F,F,F,F
MGMT 411,F,F,F,F,F,F,F,F,F,F,F,F,F,F,F,F,F,F,F,F,F,F,F,F,F,F,F,F,F,F,F,F,F,F,F,F,F
MGMT 412,F,F,F,F,F,F,F,F,F,F,F,F,F,F,F,F,F,F,F,F,F,F,F,F,F,F,F,F,F,F,F,F,F,F,F,F,F
MGMT 413,F,F,F,F,F,F,F,F,F,F,F,F,F,F,F,F,F,F,F,F,F,F,F,F,F,F,F,F,F,F,F,F,F,F,F,F,F
MGMT 414,F,F,F,F,F,F,F,F,F,F,F,F,F,F,F,F,F,F,F,F,F,F,F,F,F,F,F,F,F,F,F,F,F,F,F,F,F
MGMT 415,F,F,F,F,F,F,F,F,F,F,F,F,F,F,F,F,F,F,F,F,F,F,F,F,F,F,F,F,F,F,F,F,F,F,F,F,F
MGMT 416,F,F,F,F,F,F,F,F,F,F,,,,,,,,,,,,,,,,,,,,,,,,,,,
MGMT 417,F,F,F,F,F,F,F,F,F,F,F,F,F,F,F,F,F,F,F,F,F,F,F,F,F,F,F,F,F,F,F,F,F,F,F,F,F
MGMT 418,F,F,F,F,F,F,F,F,F,F,F,F,F,F,F,F,F,F,F,F,F,F,F,F,F,F,F,F,F,F,F,F,F,F,F,F,F
MGMT 419,F,F,F,F,F,F,F,F,F,F,F,F,F,F,F,F,F,F,F,F,F,F,F,F,F,F,F,F,F,F,F,F,F,F,F,F,F
MGMT 420,F,F,F,F,F,F,F,F,F,F,F,F,F,F,F,F,F,F,F,F,F,F,,,,,,,,,,,,,,,
MGMT 421,F,F,F,F,F,F,F,F,F,F,F,F,F,F,F,F,F,F,F,F,F,F,F,F,F,F,F,F,F,F,F,F,F,F,F,F,F
MGMT 422,F,F,F,F,F,F,F,F,F,F,F,F,F,F,F,F,F,F,F,F,,,,,,,,,,,,,,,,,
MGMT 423,F,F,F,F,F,F,F,F,F,F,F,F,F,F,F,F,F,F,F,F,F,F,F,F,F,F,F,F,F,F,F,F,F,F,F,F,F
MGMT 424,F,F,F,F,F,F,F,F,F,F,F,F,F,F,F,F,F,F,F,F,F,F,F,F,F,F,F,F,F,F,F,F,F,F,F,F,F
MGMT 425,F,F,F,F,F,F,F,F,F,F,F,F,F,F,F,F,F,F,F,F,F,F,F,F,F,F,F,F,F,F,F,F,F,F,F,F,F
MGMT 426,F,F,F,F,F,F,F,F,F,F,F,F,F,F,F,F,F,F,F,F,F,F,F,F,F,F,F,F,F,F,F,F,F,F,F,F,F
MGMT 450,F,F,F,F,F,F,F,F,F,F,F,F,F,F,F,F,,,,,,,,,,,,,,,,,,,,,
MGMT 451,F,F,F,F,F,F,F,F,F,F,F,F,F,F,F,F,F,F,F,,,,,,,,,,,,,,,,,,
MGMT 491,F,F,F,F,F,F,F,F,F,F,F,F,F,F,F,F,F,F,F,F,F,F,F,F,F,F,F,F,F,F,F,F,F,F,F,F,F
MGMT 492,F,F,F,F,F,F,F,F,F,F,F,F,F,F,F,F,F,F,F,F,F,F,F,F,F,F,F,F,F,F,F,F,F,F,F,F,F
MGMT 495,F,F,F,F,F,F,F,F,F,F,F,F,F,F,F,F,F,F,F,F,F,F,F,F,F,F,F,F,F,F,F,F,F,F,F,F,F
MGMT 496,F,F,F,F,F,F,F,F,F,F,F,F,F,F,F,F,F,F,F,F,F,F,F,F,F,F,F,F,F,F,F,F,F,F,F,F,F
MGMT 499,F,F,F,F,F,F,F,F,F,F,F,F,F,F,F,F,F,F,F,F,F,F,F,F,F,F,F,F,F,F,F,F,F,F,F,F,F
MKTG 301,F:M,F:M,F:M,F:M,F:M,F:M,F:M,F:M,F:M,F:M,F:M,F:M,F:M,F:M,F:M,F:M,F:M,F:M,F:M,F:M,F:M,F:M,F:M,F:M,F:M,F:M,F:M,F:M,F:M,F:M,F:M,F:M,F:M,F:M,F:M,F:M,F:M
MKTG 401,F,F,F,F,F,F,F,F,F,F,F,F,F,F,F,F,F,F,F,F,F,F,F,F,F,F,F,F,F,F,F,F,F,F,F,F,F
MKTG 402,F,F,F,F,F,F,F,F,F,F,F,F,F,F,F,F,F,F,F,F,F,F,F,F,F,F,F,F,F,F,F,F,F,F,F,F,F
MKTG 403,F,F,F,F,F,F,F,F,F,F,F,F,F,F,F,F,F,,,,,,,,,,,,,,,,,,,,
MKTG 404,F,F,F,F,F,F,F,F,F,F,F,F,F,F,F,F,F,F,F,F,F,F,F,F,F,F,F,F,F,F,F,F,F,F,F,F,F
MKTG 405,F,F,F,F,F,F,F,F,F,F,F,F,F,F,F,F,F,F,F,F,F,F,F,F,F,F,F,F,F,F,F,F,F,F,F,F,F
MKTG 406,F,F,F,F,F,F,F,F,F,F,F,F,F,F,F,F,F,F,F,F,F,F,F,F,F,F,F,F,F,F,F,F,F,F,F,F,F
MKTG 407,F,F,F,F,F,F,F,F,F,F,F,F,F,F,F,F,F,F,F,F,F,F,F,F,F,F,F,F,F,F,F,F,F,F,F,F,F
MKTG 409,F,F,F,F,F,F,F,F,F,F,F,F,F,F,F,F,F,F,F,F,F,F,F,F,F,F,F,F,F,F,F,F,F,F,F,F,F
MKTG 410,F,F,F,F,F,F,F,F,F,F,F,F,F,F,F,F,F,F,F,F,F,F,F,F,F,F,F,F,F,F,F,F,F,F,F,F,F
MKTG 411,F,F,F,F,F,F,F,F,F,F,F,F,F,F,F,F,F,F,F,F,F,F,F,F,F,F,F,F,F,F,F,F,F,F,F,F,F
MKTG 412,F,F,F,F,F,F,F,F,F,F,F,F,F,F,F,F,F,F,F,F,F,F,F,F,F,F,F,F,F,F,F,F,F,F,F,F,F
MKTG 413,F,F,F,F,F,F,F,F,F,F,F,F,F,F,F,F,F,F,F,F,F,F,F,F,F,F,F,F,F,F,F,F,F,F,F,F,F
MKTG 414,F,F,F,F,F,F,F,F,F,F,F,F,F,F,F,F,F,F,F,F,F,F,F,F,F,F,F,F,F,F,F,F,F,F,F,F,F
MKTG 450,F,F,F,F,F,F,F,F,F,F,F,F,F,F,,,,,,,,,,,,,,,,,,,,,,,
MKTG 451,F,F,F,F,F,F,F,F,F,F,F,F,F,F,,,,,,,,,,,,,,,,,,,,,,,
MS 301,F,F,F,,,,,,,,,,,,,,,,,,,,,,,,,,,,,,,,,,
MS 302,F,F,F,,,,,,,,,,,,,,,,,,,,,,,,,,,,,,,,,,
MS 303,F,F,F,,,,,,,,,,,,,,,,,,,,,,,,,,,,,,,,,,
MS 304,F,F,F,,,,,,,,,,,,,,,,,,,,,,,,,,,,,,,,,,
MS 305,F,F,F,,,,,,,,,,,,,,,,,,,,,,,,,,,,,,,,,,
MS 306,F,F,F,,,,,,,,,,,,,,,,,,,,,,,,,,,,,,,,,,
MS 307,F,F,F,,,,,,,,,,,,,,,,,,,,,,,,,,,,,,,,,,
MS 308,F,F,F,,,,,,,,,,,,,,,,,,,,,,,,,,,,,,,,,,
MS 309,F,F,F,,,,,,,,,,,,,,,,,,,,,,,,,,,,,,,,,,
MS 401,F,F,F,,,,,,,,,,,,,,,,,,,,,,,,,,,,,,,,,,
MS 402,F,F,F,,,,,,,,,,,,,,,,,,,,,,,,,,,,,,,,,,
MS 403,F,F,F,,,,,,,,,,,,,,,,,,,,,,,,,,,,,,,,,,
MS 405,F,F,F,,,,,,,,,,,,,,,,,,,,,,,,,,,,,,,,,,
MS 407,F,F,F,,,,,,,,,,,,,,,,,,,,,,,,,,,,,,,,,,
MS 408,F,F,F,,,,,,,,,,,,,,,,,,,,,,,,,,,,,,,,,,
MS 409,F,F,F,,,,,,,,,,,,,,,,,,,,,,,,,,,,,,,,,,
MS 411,F,F,F,,,,,,,,,,,,,,,,,,,,,,,,,,,,,,,,,,
MS 412,F,F,F,,,,,,,,,,,,,,,,,,,,,,,,,,,,,,,,,,
MS 413,F,F,F,,,,,,,,,,,,,,,,,,,,,,,,,,,,,,,,,,
MS 414,F,F,F,,,,,,,,,,,,,,,,,,,,,,,,,,,,,,,,,,
MS 415,F,F,F,,,,,,,,,,,,,,,,,,,,,,,,,,,,,,,,,,
MS 417,F,F,F,,,,,,,,,,,,,,,,,,,,,,,,,,,,,,,,,,
MS 418,F,F,F,,,,,,,,,,,,,,,,,,,,,,,,,,,,,,,,,,
MS 419,F,F,F,,,,,,,,,,,,,,,,,,,,,,,,,,,,,,,,,,
MS 420,F,F,F,,,,,,,,,,,,,,,,,,,,,,,,,,,,,,,,,,
MS 425,F,F,F,,,,,,,,,,,,,,,,,,,,,,,,,,,,,,,,,,
MS 430,F,F,F,,,,,,,,,,,,,,,,,,,,,,,,,,,,,,,,,,
MS 432,F,F,F,,,,,,,,,,,,,,,,,,,,,,,,,,,,,,,,,,
MS 451,F,F,F,,,,,,,,,,,,,,,,,,,,,,,,,,,,,,,,,,
MS 454,F,F,F,,,,,,,,,,,,,,,,,,,,,,,,,,,,,,,,,,
MS 480,F,F,F,,,,,,,,,,,,,,,,,,,,,,,,,,,,,,,,,,
MS 481,F,F,F,,,,,,,,,,,,,,,,,,,,,,,,,,,,,,,,,,
MS 482,F,F,F,,,,,,,,,,,,,,,,,,,,,,,,,,,,,,,,,,
NS 200,F,F,F,F,F,F,F,F,F,F,F,F,F,F,F,F,F,F,F,F,F,F,F,F,F,F,F,F,F,F,F,F,F,F,F,F,F
NS 201,F:E,F:E,F:E,F:E,F:E,F:E,F:E,F:E,F:E,F:E,F:E,F:E,F:E,F:E,F:E,F:E,F:E,F:E,F:E,F:E,F:E,F:E,F:E,F:E,F:E,F:E,F:E,F:E,F:E,F:E,F:E,F:E,F:E,F:E,F:E,F:E,F:E
NS 206,F,F,F,F,F,F,F,F,F,F,F,F,F,F,F,F,F,F,F,F,F,F,F,F,F,F,F,F,F,F,F,F,F,F,F,F,F
NS 207,F:E,F:E,F:E,F:E,F:E,F:E,F:E,F:E,F:E,F:E,F:E,F:E,F:E,F:E,F:E,F:E,F:E,F:E,F:E,F:E,F:E,F:E,F:E,F:E,F:E,F:E,F:E,F:E,F:E,F:E,F:E,F:E,F:E,F:E,F:E,F:E,F:E
NS 208,F,F,F,F,F,F,F,F,F,F,F,F,F,F,F,F,F,F,F,F,F,F,F,F,F,F,F,F,F,F,F,F,F,F,F,F,F
NS 209,F,F,F,F,F,F,F,F,F,F,F,F,F,F,F,F,F,F,F,F,F,F,F,F,F,F,F,F,F,F,F,F,F,F,F,F,F
NS 210,F,F,F,F,F,F,F,F,F,F,F,F,F,F,F,F,F,F,F,F,F,F,F,F,F,,,,,,,,,,,,
NS 212,F,F,F,F,F,F,F,F,F,F,F,F,F,F,F,F,F,F,F,F,F,F,F,F,F,,,,,,,,,,,,
NS 216,F,F,F,F,F,F,F,F,F,F,F,F,F,F,F,F,F,F,F,F,F,F,F,F,F,F,F,F,F,F,F:E,F:E,F:E,F:E,F:E,F:E,F:E
NS 218,F,F,F,F,F,F,F,F,F,F,F,F,F,F,F,F,F,F,F,F,F,F,F,F,F,F,F,F,F,F,F:E,F:E,F:E,F:E,F:E,F:E,F:E
NS 220,F,F,F,F,F,F,F,F,F,F,F,F,F,F,F,F,F,F,F,F,F,F,F,F,F,F,F,,,,,,,,,,
NS 222,F,F,F,F,F,F,F,F,F,F,F,F,F,F,F,F,F,F,F,F,F,F,F,F,F,F,F,F,F,F,F,F,F,F,F,F,F
NS 224,F,F,F,F,F,F,F,F,F,,,,,,,,,,,,,,,,,,,,,,,,,,,,
NS 48000,F,F,F,F,F,F,F,F,F,F,F,F,F,F,F,F,F,F,F,F,F,F,F,F,F,F,F,F,F,F,,,,,,,
OPIM 301,F,F,F,F,F,F,F,F,F,F,F,F,F,F,F,F,F,F,F,F,F,F,F,F,F,F,F,F,F,F,F,F,F,F,F,F,F
OPIM 302,F,F,F,F,F,F,F,F,F,F,F,F,F,F,F,F,F,F,F,F,F,F,F,F,F,F,F,F,F,F,F:M,F:M,F:M,F:M,F:M,F:M,F:M
OPIM 390,F,F,F,F,F,F,F,F,F,F,F,F,F,F,F,F,F,F,F,F,F,F,F,F,F,F,F,F,F,F,F,F,F,F,F,F,F
OPIM 401,F,F,F,F,F,F,F,F,F,F,F,F,F,F,F,F,F,F,F,F,F,F,F,F,F,F,F,F,F,F,F,F,F,F,F,F,F
OPIM 402,F,F,F,F,F,F,F,F,F,F,F,F,F,F,F,F,F,F,F,F,F,F,F,F,F,F,F,F,F,F,F,F,F,F,F,F,F
OPIM 403,F,F,F,F,F,F,F,F,F,F,F,F,F,F,F,F,F,F,F,F,F,F,F,F,F,F,,,,,,,,,,,
OPIM 404,F,F,F,F,F,F,F,F,F,F,F,F,F,F,F,F,F,F,F,F,F,F,F,F,F,F,F,F,F,F,F,F,F,F,F,F,F
OPIM 405,F,F,F,F,F,F,F,F,F,F,F,F,F,F,F,F,F,F,F,F,F,F,F,F,F,F,,,,,,,,,,,
OPIM 406,F,F,F,F,F,F,F,F,F,F,F,F,F,F,F,F,F,F,F,F,F,F,F,F,F,F,,,,,,,,,,,
OPIM 407,F,F,F,F,F,F,F,F,F,F,F,F,F,F,F,F,F,F,F,F,F,F,F,F,F,F,F,F,F,F,F,F,F,F,F,F,F
OPIM 408,F,F,F,F,F,F,F,F,F,F,F,F,F,F,F,F,F,F,F,F,F,F,F,F,F,F,F,F,F,F,F,F,F,F,F,F,F
OPIM 409,F,F,F,F,F,F,F,F,F,F,F,F,F,F,F,F,F,F,F,F,F,F,F,F,F,F,F,F,F,F,F,F,F,F,F,F,F
OPIM 410,F,F,F,F,F,F,F,F,F,F,F,F,F,F,F,F,F,F,F,F,F,F,F,F,F,F,F,F,F,F,F,F,F,F,F,F,F
OPIM 411,F,F,F,F,F,F,F,F,F,F,,,,,,,,,,,,,,,,,,,,,,,,,,,
OPIM 412,F,F,F,F,F,F,F,F,F,F,F,F,F,F,F,F,F,F,F,F,F,F,F,F,F,F,F,F,F,F,F,F,F,F,F,F,F
OPIM 413,F,F,F,F,F,F,F,F,F,F,F,F,F,F,F,F,F,F,F,F,F,F,F,F,F,F,F,F,F,F,F,F,F,F,F,F,F
OPIM 416,F,F,F,F,F,F,F,F,F,F,F,F,F,F,F,F,F,F,F,F,F,F,F,F,F,F,,,,,,,,,,,
OPIM 450,F,F,F,F,F,F,F,F,F,F,F,F,F,F,,,,,,,,,,,,,,,,,,,,,,,
OPIM 451,F,F,F,F,F,F,F,F,F,F,F,F,F,F,,,,,,,,,,,,,,,,,,,,,,,
OPIM 452,F,F,F,F,F,F,F,F,F,F,F,F,F,F,,,,,,,,,,,,,,,,,,,,,,,
OPIM 453,F,F,F,F,F,F,F,F,F,F,F,F,F,F,,,,,,,,,,,,,,,,,,,,,,,
OPIM 491,F,F,F,,,,,,,,,,,,,,,,,,,,,,,,,,,,,,,,,,
OPIM 492,F,F,F,,,,,,,,,,,,,,,,,,,,,,,,,,,,,,,,,,
ORG 301,F:M,F:M,F:M,F:M,F:M,F:M,F:M,F:M,F:M,F:M,F:M,F:M,F:M,F:M,F:M,F:M,F:M,F:M,F:M,F:M,F:M,F:M,F:M,F:M,F:M,F:M,F:M,F:M,F:M,F:M,F:M,F:M,F:M,F:M,F:M,F:M,F:M
ORG 302,F,F,F,F,F,F,F,F,F,F,F,F,F,F,F,F,F,F,F,F,F,F,F,F,F,F,F,F,F,F,F:M,F:M,F:M,F:M,F:M,F:M,F:M
ORG 401,F,F,F,F,F,F,F,F,F,F,F,F,F,F,F,F,F,F,F,F,F,F,F,F,F,F,F,F,F,F,F,F,F,F,F,F,F
ORG 402,F,F,F,F,F,F,F,,,,,,,,,,,,,,,,,,,,,,,,,,,,,,
ORG 403,F,F,F,F,F,F,F,F,F,F,F,F,F,F,F,F,F,F,F,F,F,F,F,F,F,F,F,F,F,F,F,F,F,F,F,F,F
ORG 404,F,F,F,F,F,F,F,F,F,F,F,F,F,F,F,F,F,F,F,F,F,F,F,F,F,F,F,F,F,F,F,F,F,F,F,F,F
ORG 405,F,F,F,F,F,F,F,F,F,F,F,F,F,F,F,F,F,F,F,F,F,F,F,F,F,F,F,F,F,F,F,F,F,F,F,F,F
ORG 450,F,F,F,F,F,F,F,F,F,F,F,F,F,F,F,F,F,F,F,F,,,,,,,,,,,,,,,,,
ORG 451,F,F,F,F,F,F,F,F,F,F,F,F,F,F,F,F,F,F,F,,,,,,,,,,,,,,,,,,
PERS 110,F,F,F,F,F,F,F,F,F,F,F,F,F,F,F,F,F,F,F,,,,,,,,,,,,,,,,,,
PERS 120,F,F,F,F,F,F,F,F,F,F,F,F,F,F,F,F,F,F,F,F,,,,,,,,,,,,,,,,,
PERS 130,F,F,F,F,F,F,F,,,,,,,,,,,,,,,,,,,,,,,,,,,,,,
PERS 140,F,F,F,F,F,F,F,F,,,,,,,,,,,,,,,,,,,,,,,,,,,,,
PERS 150,F,F,F,F,F,,,,,,,,,,,,,,,,,,,,,,,,,,,,,,,,
PERS 160,F,F,F,F,,,,,,,,,,,,,,,,,,,,,,,,,,,,,,,,,
PHIL 201,F:A,F:A,F:A,F:A,F:A,F:A,F:A,F:A,F:A,F:A,F:A,F:A,F:A,F:A,F:A,F:A,F:A,F:A,,,,,,,,,,,,,,,,,,,
PHIL 202,F:A,F:A,F:A,F:A,F:A,F:A,F:A,F:A,F:A,F:A,F:A,F:A,F:A,F:A,F:A,F:A,F:A,F:A,F:A,F:A,F:A,F:A,F:A,F:A,F:A,F:A,F:A,F:A,F:A,F:A,F:A,F:A,F:A,F:A,F:A,F:A,F:A
PHIL 240,F,F,F,F,F,F,F,F,F,F,F,F,F,F,F,F,F,F,,,,,,,,,,,,,,,,,,,
PHIL 300,F,F,F,F,F,F,F,F,F,F,F,F,F,F,F,F,F,F,F,F,F,F,F,F,F,F,F,F,F,F,F,F,F,F,F,F,F
PHIL 301,F,F,F,F,F,F,F,F,F,F,F,F,F,F,F,F,F,F,F,F,F,F,F,F,F,F,F,F,F,F,F,F,F,F,F,F,F
PHIL 310,F,F,F,F,F,F,F,F,F,F,F,F,F,F,F,F,F,F,F,F,F,F,F,F,F,F,F,F,F,F,F,F,F,F,F,F,F
PHIL 313,F,F,F,F,F,F,,,,,,,,,,,,,,,,,,,,,,,,,,,,,,,
PHIL 321,F:A,F:A,F:A,F:A,F:A,F:A,F:A,F:A,F:A,F:A,F:A,F:A,F:A,F:A,F:A,F:A,F:A,F:A,F:A,F:A,F:A,F:A,F:A,F:A,F:A,F:A,F:A,F:A,F:A,F:A,F:A,F:A,F:A,F:A,F:A,F:A,F:A
PHIL 322,F,F,F,F,F,F,F,F,F,F,F,F,F,F,F,F,F,F,F,F,F,F,F,F,F,F,F,F,F,F,F,F,F,F,F,F,F
PHIL 323,F,F,F,F,F,F,,,,,,,,,,,,,,,,,,,,,,,,,,,,,,,
PHIL 330,F,F,F,,,,,,,,,,,,,,,,,,,,,,,,,,,,,,,,,,
PHIL 340,F,F,F,F,F,F,F,F,F,F,F,F,F,F,F,F,F,F,F,F,F,F,,,,,,,,,,,,,,,
PHIL 342,F,F,F,F,F,F,F,F,F,,,,,,,,,,,,,,,,,,,,,,,,,,,,
PHIL 370,F,F,F,F,F,F,F,F,F,F,F,F,F,F,F,F,F,F,F,F,F,F,F,F,F,F,F,F,F,F,F,F,F,F,F,F,F
PHIL 399,F,F,F,F,F,F,F,F,F,F,F,F,F,F,F,F,F,F,F,F,F,F,F,F,F,F,F,F,F,F,F,F,F,F,F,F,F
PHIL 401,F,F,F,F,F,F,F,F,F,F,F,F,F,F,F,F,F,F,F,F,F,F,F,F,F,F,F,F,F,F,F,F,F,F,F,F,F
PHIL 450,F,F,F,F,F,F,F,F,F,F,F,F,F,F,F,F,F,F,F,F,F,F,F,F,F,F,F,F,F,F,F,F,F,F,F,F,F
PHIL 460,F,F,F,F,F,F,F,F,F,F,F,F,F,F,F,F,F,F,F,F,F,F,F,F,F,F,F,F,F,F,F,F,F,F,F,F,F
PHYS 113,F:E,F:E,F:E,F:E,F:E,F:E,F:E,F:E,F:E,F:E,F:E,F:E,F:E,F:E,F:E,F:E,F:E,F:E,F:E,F:E,F:E,F:E,F:E,F:E,F:E,F:E,F:E,F:E,F:E,F:E,F:E,F:E,F:E,F:E,F:E,F:E,F:E
PHYS 211,F,F,F,F,F,F,F,F,F,F,F,F,F,F,F,F,F,F,F,F,F,F,F,F,F,F,F,F,F,F,F:E,F:E,F:E,F:E,F:E,F:E,F:E
PHYS 302,F,F,F,F,F,F,F,F,F,F,F,F,F,F,F,F,F,F,F,F,F,F,F,F,F,F,F,F,F,F,F,F,F,F,F,F,F
PHYS 303,F:E,F:E,F:E,F:E,F:E,F:E,F:E,F:E,F:E,F:E,F:E,F:E,F:E,F:E,F:E,F:E,F:E,F:E,F:E,F:E,F:E,F:E,F:E,F:E,F:E,F:E,F:E,F:E,F:E,F:E,F,F,F,F,F,F,F
PHYS 304,F,F,F,F,F,F,F,F,F,F,F,F,F,F,F,F,F,F,F,F,F,F,F,F,F,F,F,F,F,F,F,F,F,F,F,F,F
PHYS 313,F,F,F,F,F,F,F,F,F,F,F,F,F,F,F,F,F,F,F,F,F,F,F,F,F,,,,,,,,,,,,
PHYS 401,F,F,F,F,F,F,F,F,F,F,F,F,F,F,F,F,F,F,F,F,F,F,F,F,F,F,F,F,F,F,F,F,F,F,F,F,F
PHYS 411,F,F,F,F,F,F,F,F,F,F,F,F,F,F,F,F,F,F,F,F,F,F,F,F,F,F,F,F,F,F,F,F,F,F,F,F,F
PHYS 412,F,F,F,F,F,F,F,F,F,F,F,F,F,F,F,F,F,F,F,F,F,F,F,F,F,F,F,F,F,F,F,F,F,F,F,F,F
PHYS 438,F,F,F,F,F,F,F,,,,,,,,,,,,,,,,,,,,,,,,,,,,,,
PHYS 484,F,F,F,F,F,F,F,F,F,F,F,F,F,F,F,F,F,F,F,F,F,F,F,F,F,F,F,F,F,F,F,F,F,F,F,F,F
PHYS 492,F,F,F,F,F,F,F,F,F,F,F,F,F,F,F,F,F,F,F,F,F,F,F,F,F,F,F,F,F,F,,,,,,,
POLS 250,F:A,F:A,F:A,F:A,F:A,F:A,F:A,F:A,F:A,F:A,F:A,F:A,F:A,F:A,F:A,F:A,F:A,F:A,F:A,F:A,F:A,F:A,F:A,F:A,F:A,F:A,F:A,F:A,F:A,F:A,F:A,F:A,F:A,F:A,F:A,F:A,F:A
POLS 251,F,F,F,F,F,F,F,F,F,F,F,F,F,F,F,F,F,F,F,F,F,F,F,F,F,F,F,F,F,F,F,F,F,F,F,F,F
POLS 301,F:A,F:A,F:A,F:A,F:A,F:A,F:A,F:A,F:A,F:A,F:A,F:A,F:A,F:A,F:A,F:A,F:A,F:A,F:A,F:A,F:A,F:A,F:A,F:A,F:A,F:A,F:A,F:A,F:A,F:A,F:A,F:A,F:A,F:A,F:A,F:A,F:A
POLS 302,F,F,F,F,F,F,F,F,F,F,F,F,F,F,F,F,F,F,F,F,F,F,F,F,F,F,F,F,F,F,F,F,F,F,F,F,F
POLS 303,F,F,F,F,F,F,F,F,F,F,F,F,F,F,F,F,F,F,F,F,F,F,F,F,F,F,F,F,F,F,F,F,F,F,F,F,F
POLS 304,F,F,F,F,F,F,F,F,F,F,F,F,F,F,F,F,F,F,,,,,,,,,,,,,,,,,,,
POLS 305,F,F,F,F,F,F,F,F,F,F,F,F,F,F,F,F,F,F,F,F,F,F,F,F,F,F,F,F,F,F,F,F,F,F,F,F,F
POLS 307,F,F,F,F,F,F,F,F,F,F,F,F,F,F,F,F,F,F,F,F,F,F,F,F,F,F,F,F,F,F,F,F,F,F,F,F,F
POLS 348,F,F,F,F,F,F,,,,,,,,,,,,,,,,,,,,,,,,,,,,,,,
POLS 351,F,F,F,F,F,F,F,F,F,F,F,F,F,F,F,F,F,F,F,F,F,F,F,F,F,F,F,F,F,F,F,F,F,F,F,F,F
POLS 352,F,F,F,F,F,F,F,F,F,F,F,F,F,F,F,F,F,F,F,F,F,F,F,F,F,F,F,F,F,F,F,F,F,F,F,F,F
POLS 353,F,F,F,F,F,F,F,F,F,F,F,F,F,F,F,F,F,F,F,F,F,F,F,F,F,F,F,F,F,F,F,F,F,F,F,F,F
POLS 354,F,F,F,F,F,F,F,F,F,F,F,F,F,F,F,F,F,F,F,F,F,F,F,F,F,F,F,F,F,F,F,F,F,F,F,F,F
POLS 364,F,F,F,F,F,F,F,F,F,F,F,F,F,F,F,F,F,F,F,F,F,F,F,F,F,F,F,F,F,F,F,F,F,F,F,F,F
POLS 365,F,F,F,F,F,F,F,F,F,F,F,F,F,F,F,F,F,F,F,F,F,F,F,F,F,F,F,F,F,F,F,F,F,F,F,F,F
POLS 366,F,F,F,F,F,F,F,F,F,F,F,F,F,F,F,F,F,F,F,F,F,F,F,F,F,F,F,F,F,F,F,F,F,F,F,F,F
POLS 392,F,F,F,F,F,F,F,F,F,F,F,F,F,F,F,F,F,F,F,F,F,F,F,F,F,F,F,F,F,F,F,F,F,F,F,F,F
POLS 393,F,F,F,F,F,F,F,F,F,F,F,F,F,F,F,F,F,F,F,F,F,F,F,F,F,F,F,F,F,F,F,F,F,F,F,F,F
POLS 399,F,F,F,F,F,F,F,F,F,F,F,F,F,F,F,F,F,F,F,F,F,F,F,F,F,F,F,F,F,F,F,F,F,F,F,F,F
POLS 400,F,F,F,F,F,F,F,F,F,F,F,F,F,F,F,F,F,F,F,F,F,F,F,F,F,F,F,F,F,F,F,F,F,F,F,F,F
POLS 401,F,F,F,F,F,F,F,F,F,F,F,F,F,F,F,F,F,F,F,F,F,F,F,F,F,F,F,,,,,,,,,,
POLS 403,F,F,F,F,F,F,F,F,F,F,F,F,F,F,F,F,F,F,F,F,F,F,F,F,F,F,F,F,F,F,F,F,F,F,F,F,F
POLS 404,F,F,F,F,F,F,F,F,F,F,F,F,F,F,F,F,F,F,F,F,F,F,F,F,F,F,F,F,F,F,F,F,F,F,F,F,F
POLS 405,F,F,F,F,F,F,F,F,F,F,F,F,F,F,F,F,F,F,F,F,F,F,F,F,F,F,F,F,F,F,F,F,F,F,F,F,F
POLS 408,F,F,F,F,F,F,F,F,F,F,F,F,F,F,F,F,F,F,F,F,F,F,F,F,F,F,F,F,F,F,F,F,F,F,F,F,F
POLS 421,F,F,F,F,F,F,F,F,F,F,F,F,F,F,F,F,F,F,F,F,F,F,F,F,F,F,F,F,F,F,F,F,F,F,F,F,F
POLS 422,F,F,F,F,F,F,F,F,F,F,F,F,F,F,F,F,F,F,F,F,F,F,F,F,F,F,F,F,F,F,F,F,F,F,F,F,F
POLS 431,F,F,F,F,F,F,F,F,F,F,F,F,F,F,F,F,F,F,,,,,,,,,,,,,,,,,,,
POLS 434,F,F,F,F,F,F,F,F,F,F,F,F,F,F,F,F,F,F,F,F,F,F,F,F,F,F,F,F,F,F,F,F,F,F,F,F,F
POLS 446,F,F,F,F,F,F,F,F,F,F,F,F,F,F,F,F,F,F,F,F,F,F,F,F,F,F,F,F,F,F,F,F,F,F,F,F,F
POLS 448,F,F,F,F,F,F,F,F,F,F,F,F,F,F,F,F,F,F,F,F,F,F,F,F,F,F,F,F,F,F,F,F,F,F,F,F,F
POLS 455,F,F,F,F,F,F,F,F,F,F,F,F,F,F,F,F,F,F,F,F,F,F,F,F,F,F,F,F,F,F,F,F,F,F,F,F,F
POLS 457,F,F,F,F,F,F,F,F,F,F,F,F,F,F,F,F,F,F,F,F,F,F,F,F,F,F,F,F,F,F,F,F,F,F,F,F,F
POLS 473,F,F,F,F,F,F,F,F,F,F,F,F,F,F,F,F,F,F,F,F,F,F,F,F,F,F,F,F,F,F,F,F,F,F,F,F,F
POLS 483,F,F,F,F,F,F,F,F,F,F,F,F,F,F,F,F,F,F,F,F,F,F,F,F,F,F,F,F,F,F,F,F,F,F,F,F,F
POLS 491,F,F,F,F,F,F,F,F,F,F,F,F,F,F,F,F,F,F,F,F,F,F,F,F,F,F,F,F,F,F,F,F,F,F,F,F,F
POLS 492,F,F,F,F,F,F,F,F,F,F,F,F,F,F,F,F,F,F,F,F,F,F,F,F,F,F,F,F,F,F,F,F,F,F,F,F,F
POLS 493,F,F,F,F,F,F,F,F,F,F,F,F,F,F,F,F,F,F,F,F,F,F,F,F,F,F,F,F,F,F,F,F,F,F,F,F,F
POLS 495,F,F,F,F,F,F,F,F,F,F,F,F,F,F,F,F,F,F,F,F,F,F,F,F,F,F,F,F,F,F,F,F,F,F,F,F,F
PROJ 301,F,F,F,F,F,F,F,F,F,F,F,F,F,F,F,F,F,F,F,F,F,F,F,F,F,F,F,F,F,F,F,F,F,F,F,F,F
PROJ 401,F,F,F,F,F,F,F,F,F,F,F,F,F,F,F,F,F,F,F,F,F,F,F,F,F,F,F,F,F,F,F,F,F,F,F,F,F
PSIR 311,F,F,F,F,F,F,F,F,F,F,F,F,F,F,F,F,F,F,F,F,F,F,F,F,F,F,F,F,F,F,F,F,F,F,F,F,F
PSIR 401,F,F,F,F,F,F,F,F,F,F,F,F,F,F,F,F,F,F,F,F,F,F,F,F,F,F,F,F,F,F,F,F,F,F,F,F,F
PSY 201,F:A,F:A,F:A,F:A,F:A,F:A,F:A,F:A,F:A,F:A,F:A,F:A,F:A,F:A,F:A,F:A,F:A,F:A,F:A,F:A,F:A,F:A,F:A,F:A,F:A,F:A,F:A,F:A,F:A,F:A,F:A,F:A,F:A,F:A,F:A,F:A,F:A
PSY 202,F,F,F,F,F,F,F,F,F,F,F,F,F,F,F,F,F,F,F,F,F,F,F,F,F,F,F,F,F,F,F,F,F,F,F,F,F
PSY 203,F:A,F:A,F:A,F:A,F:A,F:A,F:A,F:A,F:A,F:A,F:A,F:A,F:A,F:A,F:A,F,F,F,F,F,F,F,F,F,F,F,F,F,F,F,F,F,F,F,F,F,F
PSY 303,F,F,F,F,F,F,F,F,F,F,F,F,F,F,F,F,F,F,F,F,F,F,F,F,F,F,F,F,F,F,F,F,F,F,F,F,F
PSY 304,F,F,F,F,F,F,F,F,F,F,F,F,F,F,F,F,F,F,F,F,F,F,F,F,F,F,F,F,F,F,F,F,F,F,F,F,F
PSY 305,F,F,F,F,F,F,F,F,F,F,F,F,F,F,F,F,F,F,F,F,F,F,F,F,F,F,F,F,F,F,F,F,F,F,F,F,F
PSY 306,F,F,F,F,F,F,F,F,F,F,F,F,F,F,F,F,F,F,F,F,F,F,F,F,F,F,F,F,F,F,F,F,F,F,F,F,F
PSY 310,F:A,F:A,F:A,F:A,F:A,F:A,F:A,F:A,F:A,F:A,F:A,F:A,F:A,F:A,F:A,F:A,F:A,F:A,F:A,F:A,F:A,F:A,F:A,F:A,F:A,F:A,F:A,F:A,F:A,F:A,F:A,F:A,F:A,F:A,F:A,F:A,F:A
PSY 311,F,F,F,F,F,F,F,F,F,F,F,F,F,F,F,F,F,F,F,F,F,F,F,F,F,F,F,F,F,F,F,F,F,F,F,F,F
PSY 312,F,F,F,F,F,F,F,F,F,F,F,F,F,F,F,F,F,F,F,F,F,F,F,F,F,F,F,F,F,F,F,F,F,F,F,F,F
PSY 314,F,F,F,F,F,F,F,F,F,F,F,F,F,F,F,F,F,F,F,F,F,F,F,F,F,F,F,F,F,F,F,F,F,F,F,F,F
PSY 315,F,F,F,F,F,F,F,F,F,F,F,F,F,F,F,F,F,F,F,F,F,F,F,F,F,F,F,F,F,F,F,F,F,F,F,F,F
PSY 316,F,F,F,F,F,F,F,F,F,F,F,F,F,F,F,F,F,F,F,F,F,F,F,F,F,F,F,F,F,F,F,F,F,F,F,F,F
PSY 317,F,F,F,F,F,F,F,F,F,F,F,F,F,F,F,F,F,F,F,F,F,F,F,F,F,F,F,F,F,F,F,F,F,F,F,F,F
PSY 320,F,F,F,F,F,F,F,F,F,F,F,F,F,F,F,F,F,F,F,F,F,F,F,F,F,F,F,F,F,F,F,F,F,F,F,F,F
PSY 322,F,F,F,F,F,F,F,F,F,F,F,F,F,F,F,F,F,F,F,F,F,F,F,F,F,F,F,F,F,F,F,F,F,F,F,F,F
PSY 323,F,F,F,F,F,F,F,F,F,F,F,F,F,F,F,F,F,F,F,F,F,F,F,F,F,F,F,F,F,F,F,F,F,F,F,F,F
PSY 325,F,F,F,F,F,F,F,F,F,F,F,F,F,F,F,F,F,F,F,F,F,F,F,F,F,F,F,F,F,F,F,F,F,F,F,F,F
PSY 330,F,F,F,F,F,F,F,F,F,F,F,F,F,F,F,F,F,F,,,,,,,,,,,,,,,,,,,
PSY 340,F:A,F:A,F:A,F:A,F:A,F:A,F:A,F:A,F:A,F:A,F:A,F:A,F:A,F:A,F:A,F:A,F:A,F:A,F:A,F:A,F:A,F:A,F:A,F:A,F:A,F:A,F:A,F:A,F:A,F:A,F:A,F:A,F:A,F:A,F:A,F:A,F:A
PSY 341,F,F,F,F,F,F,F,F,F,F,F,F,F,F,F,F,F,F,F,F,F,F,F,F,F,F,F,F,F,F,F,F,F,F,F,F,F
PSY 343,F,F,F,F,F,F,F,F,F,F,F,F,F,F,F,F,F,F,F,F,F,F,F,F,F,F,F,F,F,F,F,F,F,F,F,F,F
PSY 344,F,F,F,F,F,F,F,F,F,F,F,F,F,F,F,F,F,F,F,F,F,F,F,F,F,F,F,F,F,F,F,F,F,F,F,F,F
PSY 345,F,F,F,F,F,F,F,F,F,F,F,F,F,F,F,F,F,F,F,F,F,F,,,,,,,,,,,,,,,
PSY 350,F,F,F,F,F,F,F,F,F,F,F,F,F,F,F,F,F,F,F,F,F,F,F,F,F,F,F,F,F,F,F,F,F,F,F,F,F
PSY 352,F,F,F,F,F,F,F,F,F,F,F,F,F,F,F,F,F,F,,,,,,,,,,,,,,,,,,,
PSY 360,F,F,F,F,F,F,F,F,F,F,F,F,F,F,F,F,F,F,F,F,F,F,F,F,F,F,F,F,F,F,F,F,F,F,F,F,F
PSY 361,F,F,F,F,F,F,F,F,F,F,F,F,F,F,F,F,F,F,F,F,F,F,F,F,F,F,F,F,F,F,F,F,F,F,F,F,F
PSY 362,F,F,F,F,F,F,F,F,F,F,F,F,F,F,F,F,F,F,F,F,F,F,F,F,F,F,F,F,F,F,F,F,F,F,F,F,F
PSY 363,F,F,F,F,F,F,F,F,F,F,F,F,F,F,F,F,F,F,F,F,F,F,F,F,F,F,F,F,F,F,F,F,F,F,F,F,F
PSY 364,F,F,F,F,F,F,F,F,F,F,F,F,F,F,F,F,F,F,F,F,F,F,F,F,F,F,F,F,F,F,F,F,F,F,F,F,F
PSY 365,F,F,F,F,F,F,F,F,F,F,F,F,F,F,F,F,F,F,F,F,F,,,,,,,,,,,,,,,,
PSY 366,F,F,F,F,F,F,F,F,F,F,F,F,F,F,F,F,F,F,F,F,F,F,F,F,F,F,F,F,F,F,F,F,F,F,F,F,F
PSY 368,F,F,F,F,F,F,F,F,F,F,F,F,F,F,F,F,F,F,F,F,F,F,F,F,F,F,F,F,F,F,F,F,F,F,F,F,F
PSY 370,F,F,F,F,F,F,F,F,F,F,F,F,F,F,F,F,F,F,,,,,,,,,,,,,,,,,,,
PSY 371,F,F,F,F,F,F,F,F,F,F,F,F,F,F,F,F,F,F,,,,,,,,,,,,,,,,,,,
PSY 380,F,F,F,F,F,F,F,F,F,F,F,F,F,F,F,F,F,F,,,,,,,,,,,,,,,,,,,
PSY 382,F,F,F,F,F,F,F,F,F,F,F,F,F,F,F,F,F,F,,,,,,,,,,,,,,,,,,,
PSY 390,F,F,F,F,F,F,F,F,F,F,F,F,F,F,F,F,F,F,,,,,,,,,,,,,,,,,,,
PSY 398,F,F,F,F,F,F,F,F,F,F,F,F,F,F,F,F,F,F,F,F,F,F,F,F,F,F,F,F,F,F,F,F,F,F,F,F,F
PSY 399,F,F,F,F,F,F,F,F,F,F,F,F,F,F,F,F,F,F,F,F,F,F,F,F,F,F,F,F,F,F,F,F,F,F,F,F,F
PSY 403,F,F,F,F,F,F,F,F,F,F,F,F,F,F,F,F,F,F,F,F,F,F,F,F,F,F,F,F,F,F,F,F,F,F,F,F,F
PSY 405,F,F,F,F,F,F,F,F,F,F,F,F,F,F,F,F,F,F,,,,,,,,,,,,,,,,,,,
PSY 407,F,F,F,F,F,F,F,F,F,F,F,F,F,F,F,F,F,F,F,F,F,F,F,F,F,F,F,F,F,F,F,F,F,F,F,F,F
PSY 410,F,F,F,F,F,F,F,F,F,F,F,F,F,F,F,F,F,F,F,F,F,F,F,F,F,F,F,F,F,F,F,F,F,F,F,F,F
PSY 411,F,F,F,F,F,F,F,F,F,F,F,F,F,F,F,F,F,F,F,F,F,F,F,F,F,F,F,F,F,F,F,F,F,F,F,F,F
PSY 412,F,F,F,F,F,F,F,F,F,F,F,F,F,F,F,F,F,F,F,F,F,F,F,F,F,F,F,F,F,F,F,F,F,F,F,F,F
PSY 414,F,F,F,F,F,F,F,F,F,F,F,F,F,F,F,F,F,F,F,F,F,F,F,F,F,F,F,F,F,F,F,F,F,F,F,F,F
PSY 415,F,F,F,F,F,F,F,F,F,F,F,F,F,F,F,F,F,F,F,F,F,F,F,F,F,F,F,F,F,F,F,F,F,F,F,F,F
PSY 416,F,F,F,F,F,F,F,F,F,F,F,F,F,F,F,F,F,F,F,F,F,F,F,F,F,F,F,F,F,F,F,F,F,F,F,F,F
PSY 418,F,F,F,F,F,F,F,F,F,F,F,F,F,F,F,F,F,F,F,F,F,F,F,F,F,F,F,F,F,F,F,F,F,F,F,F,F
PSY 421,F,F,F,F,F,F,F,F,F,F,F,F,F,F,F,F,F,F,F,F,F,F,F,F,F,F,F,F,F,F,F,F,F,F,F,F,F
PSY 422,F,F,F,F,F,F,F,F,F,F,F,F,F,F,F,F,F,F,F,F,F,F,F,F,F,F,F,F,F,F,F,F,F,F,F,F,F
PSY 423,F,F,F,F,F,F,F,F,F,F,F,F,F,F,F,F,F,F,F,F,F,F,F,F,,,,,,,,,,,,,
PSY 424,F,F,F,F,F,F,F,F,F,F,F,F,F,F,F,F,F,F,F,F,F,F,F,F,F,F,F,F,F,F,F,F,F,F,F,F,F
PSY 433,F,F,F,F,F,F,F,F,F,F,F,F,F,F,F,F,F,F,,,,,,,,,,,,,,,,,,,
PSY 440,F,F,F,F,F,F,F,F,F,F,F,F,F,F,F,F,F,F,,,,,,,,,,,,,,,,,,,
PSY 442,F,F,F,F,F,F,F,F,F,F,F,F,F,F,F,F,F,F,F,F,F,F,F,F,F,F,F,F,F,F,F,F,F,F,F,F,F
PSY 443,F,F,F,F,F,F,F,F,F,F,F,F,F,F,F,F,F,F,F,F,F,F,F,F,F,F,F,F,F,F,F,F,F,F,F,F,F
PSY 444,F,F,F,F,F,F,F,F,F,F,F,F,F,F,F,F,F,F,F,F,F,F,F,F,F,F,F,F,F,F,F,F,F,F,F,F,F
PSY 445,F,F,F,F,F,F,F,F,F,F,F,F,F,F,F,F,F,F,F,F,F,F,F,F,F,F,F,F,F,F,F,F,F,F,F,F,F
PSY 450,F,F,F,F,F,F,F,F,F,F,F,F,F,F,F,F,F,F,F,F,F,F,F,F,F,F,F,F,F,F,F,F,F,F,F,F,F
PSY 452,F,F,F,F,F,F,F,F,F,F,F,F,F,F,F,F,F,F,F,F,F,F,F,F,F,F,F,F,F,F,F,F,F,F,F,F,F
PSY 464,F,F,F,F,F,F,F,F,F,F,F,F,F,F,F,F,F,F,,,,,,,,,,,,,,,,,,,
PSY 467,F,F,F,F,F,F,F,F,F,F,F,F,F,F,F,F,F,F,F,F,F,F,F,F,F,F,F,F,F,F,F,F,F,F,F,F,F
PSY 469,F,F,F,F,F,F,F,F,F,F,F,F,F,F,F,F,F,F,F,F,F,F,F,F,F,F,F,F,F,F,F,F,F,F,F,F,F
PSY 480,F,F,F,F,F,F,F,F,F,F,F,F,F,F,F,F,F,F,F,F,F,F,F,F,F,F,F,F,F,F,F,F,F,F,F,F,F
PSY 481,F,F,F,F,F,F,F,F,F,F,F,F,F,F,F,F,F,F,F,F,F,F,F,F,F,F,F,F,F,F,F,F,F,F,F,F,F
RUS 110,F,F,F,F,F,F,F,F,F,F,F,F,F,F,,,,,,,,,,,,,,,,,,,,,,,
RUS 120,F,F,F,F,F,F,F,F,F,F,F,F,F,F,,,,,,,,,,,,,,,,,,,,,,,
RUS 130,F,F,F,F,F,F,F,,,,,,,,,,,,,,,,,,,,,,,,,,,,,,
RUS 140,F,F,F,F,F,F,F,F,,,,,,,,,,,,,,,,,,,,,,,,,,,,,
SOC 201,F:A,F:A,F:A,F:A,F:A,F:A,F:A,F:A,F:A,F:A,F:A,F:A,F:A,F:A,F:A,F:A,F:A,F:A,F:A,F:A,F:A,F:A,F:A,F:A,F:A,F:A,F:A,F:A,F:A,F:A,F:A,F:A,F:A,F:A,F:A,F:A,F:A
SOC 300,F,F,F,F,F,F,F,F,F,F,,,,,,,,,,,,,,,,,,,,,,,,,,,
SOC 301,F:A,F:A,F:A,F:A,F:A,F:A,F:A,F:A,F:A,F:A,F:A,F:A,F:A,F:A,F:A,F:A,F:A,F:A,F:A,F:A,F:A,F:A,F:A,F:A,F:A,F:A,F:A,F:A,F:A,F:A,F:A,F:A,F:A,F:A,F:A,F:A,F:A
SOC 313,F,F,F,F,F,F,F,F,F,F,F,F,F,F,F,F,F,F,F,,,,,,,,,,,,,,,,,,
SOC 318,F,F,F,F,F,F,F,F,F,F,F,F,F,F,F,F,,,,,,,,,,,,,,,,,,,,,
SOC 321,F,F,F,F,F,F,F,F,F,F,F,F,,,,,,,,,,,,,,,,,,,,,,,,,
SOC 399,F,F,F,F,F,F,F,F,F,F,F,F,F,F,F,F,F,F,F,F,F,F,F,F,F,F,F,F,F,F,F,F,F,F,F,F,F
SOC 402,F,F,F,F,F,F,F,F,F,,,,,,,,,,,,,,,,,,,,,,,,,,,,
SOC 408,F,F,F,F,F,F,F,F,F,F,F,F,F,F,F,F,F,F,F,F,F,F,F,F,F,F,F,F,F,F,F,F,F,F,F,F,F
SOC 420,F,F,F,F,F,F,F,F,F,F,F,F,F,F,F,F,F,F,F,F,F,F,F,F,F,F,F,F,F,F,F,F,F,F,F,F,F
SOC 425,F,F,F,F,F,F,F,F,F,F,F,F,F,F,F,F,F,F,F,F,F,F,F,F,F,F,F,F,F,F,F,F,F,F,F,F,F
SOC 426,F,F,F,F,F,F,F,F,F,F,F,F,F,F,F,F,F,F,F,F,F,F,F,F,F,F,F,F,F,F,,,,,,,
SOC 432,F,F,F,F,F,F,F,F,F,F,F,F,F,F,F,F,F,F,F,F,F,F,F,F,F,F,F,F,F,F,F,F,F,F,F,F,F
SPA 110,F,F,F,F,F,F,F,F,F,F,F,F,F,F,F,F,F,F,F,F,F,F,F,F,F,F,F,F,F,F,F,F,F,F,F,F,F
SPA 120,F,F,F,F,F,F,F,F,F,F,F,F,F,F,F,F,F,F,F,F,F,F,F,F,F,F,F,F,F,F,F,F,F,F,F,F,F
SPA 130,F,F,F,F,F,F,F,F,F,F,F,F,F,F,F,F,F,F,F,F,,,,,,,,,,,,,,,,,
SPA 140,F,F,F,F,F,F,F,F,,,,,,,,,,,,,,,,,,,,,,,,,,,,,
SPS 201,F,F,F,F,F,F,F,F,F,F,F,F,F,F,F,F,F,F,F,F,F,F,F,F,F,F,F,F,F,F,F,F,F,F,F,F,F
SPS 311,F,F,F,F,F,F,F,F,F,F,F,F,F,F,F,F,F,F,F,F,F,F,F,F,F,F,F,,,,,,,,,,
SPS 315,F,F,F,F,,,,,,,,,,,,,,,,,,,,,,,,,,,,,,,,,
SPS 374,F,F,F,F,F,F,F,F,F,F,F,F,F,F,F,F,F,F,F,F,F,F,F,F,F,F,F,F,F,F,F,F,F,F,F,F,F
SPS 384,F,F,F,F,F,F,F,F,F,F,F,F,F,F,F,F,F,F,F,F,F,F,F,F,F,F,F,F,F,F,F,F,F,F,F,F,F
SPS 394,F,F,F,F,F,F,F,F,F,F,F,F,F,F,F,F,F,F,F,F,F,F,F,F,F,F,F,F,F,F,F,F,F,F,F,F,F
SPS 399,F,F,F,,,,,,,,,,,,,,,,,,,,,,,,,,,,,,,,,,
SPS 404,F,F,F,F,F,F,F,F,F,F,F,F,F,F,F,F,F,F,F,F,F,F,F,F,F,F,F,F,F,F,F,F,F,F,F,F,F
TE 301,F,F,F,,,,,,,,,,,,,,,,,,,,,,,,,,,,,,,,,,
TE 302,F,F,F,,,,,,,,,,,,,,,,,,,,,,,,,,,,,,,,,,
TE 303,F,F,F,,,,,,,,,,,,,,,,,,,,,,,,,,,,,,,,,,
TE 304,F,F,F,,,,,,,,,,,,,,,,,,,,,,,,,,,,,,,,,,
TE 305,F,F,F,,,,,,,,,,,,,,,,,,,,,,,,,,,,,,,,,,
TE 401,F,F,F,,,,,,,,,,,,,,,,,,,,,,,,,,,,,,,,,,
TE 402,F,F,F,,,,,,,,,,,,,,,,,,,,,,,,,,,,,,,,,,
TE 404,F,F,F,,,,,,,,,,,,,,,,,,,,,,,,,,,,,,,,,,
TE 405,F,F,F,,,,,,,,,,,,,,,,,,,,,,,,,,,,,,,,,,
TE 407,F,F,F,,,,,,,,,,,,,,,,,,,,,,,,,,,,,,,,,,
TE 409,F,F,F,,,,,,,,,,,,,,,,,,,,,,,,,,,,,,,,,,
TE 410,F,F,F,,,,,,,,,,,,,,,,,,,,,,,,,,,,,,,,,,
TE 412,F,F,F,,,,,,,,,,,,,,,,,,,,,,,,,,,,,,,,,,
TE 480,F,F,F,,,,,,,,,,,,,,,,,,,,,,,,,,,,,,,,,,
TLL 001,F,F,F,F,F,F,F,F,F,F,F,F,F,F,F,F,F,F,F,F,F,F,F,F,F,F,F,F,F,F,F,F,F,F,F,F,F
TLL 110,F,F,F,F,F,F,F,F,F,F,F,F,F,F,F,F,F,F,F,F,,,,,,,,,,,,,,,,,
TLL 120,F,F,F,F,F,F,F,F,F,F,F,F,,,,,,,,,,,,,,,,,,,,,,,,,
TLL 130,F,F,F,F,F,F,F,F,F,F,F,F,F,F,F,F,F,F,F,F,,,,,,,,,,,,,,,,,
TLL 140,F,F,F,F,F,F,F,F,F,F,F,F,,,,,,,,,,,,,,,,,,,,,,,,,
TLL 150,F,F,F,F,F,F,F,F,F,F,F,F,F,F,F,F,F,F,F,F,,,,,,,,,,,,,,,,,
TS 320,F,F,F,F,F,F,F,F,F,F,F,F,F,F,F,F,F,F,F,F,F,F,F,F,F,F,F,F,F,F,F,F,F,F,F,F,F
TUR 101,F,F,F,F,F,F,F,F,F,F,F,F,F,F,F,F,F,F,F,F,F,F,F,F,F,F,F,F,F,F,F,F,F,F,F,F,F
TUR 102,F,F,F,F,F,F,F,F,F,F,F,F,F,F,F,F,F,F,F,F,F,F,F,F,F,F,F,F,F,F,F,F,F,F,F,F,F
TUR 201,F,F,F,F,F,F,F,F,F,F,F,F,F,F,F,F,F,F,F,F,F,F,F,F,F,F,F,F,F,F,F,F,F,F,F,F,F
TUR 202,F,F,F,F,F,F,F,F,F,F,F,,,,,,,,,,,,,,,,,,,,,,,,,,
TUR 403,F,F,F,F,F,F,F,F,F,F,F,F,F,,,,,,,,,,,,,,,,,,,,,,,,
TUR 404,F,F,F,F,F,F,F,F,F,F,F,F,F,F,,,,,,,,,,,,,,,,,,,,,,,
VA 201,F:A,F:A,F:A,F:A,F:A,F:A,F:A,F:A,F:A,F:A,F:A,F:A,F:A,F:A,F:A,F:A,F:A,F:A,F:A,F:A,F:A,F:A,F:A,F:A,F:A,F:A,F:A,F:A,F:A,F:A,F:A,F:A,F:A,F:A,F:A,F:A,F:A
VA 202,F,F,F,F,F,F,F,F,F,F,F,F,F,F,F,F,F,F,F,F,F,F,F,F,F,F,F,F,F,F,F,F,F,F,F,F,F
VA 203,F:A,F:A,F:A,F:A,F:A,F:A,F:A,F:A,F:A,F:A,F:A,F:A,F:A,F:A,F:A,F:A,F:A,F:A,F:A,F:A,F:A,F:A,F:A,F:A,F:A,F:A,F:A,F:A,F:A,F:A,F:A,F:A,F:A,F:A,F:A,F:A,F:A
VA 204,F,F,F,F,F,F,F,F,F,F,F,F,F,F,F,F,F,F,F,F,F,F,F,F,F,F,F,F,F,F,F,F,F,F,F,F,F
VA 210,F,F,F,,,,,,,,,,,,,,,,,,,,,,,,,,,,,,,,,,
VA 228,F,F,F,F,F,F,,,,,,,,,,,,,,,,,,,,,,,,,,,,,,,
VA 234,F,F,F,F,F,F,F,F,F,F,F,F,F,F,F,F,F,F,F,F,F,F,F,F,F,F,F,F,F,F,F,F,F,F,F,F,F
VA 267,F,F,F,F,F,F,F,F,F,F,F,F,F,F,F,F,F,F,F,F,F,F,F,F,F,F,F,F,F,F,F,F,F,F,F,F,F
VA 301,F,F,F,F,F,F,F,F,F,F,F,F,F,F,F,F,F,F,F,F,F,F,F,F,F,F,F,F,F,F,F,F,F,F,F,F,F
VA 302,F,F,F,F,F,F,F,F,F,F,F,F,F,F,F,F,F,F,F,F,F,F,F,F,F,F,F,F,F,F,F,F,F,F,F,F,F
VA 303,F,F,F,F,F,F,F,F,F,F,F,F,F,F,F,F,F,F,F,F,F,F,F,F,F,F,F,F,F,F,F,F,F,F,F,F,F
VA 304,F,F,F,F,F,F,F,F,F,F,F,F,F,F,F,F,F,F,F,F,F,F,F,F,F,F,F,F,F,F,F,F,F,F,F,F,F
VA 310,F,F,F,F,F,F,F,F,F,F,F,F,F,F,F,F,F,F,F,F,F,F,F,F,F,F,F,F,F,F,F,F,F,F,F,F,F
VA 311,F,F,F,F,F,F,F,F,F,F,F,F,F,F,F,F,F,F,F,F,F,F,F,F,F,F,F,F,F,F,F,F,F,F,F,F,F
VA 312,F:A,F:A,F:A,F:A,F:A,F:A,F:A,F:A,F:A,F:A,F:A,F:A,F:A,F:A,F:A,F:A,F:A,F:A,F:A,F:A,F:A,F:A,F:A,F:A,F:A,F:A,F:A,F:A,F:A,F:A,F:A,F:A,F:A,F:A,F:A,F:A,F:A
VA 315,F:A,F:A,F:A,F:A,F:A,F:A,F:A,F:A,F:A,F:A,F:A,F:A,F:A,F:A,F:A,F:A,F:A,F:A,F:A,F:A,F:A,F:A,F:A,F:A,F:A,F:A,F:A,F:A,F:A,F:A,F:A,F:A,F:A,F:A,F:A,F:A,F:A
VA 321,F,F,F,F,F,F,F,F,F,F,F,F,F,F,F,F,F,F,F,F,F,F,F,F,,,,,,,,,,,,,
VA 322,F,F,F,F,F,F,F,F,F,F,F,F,F,F,F,,,,,,,,,,,,,,,,,,,,,,
VA 323,F,F,F,F,F,F,F,F,F,F,F,F,F,F,F,F,F,F,F,F,F,F,F,F,F,F,F,F,F,F,F,F,F,F,F,F,F
VA 324,F,F,F,F,F,F,F,F,F,F,F,F,F,F,F,F,F,F,F,F,F,F,F,F,F,F,F,F,F,F,F,F,F,F,F,F,F
VA 325,F,F,F,F,F,F,F,F,F,F,F,F,F,F,F,F,F,F,F,F,F,F,F,F,F,F,F,F,F,F,F,F,F,F,F,F,F
VA 327,F,F,F,F,,,,,,,,,,,,,,,,,,,,,,,,,,,,,,,,,
VA 328,F,F,F,F,F,F,F,F,F,F,F,F,F,F,F,F,F,F,F,F,F,F,F,F,F,F,F,F,F,F,F,F,F,F,F,F,F
VA 329,F,F,F,F,F,F,F,F,F,F,F,F,F,F,F,F,F,F,F,F,F,F,F,F,F,F,F,F,F,F,F,F,F,F,F,F,F
VA 331,F,F,F,F,F,F,F,F,F,F,F,F,F,F,F,F,F,F,F,F,F,F,F,F,F,F,F,F,F,F,F,F,F,F,F,F,F
VA 333,F,F,F,F,F,F,F,F,F,F,F,F,F,F,F,F,F,F,F,F,F,F,F,F,F,F,F,F,F,F,F,F,F,F,F,F,F
VA 335,F,F,F,F,F,F,F,F,F,F,F,F,F,F,F,F,F,F,F,F,F,F,F,F,F,F,F,F,F,F,F,F,F,F,F,F,F
VA 336,F,F,F,F,F,F,F,F,F,F,F,F,F,F,F,F,F,F,F,F,F,F,F,F,,,,,,,,,,,,,
VA 337,F,F,F,F,F,F,F,F,F,F,F,F,,,,,,,,,,,,,,,,,,,,,,,,,
VA 345,F,F,F,F,F,F,F,F,F,F,F,F,F,F,F,F,F,F,F,F,F,F,F,F,F,F,F,F,F,F,F,F,F,F,F,F,F
VA 399,F,F,F,F,F,F,F,F,F,F,F,F,F,F,F,F,F,F,F,F,F,F,F,F,F,F,F,F,F,F,F,F,F,F,F,F,F
VA 401,F,F,F,F,F,F,F,F,F,F,F,F,F,F,F,F,F,F,F,F,F,F,F,F,F,F,F,F,F,F,F,F,F,F,F,F,F
VA 402,F,F,F,F,F,F,F,F,F,F,F,F,F,F,F,F,F,F,F,F,F,F,F,F,F,F,F,F,F,F,F,F,F,F,F,F,F
VA 403,F,F,F,F,F,F,F,F,F,F,F,F,F,F,F,F,F,F,F,F,F,F,F,F,F,F,F,F,F,F,F,F,F,F,F,F,F
VA 404,F,F,F,F,F,F,F,F,F,F,F,F,F,F,F,F,F,F,F,F,F,F,F,F,F,F,F,F,F,F,F,F,F,F,F,F,F
VA 420,F,F,F,F,F,F,F,F,F,F,F,F,F,F,F,F,F,F,F,F,F,F,F,F,F,F,F,F,F,F,F,F,F,F,F,F,F
VA 423,F,F,F,F,F,F,F,F,F,F,F,F,F,F,F,F,F,F,F,F,F,F,F,F,F,F,F,F,F,F,F,F,F,F,F,F,F
VA 424,F,F,F,F,F,F,F,F,F,F,F,F,F,F,F,F,F,F,F,F,F,F,F,F,F,F,F,F,F,F,F,F,F,F,F,F,F
VA 428,F,F,F,F,F,F,F,F,F,F,F,F,,,,,,,,,,,,,,,,,,,,,,,,,
VA 430,F,F,F,F,F,F,F,F,F,F,F,F,F,F,F,F,F,F,F,F,F,F,F,F,F,F,F,F,F,F,F,F,F,F,F,F,F
VA 431,F,F,F,F,F,F,F,F,F,F,F,F,F,F,F,F,F,F,F,F,F,F,F,F,F,F,F,F,F,F,F,F,F,F,F,F,F
VA 433,F,F,F,F,F,F,F,F,F,F,F,F,F,F,F,F,F,F,F,F,F,F,F,F,F,F,F,F,F,F,F,F,F,F,F,F,F
VA 434,F,F,F,F,F,F,F,F,F,F,F,F,F,F,F,F,F,F,F,F,F,F,F,F,F,F,F,F,F,F,F,F,F,F,F,F,F
VA 437,F,F,F,F,F,F,F,F,F,F,F,F,F,F,F,F,F,F,F,F,F,F,F,F,F,F,F,F,F,F,F,F,F,F,F,F,F
VA 439,F,F,F,F,F,F,F,F,F,F,F,F,F,F,F,F,F,F,F,F,F,F,F,F,F,F,F,F,F,F,F,F,F,F,F,F,F
VA 440,F,F,F,F,F,F,F,F,F,F,F,F,F,F,F,F,F,F,F,F,F,F,F,F,F,F,F,F,F,F,F,F,F,F,F,F,F
VA 441,F,F,F,F,F,F,F,F,F,F,F,F,F,,,,,,,,,,,,,,,,,,,,,,,,
VA 442,F,,,,,,,,,,,,,,,,,,,,,,,,,,,,,,,,,,,,
VA 444,F,F,F,F,F,F,F,,,,,,,,,,,,,,,,,,,,,,,,,,,,,,
VA 450,F,F,F,F,F,F,F,F,F,F,F,F,F,F,F,F,F,F,F,F,F,F,F,F,F,F,F,F,F,F,F,F,F,F,F,F,F
VA 453,F,F,F,F,F,F,F,F,F,F,F,F,F,F,F,F,F,F,F,F,F,F,F,F,F,F,F,F,F,F,F,F,F,F,F,F,F
VA 455,F,F,F,F,F,F,F,F,F,F,F,F,F,F,F,F,F,F,F,F,F,F,F,F,F,F,F,F,F,F,F,F,F,F,F,F,F
VA 456,F,F,F,F,F,F,F,F,F,F,F,F,,,,,,,,,,,,,,,,,,,,,,,,,
VA 465,F,F,F,F,F,F,F,F,F,F,F,F,F,F,F,F,F,F,F,F,F,F,F,F,F,F,F,F,F,F,F,F,F,F,F,F,F
VA 481,F,F,F,F,F,F,F,F,F,F,F,F,F,F,F,F,F,F,F,F,F,F,F,F,F,F,F,F,F,,,,,,,,
VA 482,F,F,F,F,F,F,F,F,F,F,F,F,F,F,F,F,F,F,F,F,F,F,F,F,F,F,F,F,F,,,,,,,,
VA 490,F,F,F,F,F,F,F,F,F,F,F,F,F,F,F,F,F,F,F,F,F,F,F,F,F,F,F,F,F,F,F,F,F,F,F,F,F
VIS 308,F,F,F,F,F,F,F,F,F,F,F,F,F,F,F,F,F,F,F,F,F,F,F,F,F,F,F,F,F,,,,,,,,
VIS 310,F,F,F,F,F,F,F,F,F,F,F,F,F,F,F,F,F,F,F,F,F,F,F,F,F,F,F,F,F,,,,,,,,
VIS 412,F,F,F,F,F,F,F,F,F,F,F,F,F,F,F,F,F,F,F,F,F,F,F,F,F,F,F,F,F,,,,,,,,
XM 490,F,F,F,F,F,F,F,F,F,F,F,F,F,F,F,F,F,F,F,F,F,F,F,F,F,F,F,F,F,F,F,F,F,F,F,F,F
IF 100,,,,,,,,,,D,D,D,D,D,D,D,D,D,D,D,D,D,D,D,D,D,D,D,D,D,D,D,D,D,D,D,D
CIP 101N,,,,,,,,,,D,D,D,D,D,D,D,D,D,D,D,D,D,D,D,D,D,D,D,D,D,D,D,D,D,D,D,D
AL 102,,,,,,,,,,D,D,D,D,D,D,D,D,D,D,D,D,D,D,D,D,D,D,D,D,D,D,D,D,D,D,D,D
PROJ 201,,,,,,,,,,D,D,D,D,D,D,D,D,D,D,D,D,D,D,D,D,D,D,D,D,D,D,D,D,D,D,D,D