"Political Science and International Relations","202001","202002","202003","202101","202102","202103","202201","202202","202203","202301","202302","202303","202401","202402","202403","202501","202502","202503","202601"
Requirement:facultyCourses,5,5,5,5,5,5,5,5,5,5,5,5,5,5,5,5,5,5,5
Requirement:credits,155,155,155,155,155,155,155,155,155,155,155,155,155,155,155,155,155,155,155
Requirement:ECTS,300,300,300,300,300,300,300,300,300,300,300,300,300,300,300,300,300,300,300
IF 100,D,D,D,D,D,D,D,D,D,D,D,D,D,D,D,D,D,D,D
MATH 101,D,D,D,D,D,D,D,D,D,D,D,D,D,D,D,D,D,D,D
CIP 101N,D,D,D,D,D,D,D,D,D,D,D,D,D,D,D,D,D,D,D
NS 101,D,D,D,D,D,D,D,D,D,D,D,D,D,D,D,D,D,D,D
SPS 101,D,D,D,D,D,D,D,D,D,D,D,D,D,D,D,D,D,D,D
TLL 101,D,D,D,D,D,D,D,D,D,D,D,D,D,D,D,D,D,D,D
AL 102,D,D,D,D,D,D,D,D,D,D,D,D,D,D,D,D,D,D,D
MATH 102,D,D,D,D,D,D,D,D,D,D,D,D,D,D,D,D,D,D,D
NS 102,D,D,D,D,D,D,D,D,D,D,D,D,D,D,D,D,D,D,D
SPS 102,D,D,D,D,D,D,D,D,D,D,D,D,D,D,D,D,D,D,D
TLL 102,D,D,D,D,D,D,D,D,D,D,D,D,D,D,D,D,D,D,D
HIST 191,D,D,D,D,D,D,D,D,D,D,D,D,D,D,D,D,D,D,D
HIST 192,D,D,D,D,D,D,D,D,D,D,D,D,D,D,D,D,D,D,D
HUM 201,D,D,D,D,D,D,D,D,D,D,D,D,D,D,D,D,D,D,D
PROJ 201,D,D,D,D,D,D,D,D,D,D,D,D,D,D,D,D,D,D,D
HUM 202,D,D,D,D,D,D,D,D,D,D,D,D,D,D,D,D,D,D,D
HUM 207,D,D,D,D,D,D,D,D,D,D,D,D,D,D,D,D,D,D,D
SPS 303,D,D,D,D,D,D,D,D,D,D,D,D,D,D,D,D,D,D,D
HUM 304,D,D,D,D,D,D,D,D,,,,,,,,,,,
HUM 311,D,D,D,D,D,D,D,D,D,D,D,D,D,D,D,D,D,D,D
HUM 312,D,D,D,D,D,D,D,D,D,D,D,D,D,D,D,D,D,D,D
HUM 317,D,D,D,D,D,D,D,D,D,D,D,D,D,D,D,D,D,D,D
HUM 321,D,D,D,D,D,D,D,D,D,D,D,D,D,D,D,D,D,D,D
HUM 322,D,D,D,D,D,D,D,D,D,D,D,D,D,D,D,D,D,D,D
HUM 324,D,D,D,D,D,D,D,D,,,,,,,,,,,
HUM 371,D,D,D,D,D,D,D,D,D,D,D,D,D,D,D,D,D,D,D
ECON 202,R:A,R:A,R:A,R:A,R:A,R:A,R:A,R:A,R:A,R:A,R:A,R:A,R:A,R:A,R:A,R:A,R:A,R:A,R:A
IR 201,R:A,R:A,R:A,R:A,R:A,R:A,R:A,R:A,R:A,R:A,R:A,R:A,R:A,R:A,R:A,R:A,R:A,R:A,R:A
POLS 250,R:A,R:A,R:A,R:A,R:A,R:A,R:A,R:A,R:A,R:A,R:A,R:A,R:A,R:A,R:A,R:A,R:A,R:A,R:A
POLS 301,R:A,R:A,R:A,R:A,R:A,R:A,R:A,R:A,R:A,R:A,R:A,R:A,R:A,R:A,R:A,R:A,R:A,R:A,R:A
POLS 352,R,R,R,R,R,R,R,R,R,R,R,R,R,R,R,R,R,R,R
POLS 401,R,R,R,R,R,R,R,R,R,,,,,,,,,,
POLS 473,R,R,R,R,R,R,R,R,R,R,R,R,R,R,R,R,R,R,R
PROJ 300,R,R,R,,,,,,,,,,,,,,,,
PSIR 300,R,R,R,R,R,R,R,R,R,R,R,R,R,R,R,R,R,R,R
PSIR 311,R,R,R,R,R,R,R,R,R,R,R,R,R,R,R,R,R,R,R
PSIR 401,R,R,R,R,R,R,R,R,R,R,R,R,R,R,R,R,R,R,R
SPS 311,R,R,R,R,R,R,R,R,R,,,,,,,,,,
LAW 312,CI,CI,CI,CI,CI,CI,CI,CI,CI,CI,CI,CI,CI,CI,CI,CI,CI,CI,CI
POLS 251,CI,CI,CI,CI,CI,CI,CI,CI,CI,CI,CI,CI,CI,CI,CI,CI,CI,CI,CI
POLS 353,CI,CI,CI,CI,CI,CI,CI,CI,CI,CI,CI,CI,CI,CI,CI,CI,CI,CI,CI
POLS 404,CI,CI,CI,CI,CI,CI,CI,CI,CI,CI,CI,CI,CI,CI,CI,CI,CI,CI,CI
POLS 455,CI,CI,CI,CI,CI,CI,CI,CI,CI,CI,CI,CI,CI,CI,CI,CI,CI,CI,CI
POLS 483,CI,CI,CI,CI,CI,CI,CI,CI,CI,CI,CI,CI,CI,CI,CI,CI,CI,CI,CI
POLS 493,CI,CI,CI,CI,CI,CI,CI,CI,CI,CI,CI,CI,CI,CI,CI,CI,CI,CI,CI
SOC 201,CI:A,CI:A,CI:A,CI:A,CI:A,CI:A,CI:A,CI:A,CI:A,CI:A,CI:A,CI:A,CI:A,CI:A,CI:A,CI:A,CI:A,CI:A,CI:A
CONF 400,CII,CII,CII,CII,CII,CII,CII,CII,CII,CII,CII,CII,CII,CII,CII,CII,CII,CII,CII
IR 301,CII:A,CII:A,CII:A,CII:A,CII:A,CII:A,CII:A,CII:A,CII:A,CII:A,CII:A,CII:A,CII:A,CII:A,CII:A,CII:A,CII:A,CII:A,CII:A
IR 342,CII,CII,CII,CII,CII,CII,CII,CII,CII,CII,CII,CII,CII,CII,CII,CII,CII,CII,CII
IR 391,CII:A,CII:A,CII:A,CII:A,CII:A,CII:A,CII:A,CII:A,CII:A,CII:A,CII:A,CII:A,CII:A,CII:A,CII:A,CII:A,CII:A,CII:A,CII:A
IR 394,CII:A,CII:A,CII:A,CII:A,CII:A,CII:A,CII:A,CII:A,CII:A,CII:A,CII:A,CII:A,CII:A,CII:A,CII:A,CII:A,CII:A,CII:A,CII:A
IR 405,CII,CII,CII,CII,CII,CII,CII,CII,CII,CII,CII,CII,CII,CII,CII,CII,CII,CII,CII
IR 489,CII,CII,CII,CII,CII,CII,CII,CII,CII,CII,CII,CII,CII,CII,CII,CII,CII,CII,CII
LAW 311,CII,CII,CII,CII,CII,CII,CII,CII,CII,CII,CII,CII,CII,CII,CII,CII,CII,CII,CII
POLS 492,CII,CII,CII,CII,CII,CII,CII,CII,CII,CII,CII,CII,CII,CII,CII,CII,CII,CII,CII
CONF 431,A,A,A,A,A,A,A,A,A,A,A,A,A,A,A,A,A,A,A
CULT 384,A,A,A,A,A,A,A,A,A,A,A,A,A,A,A,,,,
DSA 201,A:E,A:E,A:E,A:E,A:E,A:E,A:E,A:E,A:E,A:E,A:E,A:E,A:E,A:E,A:E,A:E,A:E,A:E,A:E
ECON 320,A,A,A,A,A,A,A,A,A,A,A,A,A,A,A,A,A,A,A
IF 401,A,A,A,A,A,A,A,A,A,,,,,,,,,,
IR 341,A,A,A,A,A,A,A,A,A,A,A,A,A,A,A,A,A,A,A
PHIL 301,A,A,A,A,A,A,A,A,A,A,A,A,A,A,A,A,A,A,A
PHIL 450,A,A,A,A,A,A,A,A,A,A,A,A,A,A,A,A,A,A,A
POLS 351,A,A,A,A,A,A,A,A,A,A,A,A,A,A,A,A,A,A,A
POLS 366,A,A,A,A,A,A,A,A,A,A,A,A,A,A,A,A,A,A,A
POLS 399,A,A,A,A,A,A,A,A,A,A,A,A,A,A,A,A,A,A,A
POLS 403,A,A,A,A,A,A,A,A,A,A,A,A,A,A,A,A,A,A,A
POLS 408,A,A,A,A,A,A,A,A,A,A,A,A,A,A,A,A,A,A,A
POLS 422,A,A,A,A,A,A,A,A,A,A,A,A,A,A,A,A,A,A,A
POLS 434,A,A,A,A,A,A,A,A,A,A,A,A,A,A,A,A,A,A,A
POLS 446,A,A,A,A,A,A,A,A,A,A,A,A,A,A,A,A,A,A,A
POLS 457,A,A,A,A,A,A,A,A,A,A,A,A,A,A,A,A,A,A,A
SOC 301,A:A,A:A,A:A,A:A,A:A,A:A,A:A,A:A,A:A,A:A,A:A,A:A,A:A,A:A,A:A,A:A,A:A,A:A,A:A
SOC 408,A,A,A,A,A,A,A,A,A,A,A,A,A,A,A,A,A,A,A
SOC 420,A,A,A,A,A,A,A,A,A,A,A,A,A,A,A,A,A,A,A
SOC 425,A,A,A,A,A,A,A,A,A,A,A,A,A,A,A,A,A,A,A
SPS 374,A,A,A,A,A,A,A,A,A,A,A,A,A,A,A,A,A,A,A
SPS 384,A,A,A,A,A,A,A,A,A,A,A,A,A,A,A,A,A,A,A
SPS 394,A,A,A,A,A,A,A,A,A,A,A,A,A,A,A,A,A,A,A
SPS 404,A,A,A,A,A,A,A,A,A,A,A,A,A,A,A,A,A,A,A
ACCA 200,F,F,F,F,F,F,F,F,F,F,F,F,F,F,F,F,F,F,F
ACC 201,F:M,F:M,F:M,F:M,F:M,F:M,F:M,F:M,F:M,F:M,F:M,F:M,F:M,F:M,F:M,F:M,F:M,F:M,F:M
ACC 301,F,F,F,F,F,F,F,F,F,F,F,F,F,F,F,F,F,F,F
ACC 404,F,F,,,,,,,,,,,,,,,,,
ACC 405,F,F,F,F,F,F,F,F,F,F,F,F,F,F,F,F,F,F,F
ACC 406,F,F,,,,,,,,,,,,,,,,,
ANTH 214,F,F,F,F,F,F,F,F,F,F,F,F,F,F,F,F,F,F,F
ANTH 255,F:A,F:A,F:A,F:A,F:A,F:A,F:A,F:A,F:A,F:A,F:A,F:A,F:A,F:A,F:A,F:A,F:A,F:A,F:A
ANTH 321,F,F,F,F,F,F,F,F,F,F,F,F,F,F,F,F,F,F,F
ANTH 326,F:A,F:A,F:A,F:A,F:A,F:A,F:A,F:A,F:A,F:A,F:A,F:A,F:A,F:A,F:A,F:A,F:A,F:A,F:A
ANTH 340,F,F,F,F,F,F,F,F,F,F,F,F,F,F,F,F,F,F,F
ANTH 468,F,F,F,F,F,F,F,F,F,F,F,F,F,F,F,F,F,F,F
ARA 110,F,F,,,,,,,,,,,,,,,,,
ARA 120,F,F,,,,,,,,,,,,,,,,,
ARA 130,F,F,,,,,,,,,,,,,,,,,
ARA 140,F,F,,,,,,,,,,,,,,,,,
BIO 301,F,F,F,F,F,F,F,F,F,F,F,F,F,F,F,F,F,F,F
BIO 303,F,F,F,F,F,F,F,F,F,F,F,F,F,F,F,F,F,F,F
BIO 304,F,F,F,F,F,F,F,F,F,F,F,F,F,F,F,F,F,F,F
BIO 306,F,F,F,F,F,F,F,F,F,F,F,F,F,F,F,F,F,F,F
BIO 308,F,F,F,F,F,F,F,F,F,F,F,F,F,F,F,F,F,F,F
BIO 310,F,F,F,F,F,F,F,F,F,F,F,F,F,F,F,F,F,F,F
BIO 321,F:E,F:E,F:E,F:E,F:E,F:E,F:E,F:E,F:E,F:E,F:E,F:E,F,F,F,F,F,F,F
BIO 322,F,F,F,F,F,F,F,F,F,F,F,F,F,F,F,F,F,F,F
BIO 330,F,F,F,F,F,F,F,F,F,F,F,F,F,F,F,F,F,F,F
BIO 332,F,F,F,F,F,F,F,F,F,F,F,F,F,F,F,F,F,F,F
BIO 335,F,F,F,F,F,F,F,F,F,F,F,F,F,F,F,F,F,F,F
BIO 363,F,F,F,F,F,F,F,F,F,F,F,F,F,F,F,F,F,F,F
BIO 403,F,F,F,F,F,F,F,,,,,,,,,,,,
BIO 406,F,F,F,F,F,F,F,,,,,,,,,,,,
BIO 407,F,F,F,F,F,F,F,F,F,F,F,F,F,F,F,F,F,F,F
BIO 409,F,F,F,F,F,F,F,,,,,,,,,,,,
BIO 415,F,F,F,F,F,F,F,F,F,F,F,F,F,F,F,F,F,F,F
BIO 421,F,F,F,F,F,F,F,F,F,F,F,F,F,F,F,F,F,F,F
BIO 423,F,F,F,F,F,F,F,F,F,F,F,F,F,F,F,F,F,F,F
BIO 436,F,F,F,F,F,F,F,F,F,F,F,F,F,F,F,F,F,F,F
BIO 444,F,F,F,F,F,F,F,F,F,F,F,F,F,F,F,F,F,F,F
BIO 445,F,F,F,F,F,F,F,F,F,F,F,F,F,F,F,F,F,F,F
BIO 446,F,F,F,F,F,F,F,F,F,F,F,F,F,F,F,F,F,F,F
BIO 447,F,F,F,F,F,F,F,,,,,,,,,,,,
BIO 452,F,F,F,F,F,F,F,F,F,F,F,F,F,F,F,F,F,F,F
BIO 460,F,F,F,F,F,F,F,F,F,F,F,F,F,F,F,F,F,F,F
BIO 466,F,F,F,F,F,F,F,,,,,,,,,,,,
BIO 467,F,F,F,F,F,F,F,F,F,F,F,F,F,F,F,F,F,F,F
BIO 468,F,F,F,F,F,F,F,F,F,F,F,F,F,F,F,F,F,F,F
BIO 48006,F,F,F,F,F,F,F,F,F,,,,,,,,,,
CHEM 202,F,F,F,F,F,F,F,F,F,F,F,F,F,F,F,F,F,F,F
CHEM 212,F:E,F:E,F:E,F:E,F:E,F:E,F:E,F:E,F:E,F:E,F:E,F:E,F:E,F:E,F:E,F:E,F:E,F:E,F:E
CHEM 301,F,F,F,F,F,F,F,F,F,F,F,F,F,F,F,F,F,F,F
CHEM 302,F,F,F,F,F,F,F,F,F,F,F,F,F,F,F,F,F,F,F
CHEM 405,F,F,F,F,F,F,F,F,F,F,F,F,F,F,F,F,F,F,F
CIP 101,F,F,F,F,F,F,F,F,F,F,F,F,F,F,F,F,F,F,F
CIP 102,F,F,F,F,F,F,F,F,F,F,F,F,F,F,F,F,F,F,F
CIP 201,F,F,F,F,F,F,F,F,F,F,F,F,F,F,F,F,F,F,F
CIP 202,F,F,F,F,F,F,F,F,F,F,F,F,F,F,F,F,F,F,F
CIP 301,F,F,F,F,F,F,F,F,F,F,F,F,F,F,F,F,F,F,F
CIP 302,F,F,F,F,F,F,F,F,F,F,F,F,F,F,F,F,F,F,F
CONF 300,F,F,F,F,F,F,F,F,F,F,F,F,F,F,F,F,F,F,F
CS 201,F:E,F:E,F:E,F:E,F:E,F:E,F:E,F:E,F:E,F:E,F:E,F:E,F:E,F:E,F:E,F:E,F:E,F:E,F:E
CS 204,F,F,F,F,F,F,F,F,F,F,F,F,F:E,F:E,F:E,F:E,F:E,F:E,F:E
CS 210,F,F,F,F,F,F,F,F,F,F,F,F,,,,,,,
CS 300,F,F,F,F,F,F,F,F,F,F,F,F,F,F,F,F,F,F,F
CS 301,F,F,F,F,F,F,F,F,F,F,F,F,F,F,F,F,F,F,F
CS 302,F,F,F,F,F,F,F,F,F,F,F,F,F,F,F,F,F,F,F
CS 303,F,F,F,F,F,F,F,F,F,F,F,F,F,F,F,F,F,F,F
CS 305,F,F,F,F,F,F,F,F,F,F,F,F,F,F,F,F,F,F,F
CS 306,F,F,F,F,F,F,F,F,F,F,F,F,F,F,F,F,F,F,F
CS 307,F,F,F,F,F,F,F,F,F,F,F,F,F,F,F,F,F,F,F
CS 308,F,F,F,F,F,F,F,F,F,F,F,F,F,F,F,F,F,F,F
CS 310,F,F,F,F,F,F,F,F,F,F,F,F,F,F,F,F,F,F,F
CS 400,F,F,F,F,F,F,F,F,F,F,F,F,F,F,F,F,F,F,F
CS 401,F,F,F,F,F,F,F,F,F,F,F,F,F,F,F,F,F,F,F
CS 403,F,F,F,F,F,F,F,F,F,F,F,F,F,F,F,F,F,F,F
CS 404,F,F,F,F,F,F,F,F,F,F,F,F,F,F,F,F,F,F,F
CS 405,F,F,F,F,F,F,F,F,F,F,F,F,F,F,F,F,F,F,F
CS 406,F,F,F,F,F,F,F,F,F,F,F,F,F,F,F,F,F,F,F
CS 407,F,F,F,F,F,F,F,F,F,F,F,F,F,F,F,F,F,F,F
CS 408,F,F,F,F,F,F,F,F,F,F,F,F,F,F,F,F,F,F,F
CS 411,F,F,F,F,F,F,F,F,F,F,F,F,F,F,F,F,F,F,F
CS 412,F,F,F,F,F,F,F,F,F,F,F,F,F,F,F,F,F,F,F
CS 414,F,F,F,F,F,F,F,F,F,F,F,F,F,F,F,F,F,F,F
CS 415,F,F,F,F,F,F,F,F,F,F,F,F,F,F,F,F,F,F,F
CS 419,F,F,F,F,F,F,F,F,F,F,F,F,F,F,F,F,F,F,F
CS 432,F,F,F,F,F,F,F,F,F,F,F,F,F,F,F,F,F,F,F
CS 435,F,F,F,F,F,F,F,F,F,F,F,F,F,F,F,F,F,F,F
CS 436,F,F,F,F,F,F,F,F,F,F,F,F,F,F,F,F,F,F,F
CS 437,F,F,F,F,F,F,F,F,F,F,F,F,F,F,F,F,F,F,F
CS 438,F,F,F,F,F,F,F,F,F,F,F,F,F,F,F,F,F,F,F
CS 439,F,F,F,F,F,F,F,F,F,F,,,,,,,,,
CS 440,F,F,F,F,F,F,F,F,F,F,F,F,F,F,F,F,F,F,F
CS 442,F,F,F,F,F,F,F,F,F,F,F,F,F,F,F,F,F,F,F
CS 445,F,F,F,F,F,F,F,F,F,F,F,F,F,F,F,F,F,F,F
CS 447,F,F,F,F,F,F,F,F,F,F,F,F,F,F,F,F,F,F,F
CS 449,F,F,F,F,F,F,F,F,F,F,F,F,F,F,F,F,F,F,F
CS 450,F,F,F,F,F,F,F,,,,,,,,,,,,
CS 455,F,F,F,F,F,F,F,F,F,F,F,F,F,F,F,F,F,F,F
CS 460,F,F,F,F,F,F,F,F,F,F,F,F,F,F,F,F,F,F,F
CS 48000,F,F,F,F,F,F,F,,,,,,,,,,,,
CS 48001,F,F,F,F,F,F,F,,,,,,,,,,,,
CS 48002,F,F,F,F,F,F,F,,,,,,,,,,,,
CS 48003,F,F,F,F,F,F,F,,,,,,,,,,,,
CS 48004,F,F,F,F,F,F,F,F,F,F,F,F,F,F,F,F,F,F,F
CS 48006,F,F,F,F,F,F,F,F,F,F,F,F,F,F,F,F,F,F,F
CS 48007,F,F,F,F,F,F,F,F,F,F,F,F,F,F,F,F,,,
CS 48008,F,F,F,F,F,F,F,F,F,F,F,F,F,F,F,F,F,F,F
CS 48010,F,F,F,F,F,F,F,F,F,F,F,F,F,F,F,F,F,F,F
CS 48011,F,F,F,F,F,F,F,F,F,F,F,F,F,F,F,F,F,F,F
CS 48012,F,F,F,F,F,F,F,F,F,F,F,F,F,F,F,F,F,F,F
CULT 322,F,F,F,F,F,F,F,F,F,F,F,F,F,F,F,F,F,F,F
CULT 355,F,F,F,F,F,F,F,F,F,F,F,F,F,F,F,F,F,F,F
CULT 361,F,F,F,F,F,F,F,F,F,F,F,F,F,F,F,F,F,F,F
CULT 368,F:A,F:A,F:A,F:A,F:A,F:A,F:A,F:A,F:A,F:A,F:A,F:A,F:A,F:A,F:A,F:A,F:A,F:A,F:A
CULT 370,F,F,F,F,F,F,F,F,F,F,F,F,F,F,F,F,F,F,F
CULT 391,F,F,F,F,F,F,F,F,F,F,F,F,F,F,F,F,F,F,F
CULT 399,F,F,F,F,F,F,F,F,F,F,F,F,F,F,F,F,F,F,F
CULT 421,F,F,F,F,F,F,F,,,,,,,,,,,,
CULT 432,F,F,F,F,F,F,F,F,F,F,F,F,F,F,F,F,F,F,F
CULT 451,F,F,F,F,F,F,F,F,F,,,,,,,,,,
CULT 453,F,F,F,F,F,F,F,F,F,F,F,F,F,F,F,F,F,F,F
CULT 491,F,F,F,F,F,F,F,,,,,,,,,,,,
DSA 210,F,F,F,F,F,F,F,F,F,F,F,F,F:E,F:E,F:E,F:E,F:E,F:E,F:E
DSA 301,F,F,F,F,F,F,F,F,F,F,F,F,F,F,F,F,F,F,F
DSA 428,F,F,F,F,F,F,F,F,F,F,F,F,F,F,F,F,F,F,F
DSA 440,F,F,F,F,F,F,F,F,F,F,F,F,F,F,F,F,F,F,F
DSA 473,F,F,F,F,F,F,F,F,F,F,F,F,F,F,F,F,F,F,F
ECNA 200,F,F,F,F,F,F,F,F,F,F,F,F,F,F,F,F,F,F,F
ECON 201,F:A,F:A,F:A,F:A,F:A,F:A,F:A,F:A,F:A,F:A,F:A,F:A,F:A,F:A,F:A,F:A,F:A,F:A,F:A
ECON 204,F:A,F:A,F:A,F:A,F:A,F:A,F:A,F:A,F:A,F:A,F:A,F:A,F:A,F:A,F:A,F:A,F:A,F:A,F:A
ECON 301,F,F,F,F,F,F,F,F,F,F,F,F,F,F,F,F,F,F,F
ECON 310,F,F,F,F,F,F,F,F,F,F,F,F,F,F,F,F,F,F,F
ECON 312,F,F,F,F,F,F,F,F,F,F,F,F,F,F,F,F,F,F,F
ECON 321,F,F,F,F,F,F,F,F,F,F,F,F,F,F,F,F,F,F,F
ECON 322,F,F,F,F,F,F,F,F,F,F,F,F,F,F,F,F,F,F,F
ECON 323,F,F,F,F,F,F,F,F,F,F,F,F,F,F,F,F,F,F,F
ECON 330,F,F,F,F,F,F,F,F,F,F,F,F,F,F,F,F,F,F,F
ECON 340,F,F,F,F,F,F,F,F,F,F,F,F,F,F,F,F,F,F,F
ECON 345,F,F,F,F,F,F,F,F,F,F,F,F,F,F,F,F,F,F,F
ECON 350,F,F,F,F,F,F,F,F,F,F,F,F,F,F,F,F,F,F,F
ECON 360,F,F,F,F,F,F,F,F,F,F,F,F,F,F,F,F,F,F,F
ECON 370,F,F,F,F,F,F,F,F,F,F,F,F,F,F,F,F,F,F,F
ECON 399,F,F,F,F,F,F,F,F,F,F,F,F,F,F,F,F,F,F,F
ECON 400,F,F,F,F,F,F,F,F,F,F,F,F,F,F,F,F,F,F,F
ECON 401,F,F,F,F,F,F,F,F,F,F,F,F,F,F,F,F,F,F,F
ECON 405,F,F,F,F,F,F,F,F,F,F,F,F,F,F,F,F,F,F,F
ECON 407,F,F,F,F,F,F,F,F,F,F,F,F,F,F,F,F,F,F,F
ECON 414,F,F,F,F,F,F,F,F,F,F,F,F,F,F,F,F,F,F,F
ECON 415,F,F,F,F,F,F,F,F,F,F,F,F,F,F,F,F,F,F,F
ECON 420,F,F,F,F,F,F,F,F,F,F,F,F,F,F,F,F,F,F,F
ECON 430,F,F,F,F,F,F,F,F,F,F,F,F,F,F,F,F,F,F,F
ECON 435,F,F,F,F,F,F,F,F,F,F,F,F,F,F,F,F,F,F,F
ECON 440,F,F,F,,,,,,,,,,,,,,,,
ECON 481,F,F,F,F,F,F,F,F,F,F,F,F,F,F,F,F,F,F,F
ECON 482,F,F,F,F,F,F,F,F,F,F,F,F,F,F,F,F,F,F,F
ECON 483,F,F,F,F,F,F,F,F,F,F,F,F,F,F,F,F,F,F,F
ECON 484,F,F,F,F,F,F,F,F,F,F,F,F,F,F,F,F,F,F,F
ECON 488,F,F,F,F,F,F,F,F,F,F,F,F,F,F,F,F,F,F,F
ECON 492,F,F,F,F,F,F,F,F,F,F,F,F,F,F,F,F,F,F,F
ECON 494,F,F,F,F,F,F,F,F,F,F,F,F,F,F,F,F,F,F,F
ECON 495,F,F,F,F,F,F,F,F,F,F,F,F,F,F,F,F,F,F,F
EE 200,F,F,F,F,F,F,F,F,F,F,F,F,F:E,F:E,F:E,F:E,F:E,F:E,F:E
EE 202,F,F,F,F,F,F,F,F,F,F,F,F,F:E,F:E,F:E,F:E,F:E,F:E,F:E
EE 302,F,F,F,F,F,F,F,F,F,F,F,F,F,F,F,F,F,F,F
EE 303,F,F,F,F,F,F,F,F,F,F,F,F,F,F,F,F,F,F,F
EE 306,F,F,F,F,F,F,F,F,F,F,F,F,F,F,F,F,F,F,F
EE 307,F,F,F,F,F,F,F,F,F,F,F,F,F,F,F,F,F,F,F
EE 308,F,F,F,F,F,F,F,F,F,F,F,F,F,F,F,F,F,F,F
EE 310,F,F,F,F,F,F,F,F,F,F,F,F,F,F,F,F,F,F,F
EE 311,F,F,F,F,F,F,F,F,F,F,F,F,F,F,F,F,F,F,F
EE 312,F,F,F,F,F,F,F,F,F,F,F,F,F,F,F,F,F,F,F
EE 313,F,F,F,F,F,F,F,F,F,F,F,F,F,F,F,F,F,F,F
EE 314,F,F,F,F,F,F,F,F,F,F,F,F,F,F,F,F,F,F,F
EE 321,F,F,F,F,F,F,F,F,F,F,F,F,F,F,F,F,F,F,F
EE 401,F,F,F,F,F,F,F,F,F,F,F,F,F,F,F,F,F,F,F
EE 402,F,F,F,F,F,F,F,F,F,F,F,F,F,F,F,F,F,F,F
EE 403,F,F,F,F,F,F,F,F,F,F,F,F,F,F,F,F,F,F,F
EE 404,F,F,F,F,F,F,F,F,F,F,F,F,F,F,F,F,F,F,F
EE 405,F,F,F,F,F,F,F,F,F,F,F,F,F,F,F,F,F,F,F
EE 406,F,F,F,F,F,F,F,F,F,F,F,F,F,F,F,F,F,F,F
EE 407,F,F,F,F,F,F,F,F,F,F,F,F,F,F,F,F,F,F,F
EE 408,F,F,F,F,F,F,F,F,F,F,F,F,F,F,F,F,F,F,F
EE 409,F,F,F,F,F,F,F,F,F,F,F,F,F,F,F,F,F,F,F
EE 410,F,F,F,F,F,F,F,F,F,F,F,F,F,F,F,F,F,F,F
EE 411,F,F,F,F,F,F,F,F,F,F,F,F,F,F,F,F,F,F,F
EE 413,F,F,F,F,F,F,F,F,F,F,F,F,F,F,F,F,F,F,F
EE 414,F,F,F,F,F,F,F,F,F,F,F,F,F,F,F,F,F,F,F
EE 415,F,F,F,F,F,F,F,F,F,F,F,F,F,F,F,F,F,F,F
EE 417,F,F,F,F,F,F,F,F,F,F,F,F,F,F,F,F,F,F,F
EE 419,F,F,F,F,F,F,F,F,F,F,F,F,F,F,F,F,F,F,F
EE 423,F,F,F,F,F,F,F,F,F,F,F,F,F,F,F,F,F,F,F
EE 426,F,F,F,F,F,F,F,F,F,F,F,F,F,F,F,F,F,F,F
EE 440,F,F,F,F,F,F,F,F,F,F,F,F,F,F,F,F,F,F,F
EE 444,F,F,F,F,F,F,F,F,F,F,F,F,F,F,F,F,F,F,F
EE 473,F,F,F,F,F,F,F,F,F,F,F,F,F,F,F,F,F,F,F
EE 48001,F,F,F,F,F,F,F,F,F,F,F,F,,,,,,,
EE 48002,F,F,F,F,F,F,F,F,F,F,F,F,,,,,,,
EE 48004,F,F,F,F,F,F,F,F,F,F,F,F,,,,,,,
EE 48008,F,F,F,F,F,F,F,F,F,F,F,F,F,F,F,F,F,F,F
EE 48009,F,F,F,F,F,F,F,F,F,F,F,F,F,F,F,F,F,F,F
EE 48010,F,F,F,F,F,F,F,F,F,F,F,F,F,F,F,F,F,F,F
EE 48011,F,F,F,F,F,F,F,F,F,F,F,F,F,F,F,F,F,F,F
ENG 101,F,F,F,F,F,F,F,F,F,F,F,F,F,F,F,F,F,F,F
ENG 102,F,F,F,F,F,F,,,,,,,,,,,,,
ENG 300,F,F,F,F,F,F,F,F,F,F,F,F,F,F,F,F,F,F,F
ENRG 220,F,F,F,F,F,F,F,F,F,F,F,F,F,F,F,F,F,F,F
ENRG 301,F,F,F,F,F,F,F,F,F,F,F,F,F,F,F,F,F,F,F
ENRG 315,F,F,F,F,F,F,F,F,F,F,F,F,F,F,F,F,F,F,F
ENRG 322,F,F,F,F,F,F,F,F,F,F,F,F,F,F,F,F,F,F,F
ENRG 401,F,F,F,F,F,F,F,F,F,F,F,F,F,F,F,F,F,F,F
ENRG 420,F,F,F,F,F,F,F,F,F,F,F,F,F,F,F,F,F,F,F
ENRG 422,F,F,F,F,F,F,F,F,F,F,F,F,,,,,,,
ENRG 423,F,F,F,F,F,F,F,F,F,F,F,F,F,F,F,F,F,F,F
ENRG 424,F,F,F,F,F,F,F,F,F,F,F,F,F,F,F,F,F,F,F
ENRG 426,F,F,F,F,F,F,F,F,F,F,F,F,F,F,F,F,F,F,F
ENS 201,F:E,F:E,F:E,F:E,F:E,F:E,F:E,F:E,F:E,F:E,F:E,F:E,F:E,F:E,F:E,F:E,F:E,F:E,F:E
ENS 202,F:E,F:E,F:E,F:E,F:E,F:E,F:E,F:E,F:E,F:E,F:E,F:E,F:E,F:E,F:E,F:E,F:E,F:E,F:E
ENS 203,F:E,F:E,F:E,F:E,F:E,F:E,F:E,F:E,F:E,F:E,F:E,F:E,F:E,F:E,F:E,F:E,F:E,F:E,F:E
ENS 204,F:E,F:E,F:E,F:E,F:E,F:E,F:E,F:E,F:E,F:E,F:E,F:E,F:E,F:E,F:E,F:E,F:E,F:E,F:E
ENS 205,F:E,F:E,F:E,F:E,F:E,F:E,F:E,F:E,F:E,F:E,F:E,F:E,F:E,F:E,F:E,F:E,F:E,F:E,F:E
ENS 206,F:E,F:E,F:E,F:E,F:E,F:E,F:E,F:E,F:E,F:E,F:E,F:E,F:E,F:E,F:E,F:E,F:E,F:E,F:E
ENS 207,F,F,F,F,F,F,F,F,F,F,F,F,F:E,F:E,F:E,F:E,F:E,F:E,F:E
ENS 208,F:E,F:E,F:E,F:E,F:E,F:E,F:E,F:E,F:E,F:E,F:E,F:E,F:E,F:E,F:E,F:E,F:E,F:E,F:E
ENS 209,F,F,F,F,F,F,F,F,F,F,F,F,F:E,F:E,F:E,F:E,F:E,F:E,F:E
ENS 210,F:E,F:E,F:E,F:E,F:E,F:E,F:E,F:E,F:E,F:E,F:E,F:E,F:E,F:E,F:E,F:E,F:E,F:E,F:E
ENS 211,F:E,F:E,F:E,F:E,F:E,F:E,F:E,F:E,F:E,F:E,F:E,F:E,F:E,F:E,F:E,F:E,F:E,F:E,F:E
ENS 214,F,F,F,F,F,F,F,F,F,F,F,F,F:E,F:E,F:E,F:E,F:E,F:E,F:E
ENS 216,F,F,F,F,F,F,F,F,F,F,F,F,F:E,F:E,F:E,F:E,F:E,F:E,F:E
ENS 301,F,F,F,F,F,F,F,F,F,,,,,,,,,,
ENS 303,F,F,F,F,F,F,F,F,F,F,F,F,F,F,F,F,F,F,F
ENS 311,F,F,F,F,F,F,F,F,F,F,F,F,F,F,F,F,F,F,F
ENS 315,F,F,F,F,F,F,F,F,F,,,,,,,,,,
ENS 409,F,F,F,F,F,F,F,F,F,F,F,F,F,F,F,,,,
ENS 410,F,F,F,F,F,F,F,F,F,F,F,F,F,F,F,F,F,F,F
ENS 413,F,F,F,F,F,F,F,F,F,F,F,F,F,F,F,F,F,F,F
ENS 414,F,F,F,F,F,F,F,F,F,F,F,F,F,F,F,F,F,F,F
ENS 48001,F,F,F,,,,,,,,,,,,,,,,
ENS 4803,F,F,F,F,F,F,F,F,F,F,F,F,F,F,F,F,F,F,F
ENT 201,F,F,F,F,F,F,F,F,F,F,F,F,F,F,F,F,F,F,F
FILM 231,F:A,F:A,F:A,F:A,F:A,F:A,F:A,F:A,F:A,F:A,F:A,,,,,,,,
FILM 331,F,F,F,F,F,F,F,F,F,F,F,,,,,,,,
FILM 335,F,F,F,F,F,F,F,F,F,F,F,,,,,,,,
FILM 345,F,F,F,F,F,F,F,F,F,F,F,,,,,,,,
FILM 390,F,F,F,F,F,F,F,F,F,F,F,,,,,,,,
FILM 424,F,F,F,F,F,F,F,F,F,F,F,,,,,,,,
FILM 432,F,F,F,F,F,F,F,F,F,F,F,,,,,,,,
FILM 435,F,F,F,F,F,F,F,F,F,F,F,,,,,,,,
FILM 436,F,F,F,F,F,F,F,F,F,F,F,,,,,,,,
FILM 452,F,F,F,F,F,F,F,F,F,F,F,,,,,,,,
FIN 301,F,F,F,F,F,F,F,F,F,F,F,F,F:M,F:M,F:M,F:M,F:M,F:M,F:M
FIN 401,F,F,F,F,F,F,F,F,F,F,F,F,F,F,F,F,F,F,F
FIN 402,F,F,F,F,F,F,F,F,F,F,F,F,F,F,F,F,F,F,F
FIN 403,F,F,F,F,F,F,F,F,F,F,F,F,F,F,F,F,F,F,F
FIN 404,F,F,F,F,F,F,F,F,,,,,,,,,,,
FIN 405,F,F,F,F,F,F,F,F,F,F,F,F,F,F,F,F,F,F,F
FIN 406,F,F,F,F,F,F,F,F,F,F,F,F,F,F,F,F,F,F,F
FIN 407,F,F,F,F,F,F,F,F,F,F,F,F,F,F,F,F,F,F,F
FIN 409,F,F,F,F,F,F,F,F,F,F,F,F,F,F,F,F,F,F,F
FIN 410,F,F,F,F,F,F,F,F,F,F,F,F,F,F,F,F,F,F,F
FIN 411,F,F,F,F,F,F,F,F,F,F,F,F,F,F,F,F,F,F,F
FIN 499,F,F,F,F,F,F,F,F,F,F,F,F,F,F,F,F,F,F,F
FRE 110,F,F,F,F,F,F,F,F,F,F,F,F,F,F,F,F,F,F,F
FRE 120,F,F,F,F,F,F,F,F,F,F,F,F,F,F,F,F,F,F,F
FRE 130,F,F,F,F,F,F,F,F,F,F,F,F,F,F,F,F,F,F,F
FRE 140,F,F,F,F,F,F,F,F,F,F,F,F,F,F,F,F,F,F,F
GEN 341,F:A,F:A,F:A,F:A,F:A,F:A,F:A,F:A,F:A,F:A,F:A,F:A,F:A,F:A,F:A,F:A,F:A,F:A,F:A
GEN 343,F,F,F,F,F,F,F,F,F,F,F,F,F,F,F,F,F,F,F
GEN 385,F,F,F,F,F,F,F,F,F,F,F,F,F,F,F,F,F,F,F
GEN 399,F,F,F,F,F,F,F,F,F,F,F,F,F,F,F,F,F,F,F
GEN 410,F,F,F,F,F,F,F,F,F,F,F,F,F,F,F,F,F,F,F
GEN 441,F,F,F,F,,,,,,,,,,,,,,,
GEN 442,F,F,F,F,F,F,F,F,F,F,F,F,F,F,F,F,F,F,F
GEN 444,F,F,F,F,F,F,F,F,F,F,F,F,F,F,F,F,F,F,F
GEN 480,F,F,F,F,F,F,F,F,F,F,F,F,F,F,F,F,F,F,F
GER 110,F,F,F,F,F,F,F,F,F,F,F,F,F,F,F,F,F,F,F
GER 120,F,F,F,F,F,F,F,F,F,F,F,F,F,F,F,F,F,F,F
GER 130,F,F,F,F,F,F,F,F,F,F,F,F,F,F,F,F,F,F,F
GER 140,F,F,F,F,F,F,F,F,F,F,F,F,F,F,F,F,F,F,F
HART 234,F,F,F,F,F,F,F,F,F,F,F,F,F,F,F,F,F,F,F
HART 292,F:A,F:A,F:A,F:A,F:A,F:A,F:A,F:A,F:A,F:A,F:A,F:A,F:A,F:A,F:A,F:A,F:A,F:A,F:A
HART 293,F:A,F:A,F:A,F:A,F:A,F:A,F:A,F:A,F:A,F:A,F:A,F:A,F:A,F:A,F:A,F:A,F:A,F:A,F:A
HART 311,F:A,F:A,F:A,F:A,F:A,F:A,F:A,,,,,,,,,,,,
HART 320,F,F,F,F,F,F,F,F,F,F,F,F,F,F,F,F,F,F,F
HART 380,F,F,F,F,F,F,F,F,F,F,F,F,,,,,,,
HART 392,F,F,F,F,F,F,F,F,F,F,F,,,,,,,,
HART 411,F,F,F,F,F,F,F,F,F,F,F,,,,,,,,
HART 413,F,F,F,F,F,F,F,F,F,F,F,F,F,F,F,F,F,F,F
HART 414,F,F,F,F,F,F,F,F,F,F,F,,,,,,,,
HART 425,F,F,F,F,F,F,F,F,F,F,F,F,F,F,F,F,F,F,F
HART 426,F,F,F,F,F,F,F,F,F,F,F,F,F,F,F,F,F,F,F
HART 432,F,F,F,F,F,F,F,F,F,F,F,F,F,F,F,F,F,F,F
HART 450,F,F,F,F,F,F,F,F,F,F,F,,,,,,,,
HART 480,F,F,F,F,F,F,F,F,F,F,F,,,,,,,,
HIST 205,F:A,F:A,F:A,F:A,F:A,F:A,F:A,F:A,F:A,F:A,F:A,F:A,,,,,,,
HIST 221,F,F,F,F,F,F,F,,,,,,,,,,,,
HIST 223,F,F,F,F,F,F,F,,,,,,,,,,,,
HIST 227,F,F,F,F,F,F,F,,,,,,,,,,,,
HIST 233,F,F,F,F,F,F,F,F,F,F,F,F,F,F,F,F,F,F,F
HIST 242,F,F,F,F,F,F,F,,,,,,,,,,,,
HIST 245,F:A,F:A,F:A,F:A,F:A,F:A,F:A,,,,,,,,,,,,
HIST 285,F,F,F,F,F,F,F,,,,,,,,,,,,
HIST 315,F,F,F,F,F,F,,,,,,,,,,,,,
HIST 323,F,F,F,F,F,F,F,,,,,,,,,,,,
HIST 324,F,F,F,F,F,F,F,,,,,,,,,,,,
HIST 326,F,F,F,F,F,F,F,,,,,,,,,,,,
HIST 331,F,F,F,F,F,F,,,,,,,,,,,,,
HIST 335,F,F,F,F,F,F,F,F,F,F,F,F,F,F,F,F,F,F,F
HIST 336,F,F,F,,,,,,,,,,,,,,,,
HIST 341,F,F,F,F,F,F,F,,,,,,,,,,,,
HIST 349,F:A,F:A,F:A,F:A,F:A,F:A,F:A,F:A,F:A,F:A,F:A,F:A,F:A,F:A,F:A,F:A,F:A,F:A,F:A
HIST 370,F,F,F,F,F,F,F,,,,,,,,,,,,
HIST 371,F,F,F,F,F,F,F,F,F,F,F,F,F,F,F,F,F,F,F
HIST 385,F,F,F,F,F,F,F,,,,,,,,,,,,
HIST 397,F,F,F,F,F,F,F,,,,,,,,,,,,
HIST 406,F,F,F,F,F,F,F,,,,,,,,,,,,
HIST 415,F,F,F,F,F,F,F,,,,,,,,,,,,
HIST 423,F,F,F,F,F,F,F,,,,,,,,,,,,
HIST 425,F,F,F,F,F,F,F,,,,,,,,,,,,
HIST 427,F,F,F,F,F,F,F,,,,,,,,,,,,
HIST 431,F,F,F,F,F,F,F,,,,,,,,,,,,
HIST 433,F,F,F,F,F,F,F,,,,,,,,,,,,
HIST 436,F,F,F,F,F,F,F,,,,,,,,,,,,
HIST 437,F,F,F,F,F,F,F,,,,,,,,,,,,
HIST 438,F,F,F,F,F,F,F,,,,,,,,,,,,
HIST 439,F,F,F,F,F,F,F,F,F,F,F,F,F,F,F,F,F,F,F
HIST 441,F,F,F,F,F,F,F,,,,,,,,,,,,
HIST 443,F,F,F,F,F,F,F,,,,,,,,,,,,
HIST 447,F,F,F,F,F,F,F,,,,,,,,,,,,
HIST 450,F,F,F,F,F,F,F,,,,,,,,,,,,
HIST 455,F,F,F,F,F,F,F,,,,,,,,,,,,
HIST 461,F,F,F,F,F,F,F,,,,,,,,,,,,
HIST 462,F,F,F,F,F,F,F,,,,,,,,,,,,
HIST 463,F,F,F,F,F,F,F,,,,,,,,,,,,
HIST 465,F,F,F,F,F,F,F,,,,,,,,,,,,
HIST 473,F,F,F,F,F,F,F,,,,,,,,,,,,
HIST 475,F,F,F,F,F,F,F,,,,,,,,,,,,
HIST 476,F,F,F,F,F,F,F,,,,,,,,,,,,
HIST 484,F,F,F,F,F,F,F,,,,,,,,,,,,
HIST 486,F,F,F,F,F,F,F,,,,,,,,,,,,
HIST 487,F,F,F,F,F,F,F,,,,,,,,,,,,
HIST 488,F,F,F,F,F,F,F,,,,,,,,,,,,
HIST 489,F,F,F,F,F,F,F,F,F,F,F,F,F,F,F,F,F,F,F
HIST 490,F,F,F,F,F,F,F,,,,,,,,,,,,
HIST 491,F,F,F,F,F,F,F,,,,,,,,,,,,
HIST 492,F,F,F,F,F,F,F,,,,,,,,,,,,
HIST 493,F,F,F,F,F,F,F,,,,,,,,,,,,
HIST 494,F,F,F,F,F,F,F,,,,,,,,,,,,
HIST 497,F,F,F,F,F,F,F,,,,,,,,,,,,
HIST 498,F,F,F,F,F,F,F,,,,,,,,,,,,
HUM 413,F,F,F,F,F,F,F,F,F,F,F,F,F,F,F,F,F,F,F
HUM 414,F,F,F,F,F,F,F,F,F,F,F,F,F,F,F,F,F,F,F
IE 303,F,F,F,F,F,F,F,F,F,F,F,F,F,F,F,F,F,F,F
IE 304,F,F,F,F,F,F,F,F,F,F,F,F,F,F,F,F,F,F,F
IE 305,F,F,F,F,F,F,F,F,F,F,F,F,F,F,F,F,F,F,F
IE 308,F,F,F,F,F,F,F,,,,,,,,,,,,
IE 309,F,F,F,F,F,F,F,F,F,F,F,F,F,F,F,F,F,F,F
IE 311,F,F,F,F,F,F,F,F,F,F,F,F,F,F,F,F,F,F,F
IE 312,F,F,F,F,F,F,F,F,F,F,F,F,F,F,F,F,F,F,F
IE 313,F,F,F,F,F,F,F,F,F,F,F,F,F,F,F,F,F,F,F
IE 398,F,F,F,F,F,F,F,,,,,,,,,,,,
IE 399,F,F,F,F,F,F,F,,,,,,,,,,,,
IE 401,F,F,F,F,F,F,F,F,F,F,F,F,F,F,F,F,F,F,F
IE 402,F,F,F,F,F,F,F,F,F,F,F,F,F,F,F,F,F,F,F
IE 403,F,F,F,F,F,F,F,F,F,F,F,F,F,F,F,F,F,F,F
IE 404,F,F,F,F,F,F,F,F,F,F,F,F,F,F,F,F,F,F,F
IE 405,F,F,F,F,F,F,F,F,F,F,F,F,F,F,F,F,F,F,F
IE 407,F,F,F,F,F,F,F,,,,,,,,,,,,
IE 409,F,F,F,F,F,F,F,F,F,F,F,F,F,F,F,F,F,F,F
IE 411,F,F,F,F,F,F,F,F,F,F,F,F,F,F,F,F,F,F,F
IE 412,F,F,F,F,F,F,F,,,,,,,,,,,,
IE 413,F,F,F,F,F,F,F,F,F,F,F,F,F,F,F,F,F,F,F
IE 414,F,F,F,F,F,F,F,F,F,F,F,F,F,F,F,F,F,F,F
IE 416,F,F,F,F,F,F,F,F,F,F,F,F,F,F,F,F,F,F,F
IE 418,F,F,F,F,F,F,F,,,,,,,,,,,,
IE 419,F,F,F,F,F,F,F,,,,,,,,,,,,
IE 420,F,F,F,F,F,F,F,,,,,,,,,,,,
IE 430,F,F,F,F,F,F,F,F,F,F,F,F,F,F,F,F,F,F,F
IE 432,F,F,F,F,F,F,F,F,F,F,F,F,F,F,F,F,F,F,F
IE 435,F,F,F,F,F,F,F,F,F,F,F,F,F,F,F,F,F,F,F
IE 436,F,F,F,F,F,F,F,F,F,F,F,F,F,F,F,F,F,F,F
IE 451,F,F,F,F,F,F,F,F,F,F,F,F,F,F,F,F,F,F,F
IE 454,F,F,F,F,F,F,F,F,F,F,F,F,F,F,F,F,F,F,F
IE 48000,F,F,F,F,F,F,F,,,,,,,,,,,,
IE 48001,F,F,F,F,F,F,F,,,,,,,,,,,,
IE 48002,F,F,F,F,F,F,F,F,F,F,F,F,F,F,F,F,F,F,F
IE 48003,F,F,F,F,F,F,F,,,,,,,,,,,,
IE 48004,F,F,F,F,F,F,F,,,,,,,,,,,,
IE 48005,F,F,F,F,F,F,F,F,F,F,F,F,F,F,F,F,F,F,F
IF 200,F,F,F,F,F,F,F,F,F,F,F,F,F,F,F,F,F,F,F
IF 201,F,F,F,F,F,F,F,F,F,F,F,F,F,F,F,F,F,F,F
IF 301,F,F,F,F,F,F,F,F,F,F,F,F,F,F,F,F,F,F,F
IF 333,F,F,F,F,F,F,F,F,F,F,F,F,F,F,F,F,F,F,F
IF 402,F,F,F,F,F,F,F,F,F,F,F,F,F,F,F,F,F,F,F
IF 405,F,F,F,F,F,F,F,F,F,F,F,F,F,F,F,F,F,F,F
IF 467,F,F,F,F,F,F,F,F,F,F,F,F,F,F,F,F,F,F,F
IR 392,F,F,F,F,F,F,F,F,F,F,F,F,F,F,F,F,F,F,F
IR 402,F,F,F,F,F,F,F,F,F,F,F,F,F,F,F,F,F,F,F
IR 410,F,F,F,F,F,F,F,F,F,F,F,F,F,F,F,F,F,F,F
LAT 110,F,F,,,,,,,,,,,,,,,,,
LAT 120,F,F,,,,,,,,,,,,,,,,,
LAT 130,F,F,,,,,,,,,,,,,,,,,
LAT 140,F,F,,,,,,,,,,,,,,,,,
LIT 212,F:A,F:A,F:A,F:A,F:A,F:A,F:A,F:A,F:A,F:A,F:A,F:A,F:A,F:A,F:A,F:A,F:A,F:A,F:A
LIT 359,F:A,F:A,F:A,F:A,F:A,F:A,F:A,F:A,F:A,F:A,F:A,F:A,F:A,F:A,F:A,F:A,F:A,F:A,F:A
LIT 394,F,F,F,F,F,F,F,F,F,F,F,F,F,F,F,F,F,F,F
LIT 440,F,F,F,F,F,F,F,F,F,F,F,F,F,F,F,F,F,F,F
LIT 445,F,F,F,F,F,F,F,F,F,F,F,F,F,F,F,F,F,F,F
MATH 201,F:E,F:E,F:E,F:E,F:E,F:E,F:E,F:E,F:E,F:E,F:E,F:E,F:E,F:E,F:E,F:E,F:E,F:E,F:E
MATH 202,F:E,F:E,F:E,F:E,F:E,F:E,F:E,F:E,F:E,F:E,F:E,F:E,F:E,F:E,F:E,F:E,F:E,F:E,F:E
MATH 203,F:E,F:E,F:E,F:E,F:E,F:E,F:E,F:E,F:E,F:E,F:E,F:E,F:E,F:E,F:E,F:E,F:E,F:E,F:E
MATH 204,F:E,F:E,F:E,F:E,F:E,F:E,F:E,F:E,F:E,F:E,F:E,F:E,F:E,F:E,F:E,F:E,F:E,F:E,F:E
MATH 206,F,F,F,F,F,F,F,F,F,F,F,F,F,F,F,F,F,F,F
MATH 212,F:E,F:E,F:E,F:E,F:E,F:E,F:E,F:E,F:E,F:E,F:E,F:E,F:E,F:E,F:E,F:E,F:E,F:E,F:E
MATH 301,F,F,F,F,F,F,F,F,F,F,F,F,F,F,F,F,F,F,F
MATH 305,F,F,F,F,F,F,F,F,F,F,F,F,F,F,F,F,F,F,F
MATH 306,F,F,F,F,F,F,F,F,F,F,F,F,F,F,F,F,F,F,F
MATH 307,F,F,F,F,F,F,F,F,F,F,F,F,F,F,F,F,F,F,F
MATH 311,F,F,F,F,F,F,F,F,F,F,F,F,F,F,F,F,F,F,F
MATH 317,F,F,F,F,F,F,F,F,F,F,F,F,F,F,F,F,F,F,F
MATH 318,F,F,F,F,F,F,F,F,F,F,F,F,F,F,F,F,F,F,F
MATH 322,F,F,F,F,F,F,F,F,F,F,F,F,F,F,F,F,F,F,F
MATH 402,F,F,F,,,,,,,,,,,,,,,,
MATH 405,F,F,F,F,F,F,F,,,,,,,,,,,,
MATH 409,F,F,F,F,F,F,F,F,F,F,F,F,F,F,F,F,F,F,F
MATH 410,F,F,F,F,F,F,F,F,F,F,F,F,F,F,F,F,F,F,F
MATH 414,F,F,F,F,F,F,F,F,F,F,F,F,F,F,F,F,F,F,F
MATH 428,F,F,F,F,F,F,F,F,F,F,F,F,F,F,F,F,F,F,F
MATH 479,F,F,F,F,F,F,F,,,,,,,,,,,,
MATH 484,F,F,F,F,F,F,F,F,F,F,F,F,F,F,F,F,F,F,F
MAT 204,F,F,F,F,F,F,F,F,F,F,F,F,F:E,F:E,F:E,F:E,F:E,F:E,F:E
MAT 206,F,F,F,F,F,F,F,F,F,F,F,F,F,F,F,F,F,F,F
MAT 302,F,F,F,F,F,F,F,F,F,F,F,F,F,F,F,F,F,F,F
MAT 304,F,F,F,F,F,F,F,,,,,,,,,,,,
MAT 305,F,F,F,F,F,F,F,F,F,F,F,F,F,F,F,F,F,F,F
MAT 306,F,F,F,F,F,F,F,F,F,F,F,F,F,F,F,F,F,F,F
MAT 307,F,F,F,F,F,F,F,F,F,F,F,F,F,F,F,F,F,F,F
MAT 308,F,F,F,F,F,F,F,F,F,F,F,F,F,F,F,F,F,F,F
MAT 309,F,F,F,F,F,F,F,F,F,F,F,F,F,F,F,F,F,F,F
MAT 310,F,F,F,F,F,F,F,,,,,,,,,,,,
MAT 312,F,F,F,F,F,F,F,F,F,F,F,F,F,F,F,F,F,F,F
MAT 314,F,F,F,F,F,F,F,F,F,F,F,F,F,F,F,F,F,F,F
MAT 401,F,F,F,F,F,F,F,F,F,F,F,F,F,F,F,F,F,F,F
MAT 402,F,F,F,F,F,F,F,F,F,F,F,F,F,F,F,F,F,F,F
MAT 403,F,F,F,F,F,F,F,,,,,,,,,,,,
MAT 404,F,F,F,F,F,F,F,F,F,F,F,F,F,F,F,F,F,F,F
MAT 405,F,F,F,F,F,F,F,F,F,F,F,F,F,F,F,F,F,F,F
MAT 406,F,F,F,F,F,F,F,F,F,F,F,F,F,F,F,F,F,F,F
MAT 408,F,F,F,F,F,F,F,F,F,F,F,F,F,F,F,F,F,F,F
MAT 416,F,F,F,F,F,F,F,F,F,F,F,F,F,F,F,F,F,F,F
MAT 422,F,F,F,F,F,F,F,F,F,F,F,F,F,F,F,F,F,F,F
MAT 423,F,F,F,F,F,F,F,F,F,F,F,F,F,F,F,F,F,F,F
MAT 424,F,F,F,F,F,F,F,F,F,F,F,F,F,F,F,F,F,F,F
MAT 48000,F,F,F,F,F,F,F,F,F,F,F,F,F,F,F,F,F,F,F
MAT 48003,F,F,F,F,F,F,F,F,F,F,F,F,F,F,F,F,F,F,F
MAT 48004,F,F,F,F,F,F,F,F,F,F,F,F,F,F,F,F,F,F,F
MAT 48005,F,F,F,F,F,F,F,F,F,F,F,F,F,F,,,,,
ME 301,F,F,F,F,F,F,F,F,F,F,F,F,F,F,F,F,F,F,F
ME 302,F,F,F,F,F,F,F,F,F,F,F,F,F,F,F,F,F,F,F
ME 303,F,F,F,F,F,F,F,F,F,F,F,F,F,F,F,F,F,F,F
ME 304,F,F,F,F,F,F,F,F,F,F,F,F,F,F,F,F,F,F,F
ME 305,F,F,F,F,F,F,F,F,F,F,F,F,F,F,F,F,F,F,F
ME 307,F,F,F,F,F,F,F,F,F,F,F,F,F,F,F,F,F,F,F
ME 308,F,F,F,F,F,F,F,F,F,F,F,F,F,F,F,F,F,F,F
ME 309,F,F,F,F,F,F,F,F,F,F,F,F,F,F,F,F,F,F,F
ME 312,F,F,F,F,F,F,F,F,F,F,F,F,F,F,F,F,F,F,F
ME 402,F,F,F,F,F,F,F,F,F,F,F,F,F,F,F,F,F,F,F
ME 403,F,F,F,F,F,F,F,F,F,F,F,F,F,F,F,F,F,F,F
ME 405,F,F,F,F,F,F,F,F,F,F,F,F,F,F,F,F,F,F,F
ME 407,F,F,F,,,,,,,,,,,,,,,,
ME 408,F,F,F,F,F,F,F,F,F,F,F,F,F,F,F,F,F,F,F
ME 409,F,F,F,F,F,F,F,F,F,F,F,F,F,F,F,F,F,F,F
ME 410,F,F,F,F,F,F,F,,,,,,,,,,,,
ME 411,F,F,F,F,F,F,F,,,,,,,,,,,,
ME 412,F,F,F,F,F,F,F,F,F,F,F,F,F,F,F,F,F,F,F
ME 415,F,F,F,F,F,F,F,F,F,F,F,F,F,F,F,F,F,F,F
ME 420,F,F,F,F,F,F,F,F,F,F,F,F,F,F,F,F,F,F,F
ME 425,F,F,F,F,F,F,F,F,F,F,F,F,F,F,F,F,F,F,F
ME 435,F,F,F,F,F,F,F,F,F,F,F,F,F,F,F,F,F,F,F
ME 437,F,F,F,F,F,F,F,F,F,F,F,F,F,F,F,F,F,F,F
ME 441,F,F,F,F,F,F,F,F,F,F,F,F,F,F,F,F,F,F,F
ME 48000,F,F,F,F,F,F,F,,,,,,,,,,,,
ME 48001,F,F,F,F,F,F,F,,,,,,,,,,,,
ME 48002,F,F,F,F,F,F,F,,,,,,,,,,,,
MGMT 201,F,F,F,F,F,F,F,F,F,F,F,F,F,F,F,F,F,F,F
MGMT 203,F,F,F,F,F,F,F,F,F,F,F,F,F,F,F,F,F,F,F
MGMT 213,F,F,F,F,F,F,F,F,F,F,F,F,F,F,F,F,F,F,F
MGMT 301,F,F,F,F,F,F,F,F,F,F,F,F,F,F,F,F,F,F,F
MGMT 302,F,F,F,F,F,F,F,F,F,F,F,F,F,F,F,F,F,F,F
MGMT 309,F,F,F,F,F,F,F,F,F,F,F,F,F,F,F,F,F,F,F
MGMT 310,F,F,F,F,F,F,F,F,F,F,F,F,F,F,F,F,F,F,F
MGMT 333,F,F,F,F,F,F,F,F,F,F,F,F,F,F,F,F,F,F,F
MGMT 401,F,F,F,F,F,F,F,F,F,F,F,F,F,F,F,F,F,F,F
MGMT 402,F,F,F,F,F,F,F,F,F,F,F,F,F:M,F:M,F:M,F:M,F:M,F:M,F:M
MGMT 403,F,F,F,F,F,F,F,F,F,F,F,F,F,F,F,F,F,F,F
MGMT 404,F,F,F,F,F,F,F,F,F,F,F,F,F,F,F,F,F,F,F
MGMT 405,F,F,F,F,F,F,F,F,F,F,F,F,F,F,F,F,F,F,F
MGMT 406,F,F,F,F,,,,,,,,,,,,,,,
MGMT 407,F,F,F,F,,,,,,,,,,,,,,,
MGMT 410,F,F,F,F,F,F,F,F,F,F,F,F,F,F,F,F,F,F,F
MGMT 411,F,F,F,F,F,F,F,F,F,F,F,F,F,F,F,F,F,F,F
MGMT 412,F,F,F,F,F,F,F,F,F,F,F,F,F,F,F,F,F,F,F
MGMT 413,F,F,F,F,F,F,F,F,F,F,F,F,F,F,F,F,F,F,F
MGMT 414,F,F,F,F,F,F,F,F,F,F,F,F,F,F,F,F,F,F,F
MGMT 415,F,F,F,F,F,F,F,F,F,F,F,F,F,F,F,F,F,F,F
MGMT 417,F,F,F,F,F,F,F,F,F,F,F,F,F,F,F,F,F,F,F
MGMT 418,F,F,F,F,F,F,F,F,F,F,F,F,F,F,F,F,F,F,F
MGMT 419,F,F,F,F,F,F,F,F,F,F,F,F,F,F,F,F,F,F,F
MGMT 420,F,F,F,F,,,,,,,,,,,,,,,
MGMT 421,F,F,F,F,F,F,F,F,F,F,F,F,F,F,F,F,F,F,F
MGMT 422,F,F,,,,,,,,,,,,,,,,,
MGMT 423,F,F,F,F,F,F,F,F,F,F,F,F,F,F,F,F,F,F,F
MGMT 424,F,F,F,F,F,F,F,F,F,F,F,F,F,F,F,F,F,F,F
MGMT 425,F,F,F,F,F,F,F,F,F,F,F,F,F,F,F,F,F,F,F
MGMT 426,F,F,F,F,F,F,F,F,F,F,F,F,F,F,F,F,F,F,F
MGMT 491,F,F,F,F,F,F,F,F,F,F,F,F,F,F,F,F,F,F,F
MGMT 492,F,F,F,F,F,F,F,F,F,F,F,F,F,F,F,F,F,F,F
MGMT 495,F,F,F,F,F,F,F,F,F,F,F,F,F,F,F,F,F,F,F
MGMT 496,F,F,F,F,F,F,F,F,F,F,F,F,F,F,F,F,F,F,F
MGMT 499,F,F,F,F,F,F,F,F,F,F,F,F,F,F,F,F,F,F,F
MJC 100,F,F,F,F,F,F,F,F,F,F,F,F,F,F,F,F,F,F,F
MKTG 301,F:M,F:M,F:M,F:M,F:M,F:M,F:M,F:M,F:M,F:M,F:M,F:M,F:M,F:M,F:M,F:M,F:M,F:M,F:M
MKTG 401,F,F,F,F,F,F,F,F,F,F,F,F,F,F,F,F,F,F,F
MKTG 402,F,F,F,F,F,F,F,F,F,F,F,F,F,F,F,F,F,F,F
MKTG 404,F,F,F,F,F,F,F,F,F,F,F,F,F,F,F,F,F,F,F
MKTG 405,F,F,F,F,F,F,F,F,F,F,F,F,F,F,F,F,F,F,F
MKTG 406,F,F,F,F,F,F,F,F,F,F,F,F,F,F,F,F,F,F,F
MKTG 407,F,F,F,F,F,F,F,F,F,F,F,F,F,F,F,F,F,F,F
MKTG 409,F,F,F,F,F,F,F,F,F,F,F,F,F,F,F,F,F,F,F
MKTG 410,F,F,F,F,F,F,F,F,F,F,F,F,F,F,F,F,F,F,F
MKTG 411,F,F,F,F,F,F,F,F,F,F,F,F,F,F,F,F,F,F,F
MKTG 412,F,F,F,F,F,F,F,F,F,F,F,F,F,F,F,F,F,F,F
MKTG 413,F,F,F,F,F,F,F,F,F,F,F,F,F,F,F,F,F,F,F
MKTG 414,F,F,F,F,F,F,F,F,F,F,F,F,F,F,F,F,F,F,F
NS 200,F,F,F,F,F,F,F,F,F,F,F,F,F,F,F,F,F,F,F
NS 201,F:E,F:E,F:E,F:E,F:E,F:E,F:E,F:E,F:E,F:E,F:E,F:E,F:E,F:E,F:E,F:E,F:E,F:E,F:E
NS 206,F,F,F,F,F,F,F,F,F,F,F,F,F,F,F,F,F,F,F
NS 207,F:E,F:E,F:E,F:E,F:E,F:E,F:E,F:E,F:E,F:E,F:E,F:E,F:E,F:E,F:E,F:E,F:E,F:E,F:E
NS 208,F,F,F,F,F,F,F,F,F,F,F,F,F,F,F,F,F,F,F
NS 209,F,F,F,F,F,F,F,F,F,F,F,F,F,F,F,F,F,F,F
NS 210,F,F,F,F,F,F,F,,,,,,,,,,,,
NS 212,F,F,F,F,F,F,F,,,,,,,,,,,,
NS 216,F,F,F,F,F,F,F,F,F,F,F,F,F:E,F:E,F:E,F:E,F:E,F:E,F:E
NS 218,F,F,F,F,F,F,F,F,F,F,F,F,F:E,F:E,F:E,F:E,F:E,F:E,F:E
NS 220,F,F,F,F,F,F,F,F,F,,,,,,,,,,
NS 222,F,F,F,F,F,F,F,F,F,F,F,F,F,F,F,F,F,F,F
NS 48000,F,F,F,F,F,F,F,F,F,F,F,F,,,,,,,
OPIM 301,F,F,F,F,F,F,F,F,F,F,F,F,F,F,F,F,F,F,F
OPIM 302,F,F,F,F,F,F,F,F,F,F,F,F,F:M,F:M,F:M,F:M,F:M,F:M,F:M
OPIM 390,F,F,F,F,F,F,F,F,F,F,F,F,F,F,F,F,F,F,F
OPIM 401,F,F,F,F,F,F,F,F,F,F,F,F,F,F,F,F,F,F,F
OPIM 402,F,F,F,F,F,F,F,F,F,F,F,F,F,F,F,F,F,F,F
OPIM 403,F,F,F,F,F,F,F,F,,,,,,,,,,,
OPIM 404,F,F,F,F,F,F,F,F,F,F,F,F,F,F,F,F,F,F,F
OPIM 405,F,F,F,F,F,F,F,F,,,,,,,,,,,
OPIM 406,F,F,F,F,F,F,F,F,,,,,,,,,,,
OPIM 407,F,F,F,F,F,F,F,F,F,F,F,F,F,F,F,F,F,F,F
OPIM 408,F,F,F,F,F,F,F,F,F,F,F,F,F,F,F,F,F,F,F
OPIM 409,F,F,F,F,F,F,F,F,F,F,F,F,F,F,F,F,F,F,F
OPIM 410,F,F,F,F,F,F,F,F,F,F,F,F,F,F,F,F,F,F,F
OPIM 412,F,F,F,F,F,F,F,F,F,F,F,F,F,F,F,F,F,F,F
OPIM 413,F,F,F,F,F,F,F,F,F,F,F,F,F,F,F,F,F,F,F
OPIM 416,F,F,F,F,F,F,F,F,,,,,,,,,,,
ORG 301,F:M,F:M,F:M,F:M,F:M,F:M,F:M,F:M,F:M,F:M,F:M,F:M,F:M,F:M,F:M,F:M,F:M,F:M,F:M
ORG 302,F,F,F,F,F,F,F,F,F,F,F,F,F:M,F:M,F:M,F:M,F:M,F:M,F:M
ORG 401,F,F,F,F,F,F,F,F,F,F,F,F,F,F,F,F,F,F,F
ORG 403,F,F,F,F,F,F,F,F,F,F,F,F,F,F,F,F,F,F,F
ORG 404,F,F,F,F,F,F,F,F,F,F,F,F,F,F,F,F,F,F,F
ORG 405,F,F,F,F,F,F,F,F,F,F,F,F,F,F,F,F,F,F,F
ORG 450,F,F,,,,,,,,,,,,,,,,,
PERS 120,F,F,,,,,,,,,,,,,,,,,
PHIL 202,F:A,F:A,F:A,F:A,F:A,F:A,F:A,F:A,F:A,F:A,F:A,F:A,F:A,F:A,F:A,F:A,F:A,F:A,F:A
PHIL 300,F,F,F,F,F,F,F,F,F,F,F,F,F,F,F,F,F,F,F
PHIL 310,F,F,F,F,F,F,F,F,F,F,F,F,F,F,F,F,F,F,F
PHIL 321,F:A,F:A,F:A,F:A,F:A,F:A,F:A,F:A,F:A,F:A,F:A,F:A,F:A,F:A,F:A,F:A,F:A,F:A,F:A
PHIL 322,F,F,F,F,F,F,F,F,F,F,F,F,F,F,F,F,F,F,F
PHIL 340,F,F,F,F,,,,,,,,,,,,,,,
PHIL 370,F,F,F,F,F,F,F,F,F,F,F,F,F,F,F,F,F,F,F
PHIL 399,F,F,F,F,F,F,F,F,F,F,F,F,F,F,F,F,F,F,F
PHIL 401,F,F,F,F,F,F,F,F,F,F,F,F,F,F,F,F,F,F,F
PHIL 460,F,F,F,F,F,F,F,F,F,F,F,F,F,F,F,F,F,F,F
PHYS 113,F:E,F:E,F:E,F:E,F:E,F:E,F:E,F:E,F:E,F:E,F:E,F:E,F:E,F:E,F:E,F:E,F:E,F:E,F:E
PHYS 211,F,F,F,F,F,F,F,F,F,F,F,F,F:E,F:E,F:E,F:E,F:E,F:E,F:E
PHYS 302,F,F,F,F,F,F,F,F,F,F,F,F,F,F,F,F,F,F,F
PHYS 303,F:E,F:E,F:E,F:E,F:E,F:E,F:E,F:E,F:E,F:E,F:E,F:E,F,F,F,F,F,F,F
PHYS 304,F,F,F,F,F,F,F,F,F,F,F,F,F,F,F,F,F,F,F
PHYS 313,F,F,F,F,F,F,F,,,,,,,,,,,,
PHYS 401,F,F,F,F,F,F,F,F,F,F,F,F,F,F,F,F,F,F,F
PHYS 411,F,F,F,F,F,F,F,F,F,F,F,F,F,F,F,F,F,F,F
PHYS 412,F,F,F,F,F,F,F,F,F,F,F,F,F,F,F,F,F,F,F
PHYS 484,F,F,F,F,F,F,F,F,F,F,F,F,F,F,F,F,F,F,F
PHYS 492,F,F,F,F,F,F,F,F,F,F,F,F,,,,,,,
POLS 302,F,F,F,F,F,F,F,F,F,F,F,F,F,F,F,F,F,F,F
POLS 303,F,F,F,F,F,F,F,F,F,F,F,F,F,F,F,F,F,F,F
POLS 305,F,F,F,F,F,F,F,F,F,F,F,F,F,F,F,F,F,F,F
POLS 307,F,F,F,F,F,F,F,F,F,F,F,F,F,F,F,F,F,F,F
POLS 354,F,F,F,F,F,F,F,F,F,F,F,F,F,F,F,F,F,F,F
POLS 364,F,F,F,F,F,F,F,F,F,F,F,F,F,F,F,F,F,F,F
POLS 365,F,F,F,F,F,F,F,F,F,F,F,F,F,F,F,F,F,F,F
POLS 392,F,F,F,F,F,F,F,F,F,F,F,F,F,F,F,F,F,F,F
POLS 393,F,F,F,F,F,F,F,F,F,F,F,F,F,F,F,F,F,F,F
POLS 400,F,F,F,F,F,F,F,F,F,F,F,F,F,F,F,F,F,F,F
POLS 405,F,F,F,F,F,F,F,F,F,F,F,F,F,F,F,F,F,F,F
POLS 421,F,F,F,F,F,F,F,F,F,F,F,F,F,F,F,F,F,F,F
POLS 448,F,F,F,F,F,F,F,F,F,F,F,F,F,F,F,F,F,F,F
POLS 491,F,F,F,F,F,F,F,F,F,F,F,F,F,F,F,F,F,F,F
POLS 495,F,F,F,F,F,F,F,F,F,F,F,F,F,F,F,F,F,F,F
PROJ 102,F,F,F,F,F,F,F,F,F,F,F,F,F,F,F,F,F,F,F
PROJ 301,F,F,F,F,F,F,F,F,F,F,F,F,F,F,F,F,F,F,F
PROJ 401,F,F,F,F,F,F,F,F,F,F,F,F,F,F,F,F,F,F,F
PSY 201,F:A,F:A,F:A,F:A,F:A,F:A,F:A,F:A,F:A,F:A,F:A,F:A,F:A,F:A,F:A,F:A,F:A,F:A,F:A
PSY 202,F,F,F,F,F,F,F,F,F,F,F,F,F,F,F,F,F,F,F
PSY 203,F,F,F,F,F,F,F,F,F,F,F,F,F,F,F,F,F,F,F
PSY 303,F,F,F,F,F,F,F,F,F,F,F,F,F,F,F,F,F,F,F
PSY 304,F,F,F,F,F,F,F,F,F,F,F,F,F,F,F,F,F,F,F
PSY 305,F,F,F,F,F,F,F,F,F,F,F,F,F,F,F,F,F,F,F
PSY 306,F,F,F,F,F,F,F,F,F,F,F,F,F,F,F,F,F,F,F
PSY 310,F:A,F:A,F:A,F:A,F:A,F:A,F:A,F:A,F:A,F:A,F:A,F:A,F:A,F:A,F:A,F:A,F:A,F:A,F:A
PSY 311,F,F,F,F,F,F,F,F,F,F,F,F,F,F,F,F,F,F,F
PSY 312,F,F,F,F,F,F,F,F,F,F,F,F,F,F,F,F,F,F,F
PSY 314,F,F,F,F,F,F,F,F,F,F,F,F,F,F,F,F,F,F,F
PSY 315,F,F,F,F,F,F,F,F,F,F,F,F,F,F,F,F,F,F,F
PSY 316,F,F,F,F,F,F,F,F,F,F,F,F,F,F,F,F,F,F,F
PSY 317,F,F,F,F,F,F,F,F,F,F,F,F,F,F,F,F,F,F,F
PSY 320,F,F,F,F,F,F,F,F,F,F,F,F,F,F,F,F,F,F,F
PSY 322,F,F,F,F,F,F,F,F,F,F,F,F,F,F,F,F,F,F,F
PSY 323,F,F,F,F,F,F,F,F,F,F,F,F,F,F,F,F,F,F,F
PSY 325,F,F,F,F,F,F,F,F,F,F,F,F,F,F,F,F,F,F,F
PSY 340,F:A,F:A,F:A,F:A,F:A,F:A,F:A,F:A,F:A,F:A,F:A,F:A,F:A,F:A,F:A,F:A,F:A,F:A,F:A
PSY 341,F,F,F,F,F,F,F,F,F,F,F,F,F,F,F,F,F,F,F
PSY 343,F,F,F,F,F,F,F,F,F,F,F,F,F,F,F,F,F,F,F
PSY 344,F,F,F,F,F,F,F,F,F,F,F,F,F,F,F,F,F,F,F
PSY 345,F,F,F,F,,,,,,,,,,,,,,,
PSY 350,F,F,F,F,F,F,F,F,F,F,F,F,F,F,F,F,F,F,F
PSY 360,F,F,F,F,F,F,F,F,F,F,F,F,F,F,F,F,F,F,F
PSY 361,F,F,F,F,F,F,F,F,F,F,F,F,F,F,F,F,F,F,F
PSY 362,F,F,F,F,F,F,F,F,F,F,F,F,F,F,F,F,F,F,F
PSY 363,F,F,F,F,F,F,F,F,F,F,F,F,F,F,F,F,F,F,F
PSY 364,F,F,F,F,F,F,F,F,F,F,F,F,F,F,F,F,F,F,F
PSY 365,F,F,F,,,,,,,,,,,,,,,,
PSY 366,F,F,F,F,F,F,F,F,F,F,F,F,F,F,F,F,F,F,F
PSY 368,F,F,F,F,F,F,F,F,F,F,F,F,F,F,F,F,F,F,F
PSY 398,F,F,F,F,F,F,F,F,F,F,F,F,F,F,F,F,F,F,F
PSY 399,F,F,F,F,F,F,F,F,F,F,F,F,F,F,F,F,F,F,F
PSY 403,F,F,F,F,F,F,F,F,F,F,F,F,F,F,F,F,F,F,F
PSY 407,F,F,F,F,F,F,F,F,F,F,F,F,F,F,F,F,F,F,F
PSY 410,F,F,F,F,F,F,F,F,F,F,F,F,F,F,F,F,F,F,F
PSY 411,F,F,F,F,F,F,F,F,F,F,F,F,F,F,F,F,F,F,F
PSY 412,F,F,F,F,F,F,F,F,F,F,F,F,F,F,F,F,F,F,F
PSY 414,F,F,F,F,F,F,F,F,F,F,F,F,F,F,F,F,F,F,F
PSY 415,F,F,F,F,F,F,F,F,F,F,F,F,F,F,F,F,F,F,F
PSY 416,F,F,F,F,F,F,F,F,F,F,F,F,F,F,F,F,F,F,F
PSY 418,F,F,F,F,F,F,F,F,F,F,F,F,F,F,F,F,F,F,F
PSY 421,F,F,F,F,F,F,F,F,F,F,F,F,F,F,F,F,F,F,F
PSY 422,F,F,F,F,F,F,F,F,F,F,F,F,F,F,F,F,F,F,F
PSY 423,F,F,F,F,F,F,,,,,,,,,,,,,
PSY 424,F,F,F,F,F,F,F,F,F,F,F,F,F,F,F,F,F,F,F
PSY 442,F,F,F,F,F,F,F,F,F,F,F,F,F,F,F,F,F,F,F
PSY 443,F,F,F,F,F,F,F,F,F,F,F,F,F,F,F,F,F,F,F
PSY 444,F,F,F,F,F,F,F,F,F,F,F,F,F,F,F,F,F,F,F
PSY 445,F,F,F,F,F,F,F,F,F,F,F,F,F,F,F,F,F,F,F
PSY 450,F,F,F,F,F,F,F,F,F,F,F,F,F,F,F,F,F,F,F
PSY 452,F,F,F,F,F,F,F,F,F,F,F,F,F,F,F,F,F,F,F
PSY 467,F,F,F,F,F,F,F,F,F,F,F,F,F,F,F,F,F,F,F
PSY 469,F,F,F,F,F,F,F,F,F,F,F,F,F,F,F,F,F,F,F
PSY 480,F,F,F,F,F,F,F,F,F,F,F,F,F,F,F,F,F,F,F
PSY 481,F,F,F,F,F,F,F,F,F,F,F,F,F,F,F,F,F,F,F
SOC 399,F,F,F,F,F,F,F,F,F,F,F,F,F,F,F,F,F,F,F
SOC 426,F,F,F,F,F,F,F,F,F,F,F,F,,,,,,,
SOC 432,F,F,F,F,F,F,F,F,F,F,F,F,F,F,F,F,F,F,F
SPA 110,F,F,F,F,F,F,F,F,F,F,F,F,F,F,F,F,F,F,F
SPA 120,F,F,F,F,F,F,F,F,F,F,F,F,F,F,F,F,F,F,F
SPA 130,F,F,,,,,,,,,,,,,,,,,
SPS 201,F,F,F,F,F,F,F,F,F,F,F,F,F,F,F,F,F,F,F
TLL 001,F,F,F,F,F,F,F,F,F,F,F,F,F,F,F,F,F,F,F
TLL 110,F,F,,,,,,,,,,,,,,,,,
TLL 130,F,F,,,,,,,,,,,,,,,,,
TLL 150,F,F,,,,,,,,,,,,,,,,,
TS 320,F,F,F,F,F,F,F,F,F,F,F,F,F,F,F,F,F,F,F
TUR 101,F,F,F,F,F,F,F,F,F,F,F,F,F,F,F,F,F,F,F
TUR 102,F,F,F,F,F,F,F,F,F,F,F,F,F,F,F,F,F,F,F
TUR 201,F,F,F,F,F,F,F,F,F,F,F,F,F,F,F,F,F,F,F
VA 201,F:A,F:A,F:A,F:A,F:A,F:A,F:A,F:A,F:A,F:A,F:A,F:A,F:A,F:A,F:A,F:A,F:A,F:A,F:A
VA 202,F,F,F,F,F,F,F,F,F,F,F,F,F,F,F,F,F,F,F
VA 203,F:A,F:A,F:A,F:A,F:A,F:A,F:A,F:A,F:A,F:A,F:A,F:A,F:A,F:A,F:A,F:A,F:A,F:A,F:A
VA 204,F,F,F,F,F,F,F,F,F,F,F,F,F,F,F,F,F,F,F
VA 234,F,F,F,F,F,F,F,F,F,F,F,F,F,F,F,F,F,F,F
VA 267,F,F,F,F,F,F,F,F,F,F,F,F,F,F,F,F,F,F,F
VA 301,F,F,F,F,F,F,F,F,F,F,F,F,F,F,F,F,F,F,F
VA 302,F,F,F,F,F,F,F,F,F,F,F,F,F,F,F,F,F,F,F
VA 303,F,F,F,F,F,F,F,F,F,F,F,F,F,F,F,F,F,F,F
VA 304,F,F,F,F,F,F,F,F,F,F,F,F,F,F,F,F,F,F,F
VA 310,F,F,F,F,F,F,F,F,F,F,F,F,F,F,F,F,F,F,F
VA 311,F,F,F,F,F,F,F,F,F,F,F,F,F,F,F,F,F,F,F
VA 312,F:A,F:A,F:A,F:A,F:A,F:A,F:A,F:A,F:A,F:A,F:A,F:A,F:A,F:A,F:A,F:A,F:A,F:A,F:A
VA 315,F:A,F:A,F:A,F:A,F:A,F:A,F:A,F:A,F:A,F:A,F:A,F:A,F:A,F:A,F:A,F:A,F:A,F:A,F:A
VA 321,F,F,F,F,F,F,,,,,,,,,,,,,
VA 323,F,F,F,F,F,F,F,F,F,F,F,F,F,F,F,F,F,F,F
VA 324,F,F,F,F,F,F,F,F,F,F,F,F,F,F,F,F,F,F,F
VA 325,F,F,F,F,F,F,F,F,F,F,F,F,F,F,F,F,F,F,F
VA 328,F,F,F,F,F,F,F,F,F,F,F,F,F,F,F,F,F,F,F
VA 329,F,F,F,F,F,F,F,F,F,F,F,F,F,F,F,F,F,F,F
VA 331,F,F,F,F,F,F,F,F,F,F,F,F,F,F,F,F,F,F,F
VA 333,F,F,F,F,F,F,F,F,F,F,F,F,F,F,F,F,F,F,F
VA 335,F,F,F,F,F,F,F,F,F,F,F,F,F,F,F,F,F,F,F
VA 336,F,F,F,F,F,F,,,,,,,,,,,,,
VA 345,F,F,F,F,F,F,F,F,F,F,F,F,F,F,F,F,F,F,F
VA 399,F,F,F,F,F,F,F,F,F,F,F,F,F,F,F,F,F,F,F
VA 401,F,F,F,F,F,F,F,F,F,F,F,F,F,F,F,F,F,F,F
VA 402,F,F,F,F,F,F,F,F,F,F,F,F,F,F,F,F,F,F,F
VA 403,F,F,F,F,F,F,F,F,F,F,F,F,F,F,F,F,F,F,F
VA 404,F,F,F,F,F,F,F,F,F,F,F,F,F,F,F,F,F,F,F
VA 420,F,F,F,F,F,F,F,F,F,F,F,F,F,F,F,F,F,F,F
VA 423,F,F,F,F,F,F,F,F,F,F,F,F,F,F,F,F,F,F,F
VA 424,F,F,F,F,F,F,F,F,F,F,F,F,F,F,F,F,F,F,F
VA 430,F,F,F,F,F,F,F,F,F,F,F,F,F,F,F,F,F,F,F
VA 431,F,F,F,F,F,F,F,F,F,F,F,F,F,F,F,F,F,F,F
VA 433,F,F,F,F,F,F,F,F,F,F,F,F,F,F,F,F,F,F,F
VA 434,F,F,F,F,F,F,F,F,F,F,F,F,F,F,F,F,F,F,F
VA 437,F,F,F,F,F,F,F,F,F,F,F,F,F,F,F,F,F,F,F
VA 439,F,F,F,F,F,F,F,F,F,F,F,F,F,F,F,F,F,F,F
VA 440,F,F,F,F,F,F,F,F,F,F,F,F,F,F,F,F,F,F,F
VA 450,F,F,F,F,F,F,F,F,F,F,F,F,F,F,F,F,F,F,F
VA 453,F,F,F,F,F,F,F,F,F,F,F,F,F,F,F,F,F,F,F
VA 455,F,F,F,F,F,F,F,F,F,F,F,F,F,F,F,F,F,F,F
VA 465,F,F,F,F,F,F,F,F,F,F,F,F,F,F,F,F,F,F,F
VA 481,F,F,F,F,F,F,F,F,F,F,F,,,,,,,,
VA 482,F,F,F,F,F,F,F,F,F,F,F,,,,,,,,
VA 490,F,F,F,F,F,F,F,F,F,F,F,F,F,F,F,F,F,F,F
VIS 308,F,F,F,F,F,F,F,F,F,F,F,,,,,,,,
VIS 310,F,F,F,F,F,F,F,F,F,F,F,,,,,,,,
VIS 412,F,F,F,F,F,F,F,F,F,F,F,,,,,,,,
XM 490,F,F,F,F,F,F,F,F,F,F,F,F,F,F,F,F,F,F,F
ACC 403,F,,,,,,,,,,,,,,,,,,
BIO 370,F,,,,,,,,,,,,,,,,,,
ENS 309,F,,,,,,,,,,,,,,,,,,
FIN 408,F,,,,,,,,,,,,,,,,,,
MGMT 451,F,,,,,,,,,,,,,,,,,,
ORG 451,F,,,,,,,,,,,,,,,,,,
PERS 110,F,,,,,,,,,,,,,,,,,,
SOC 313,F,,,,,,,,,,,,,,,,,,