"Brand Practice-Non Thesis","199901","199902","199903","200001","200002","200003","200101","200102","200103","200201","200202","200203","200301","200302","200303","200401","200402","200403","200501","200502","200503","200601","200602","200603","200701","200702","200703","200801","200802","200803","200901","200902","200903","201001","201002","201003","201101","201102","201103","201201","201202","201203","201301","201302","201303","201401","201402","201403","201501","201502","201503","201601","201602","201603","201701","201702","201703","201801","201802","201803","201901","201902","201903","202001","202002","202003","202101","202102","202103","202201","202202","202203","202301","202302","202303","202401","202402","202403","202501","202502","202503","202601"
Requirement:credits,30,30,30,30,30,30,30,30,30,30,30,30,30,30,30,30,30,30,30,30,30,30,30,30,30,30,30,30,30,30,30,30,30,30,30,30,30,30,30,30,30,30,30,30,30,30,30,30,30,30,30,30,30,30,30,30,30,30,30,30,30,30,30,30,30,30,30,30,30,30,30,30,30,30,30,30,30,30,30,30,30,30
Requirement:courses,14,14,14,14,14,14,14,14,14,14,14,14,14,14,14,14,14,14,14,14,14,14,14,14,14,14,14,14,14,14,14,14,14,14,14,14,14,14,14,14,14,14,14,14,14,14,14,14,14,14,14,14,14,14,14,14,14,14,14,14,14,14,14,14,14,14,14,14,14,14,14,14,14,14,14,14,14,14,14,14,14,14
Requirement:ECTS,,,,,,,,,,,,,,,,,,,,,,,,,,,,,,,,,,,,,,,,,,,,,,90,90,90,90,90,90,114,114,114,114,114,114,114,114,114,114,114,114,114,114,114,114,114,114,114,114,114,114,114,114,114,114,114,114,114,114,114
BP 503,PProject,PProject,PProject,PProject,PProject,PProject,PProject,PProject,PProject,PProject,PProject,PProject,PProject,PProject,PProject,PProject,PProject,PProject,PProject,PProject,PProject,PProject,PProject,PProject,PProject,PProject,PProject,PProject,PProject,PProject,PProject,PProject,PProject,PProject,PProject,PProject,PProject,PProject,PProject,PProject,PProject,PProject,PProject,PProject,PProject,PProject,PProject,PProject,PProject,PProject,PProject,PProject,PProject,PProject,PProject,PProject,PProject,PProject,PProject,PProject,PProject,PProject,PProject,PProject,PProject,PProject,PProject,PProject,PProject,PProject,PProject,PProject,PProject,PProject,PProject,PProject,PProject,PProject,PProject,PProject,PProject,PProject
BP 501,RRequired,RRequired,RRequired,RRequired,RRequired,RRequired,RRequired,RRequired,RRequired,RRequired,RRequired,RRequired,RRequired,RRequired,RRequired,RRequired,RRequired,RRequired,RRequired,RRequired,RRequired,RRequired,RRequired,RRequired,RRequired,RRequired,RRequired,RRequired,RRequired,RRequired,RRequired,RRequired,RRequired,RRequired,RRequired,RRequired,RRequired,RRequired,RRequired,RRequired,RRequired,RRequired,RRequired,RRequired,RRequired,RRequired,RRequired,RRequired,RRequired,RRequired,RRequired,RRequired,RRequired,RRequired,RRequired,RRequired,RRequired,RRequired,RRequired,RRequired,RRequired,RRequired,RRequired,RRequired,RRequired,RRequired,RRequired,RRequired,RRequired,RRequired,RRequired,RRequired,RRequired,RRequired,RRequired,RRequired,RRequired,RRequired,RRequired,RRequired,RRequired,RRequired
BP 502,RRequired,RRequired,RRequired,RRequired,RRequired,RRequired,RRequired,RRequired,RRequired,RRequired,RRequired,RRequired,RRequired,RRequired,RRequired,RRequired,RRequired,RRequired,RRequired,RRequired,RRequired,RRequired,RRequired,RRequired,RRequired,RRequired,RRequired,RRequired,RRequired,RRequired,RRequired,RRequired,RRequired,RRequired,RRequired,RRequired,RRequired,RRequired,RRequired,RRequired,RRequired,RRequired,RRequired,RRequired,RRequired,RRequired,RRequired,RRequired,RRequired,RRequired,RRequired,RRequired,RRequired,RRequired,RRequired,RRequired,RRequired,RRequired,RRequired,RRequired,RRequired,RRequired,RRequired,RRequired,RRequired,RRequired,RRequired,RRequired,RRequired,RRequired,RRequired,RRequired,RRequired,RRequired,RRequired,RRequired,RRequired,RRequired,RRequired,RRequired,RRequired,RRequired
BP 511,RRequired,RRequired,RRequired,RRequired,RRequired,RRequired,RRequired,RRequired,RRequired,RRequired,RRequired,RRequired,RRequired,RRequired,RRequired,RRequired,RRequired,RRequired,RRequired,RRequired,RRequired,RRequired,RRequired,RRequired,RRequired,RRequired,RRequired,RRequired,RRequired,RRequired,RRequired,RRequired,RRequired,RRequired,RRequired,RRequired,RRequired,RRequired,RRequired,RRequired,RRequired,RRequired,RRequired,RRequired,RRequired,RRequired,RRequired,RRequired,RRequired,RRequired,RRequired,RRequired,RRequired,RRequired,RRequired,RRequired,RRequired,RRequired,RRequired,RRequired,RRequired,RRequired,RRequired,RRequired,RRequired,RRequired,RRequired,RRequired,RRequired,RRequired,RRequired,RRequired,RRequired,RRequired,RRequired,RRequired,RRequired,RRequired,RRequired,RRequired,RRequired,RRequired
BP 512,RRequired,RRequired,RRequired,RRequired,RRequired,RRequired,RRequired,RRequired,RRequired,RRequired,RRequired,RRequired,RRequired,RRequired,RRequired,RRequired,RRequired,RRequired,RRequired,RRequired,RRequired,RRequired,RRequired,RRequired,RRequired,RRequired,RRequired,RRequired,RRequired,RRequired,RRequired,RRequired,RRequired,RRequired,RRequired,RRequired,RRequired,RRequired,RRequired,RRequired,RRequired,RRequired,RRequired,RRequired,RRequired,RRequired,RRequired,RRequired,RRequired,RRequired,RRequired,RRequired,RRequired,RRequired,RRequired,RRequired,RRequired,RRequired,RRequired,RRequired,RRequired,RRequired,RRequired,RRequired,RRequired,RRequired,RRequired,RRequired,RRequired,RRequired,RRequired,RRequired,RRequired,RRequired,RRequired,RRequired,RRequired,RRequired,RRequired,RRequired,RRequired,RRequired
BP 513,RRequired,RRequired,RRequired,RRequired,RRequired,RRequired,RRequired,RRequired,RRequired,RRequired,RRequired,RRequired,RRequired,RRequired,RRequired,RRequired,RRequired,RRequired,RRequired,RRequired,RRequired,RRequired,RRequired,RRequired,RRequired,RRequired,RRequired,RRequired,RRequired,RRequired,RRequired,RRequired,RRequired,RRequired,RRequired,RRequired,RRequired,RRequired,RRequired,RRequired,RRequired,RRequired,RRequired,RRequired,RRequired,RRequired,RRequired,RRequired,RRequired,RRequired,RRequired,RRequired,RRequired,RRequired,RRequired,RRequired,RRequired,RRequired,RRequired,RRequired,RRequired,RRequired,RRequired,RRequired,RRequired,RRequired,RRequired,RRequired,RRequired,RRequired,RRequired,RRequired,RRequired,RRequired,RRequired,RRequired,RRequired,RRequired,RRequired,RRequired,RRequired,RRequired
BP 521,RRequired,RRequired,RRequired,RRequired,RRequired,RRequired,RRequired,RRequired,RRequired,RRequired,RRequired,RRequired,RRequired,RRequired,RRequired,RRequired,RRequired,RRequired,RRequired,RRequired,RRequired,RRequired,RRequired,RRequired,RRequired,RRequired,RRequired,RRequired,RRequired,RRequired,RRequired,RRequired,RRequired,RRequired,RRequired,RRequired,RRequired,RRequired,RRequired,RRequired,RRequired,RRequired,RRequired,RRequired,RRequired,RRequired,RRequired,RRequired,RRequired,RRequired,RRequired,RRequired,RRequired,RRequired,RRequired,RRequired,RRequired,RRequired,RRequired,RRequired,RRequired,RRequired,RRequired,RRequired,RRequired,RRequired,RRequired,RRequired,RRequired,RRequired,RRequired,RRequired,RRequired,RRequired,RRequired,RRequired,RRequired,RRequired,RRequired,RRequired,RRequired,RRequired
BP 522,RRequired,RRequired,RRequired,RRequired,RRequired,RRequired,RRequired,RRequired,RRequired,RRequired,RRequired,RRequired,RRequired,RRequired,RRequired,RRequired,RRequired,RRequired,RRequired,RRequired,RRequired,RRequired,RRequired,RRequired,RRequired,RRequired,RRequired,RRequired,RRequired,RRequired,RRequired,RRequired,RRequired,RRequired,RRequired,RRequired,RRequired,RRequired,RRequired,RRequired,RRequired,RRequired,RRequired,RRequired,RRequired,RRequired,RRequired,RRequired,RRequired,RRequired,RRequired,RRequired,RRequired,RRequired,RRequired,RRequired,RRequired,RRequired,RRequired,RRequired,RRequired,RRequired,RRequired,RRequired,RRequired,RRequired,RRequired,RRequired,RRequired,RRequired,RRequired,RRequired,RRequired,RRequired,RRequired,RRequired,RRequired,RRequired,RRequired,RRequired,RRequired,RRequired
BP 523,RRequired,RRequired,RRequired,RRequired,RRequired,RRequired,RRequired,RRequired,RRequired,RRequired,RRequired,RRequired,RRequired,RRequired,RRequired,RRequired,RRequired,RRequired,RRequired,RRequired,RRequired,RRequired,RRequired,RRequired,RRequired,RRequired,RRequired,RRequired,RRequired,RRequired,RRequired,RRequired,RRequired,RRequired,RRequired,RRequired,RRequired,RRequired,RRequired,RRequired,RRequired,RRequired,RRequired,RRequired,RRequired,RRequired,RRequired,RRequired,RRequired,RRequired,RRequired,RRequired,RRequired,RRequired,RRequired,RRequired,RRequired,RRequired,RRequired,RRequired,RRequired,RRequired,RRequired,RRequired,RRequired,RRequired,RRequired,RRequired,RRequired,RRequired,RRequired,RRequired,RRequired,RRequired,RRequired,RRequired,RRequired,RRequired,RRequired,RRequired,RRequired,RRequired
BP 531,RRequired,RRequired,RRequired,RRequired,RRequired,RRequired,RRequired,RRequired,RRequired,RRequired,RRequired,RRequired,RRequired,RRequired,RRequired,RRequired,RRequired,RRequired,RRequired,RRequired,RRequired,RRequired,RRequired,RRequired,RRequired,RRequired,RRequired,RRequired,RRequired,RRequired,RRequired,RRequired,RRequired,RRequired,RRequired,RRequired,RRequired,RRequired,RRequired,RRequired,RRequired,RRequired,RRequired,RRequired,RRequired,RRequired,RRequired,RRequired,RRequired,RRequired,RRequired,RRequired,RRequired,RRequired,RRequired,RRequired,RRequired,RRequired,RRequired,RRequired,RRequired,RRequired,RRequired,RRequired,RRequired,RRequired,RRequired,RRequired,RRequired,RRequired,RRequired,RRequired,RRequired,RRequired,RRequired,RRequired,RRequired,RRequired,RRequired,RRequired,RRequired,RRequired
BP 532,RRequired,RRequired,RRequired,RRequired,RRequired,RRequired,RRequired,RRequired,RRequired,RRequired,RRequired,RRequired,RRequired,RRequired,RRequired,RRequired,RRequired,RRequired,RRequired,RRequired,RRequired,RRequired,RRequired,RRequired,RRequired,RRequired,RRequired,RRequired,RRequired,RRequired,RRequired,RRequired,RRequired,RRequired,RRequired,RRequired,RRequired,RRequired,RRequired,RRequired,RRequired,RRequired,RRequired,RRequired,RRequired,RRequired,RRequired,RRequired,RRequired,RRequired,RRequired,RRequired,RRequired,RRequired,RRequired,RRequired,RRequired,RRequired,RRequired,RRequired,RRequired,RRequired,RRequired,RRequired,RRequired,RRequired,RRequired,RRequired,RRequired,RRequired,RRequired,RRequired,RRequired,RRequired,RRequired,RRequired,RRequired,RRequired,RRequired,RRequired,RRequired,RRequired
BP 533,RRequired,RRequired,RRequired,RRequired,RRequired,RRequired,RRequired,RRequired,RRequired,RRequired,RRequired,RRequired,RRequired,RRequired,RRequired,RRequired,RRequired,RRequired,RRequired,RRequired,RRequired,RRequired,RRequired,RRequired,RRequired,RRequired,RRequired,RRequired,RRequired,RRequired,RRequired,RRequired,RRequired,RRequired,RRequired,RRequired,RRequired,RRequired,RRequired,RRequired,RRequired,RRequired,RRequired,RRequired,RRequired,RRequired,RRequired,RRequired,RRequired,RRequired,RRequired,RRequired,RRequired,RRequired,RRequired,RRequired,RRequired,RRequired,RRequired,RRequired,RRequired,RRequired,RRequired,RRequired,RRequired,RRequired,RRequired,RRequired,RRequired,RRequired,RRequired,RRequired,RRequired,RRequired,RRequired,RRequired,RRequired,RRequired,RRequired,RRequired,RRequired,RRequired
BP 541,RRequired,RRequired,RRequired,RRequired,RRequired,RRequired,RRequired,RRequired,RRequired,RRequired,RRequired,RRequired,RRequired,RRequired,RRequired,RRequired,RRequired,RRequired,RRequired,RRequired,RRequired,RRequired,RRequired,RRequired,RRequired,RRequired,RRequired,RRequired,RRequired,RRequired,RRequired,RRequired,RRequired,RRequired,RRequired,RRequired,RRequired,RRequired,RRequired,RRequired,RRequired,RRequired,RRequired,RRequired,RRequired,RRequired,RRequired,RRequired,,,,,,,,,,,,,,,,,,,,,,,,,,,,,,,,,,
BP 542,RRequired,RRequired,RRequired,RRequired,RRequired,RRequired,RRequired,RRequired,RRequired,RRequired,RRequired,RRequired,RRequired,RRequired,RRequired,RRequired,RRequired,RRequired,RRequired,RRequired,RRequired,RRequired,RRequired,RRequired,RRequired,RRequired,RRequired,RRequired,RRequired,RRequired,RRequired,RRequired,RRequired,RRequired,RRequired,RRequired,RRequired,RRequired,RRequired,RRequired,RRequired,RRequired,RRequired,RRequired,RRequired,RRequired,RRequired,RRequired,,,,,,,,,,,,,,,,,,,,,,,,,,,,,,,,,,
BP 552,,,,,,,,,,,,,,,,,,,,,,,,,,,,,,,,,,,,,,,,,,,,,,,,,RRequired,RRequired,RRequired,RRequired,RRequired,RRequired,RRequired,RRequired,RRequired,RRequired,RRequired,RRequired,RRequired,RRequired,RRequired,RRequired,RRequired,RRequired,RRequired,RRequired,RRequired,RRequired,RRequired,RRequired,RRequired,RRequired,RRequired,RRequired,RRequired,RRequired,RRequired,RRequired,RRequired,RRequired
BP 562,,,,,,,,,,,,,,,,,,,,,,,,,,,,,,,,,,,,,,,,,,,,,,,,,RRequired,RRequired,RRequired,RRequired,RRequired,RRequired,RRequired,RRequired,RRequired,RRequired,RRequired,RRequired,RRequired,RRequired,RRequired,RRequired,RRequired,RRequired,RRequired,RRequired,RRequired,RRequired,RRequired,RRequired,RRequired,RRequired,RRequired,RRequired,RRequired,RRequired,RRequired,RRequired,RRequired,RRequired