"Economics - Non Thesis","199901","199902","199903","200001","200002","200003","200101","200102","200103","200201","200202","200203","200301","200302","200303","200401","200402","200403","200501","200502","200503","200601","200602","200603","200701","200702","200703","200801","200802","200803","200901","200902","200903","201001","201002","201003","201101","201102","201103","201201","201202","201203","201301","201302","201303","201401","201402","201403","201501","201502","201503","201601","201602","201603","201701","201702","201703","201801","201802","201803","201901","201902","201903","202001","202002","202003","202101","202102","202103","202201","202202","202203","202301","202302","202303","202401","202402","202403","202501","202502","202503","202601"
Requirement:credits,33,33,33,33,33,33,33,33,33,33,33,33,33,33,33,33,33,33,33,33,33,33,33,33,33,33,33,33,33,33,33,33,33,33,33,33,33,33,33,33,33,33,33,33,33,33,33,33,33,33,33,30,30,30,30,30,30,30,30,30,30,30,30,30,30,30,30,30,30,30,30,30,30,30,30,30,30,30,30,30,30,30
Requirement:courses,11,11,11,11,11,11,11,11,11,15,15,15,15,15,15,15,15,15,14,14,14,14,14,14,14,14,14,14,14,14,14,14,14,14,14,14,14,14,14,14,14,14,14,14,14,16,16,16,20,20,20,18,18,18,18,18,18,18,18,18,18,18,18,18,18,18,18,18,18,18,18,18,16,16,16,16,16,16,16,16,16,16
Requirement:ECTS,,,,,,,,,,,,,,,,,,,,,,,,,,,,,,,,,,,,,,,,,,,,,,,,,162,162,162,145,145,145,145,145,145,145,145,145,145,145,145,145,145,145,145,145,145,145,145,145,131,131,131,131,131,131,131,131,131,131
ECON 697,PProject,PProject,PProject,PProject,PProject,PProject,PProject,PProject,PProject,PProject,PProject,PProject,PProject,PProject,PProject,PProject,PProject,PProject,PProject,PProject,PProject,PProject,PProject,PProject,PProject,PProject,PProject,PProject,PProject,PProject,PProject,PProject,PProject,PProject,PProject,PProject,PProject,PProject,PProject,PProject,PProject,PProject,PProject,PProject,PProject,PProject,PProject,PProject,PProject,PProject,PProject,PProject,PProject,PProject,PProject,PProject,PProject,PProject,PProject,PProject,PProject,PProject,PProject,PProject,PProject,PProject,PProject,PProject,PProject,PProject,PProject,PProject,PProject,PProject,PProject,PProject,PProject,PProject,PProject,PProject,PProject,PProject
ECON 501,RRequired,RRequired,RRequired,RRequired,RRequired,RRequired,RRequired,RRequired,RRequired,RRequired,RRequired,RRequired,RRequired,RRequired,RRequired,RRequired,RRequired,RRequired,RRequired,RRequired,RRequired,RRequired,RRequired,RRequired,RRequired,RRequired,RRequired,RRequired,RRequired,RRequired,RRequired,RRequired,RRequired,RRequired,RRequired,RRequired,RRequired,RRequired,RRequired,RRequired,RRequired,RRequired,RRequired,RRequired,RRequired,RRequired,RRequired,RRequired,RRequired,RRequired,RRequired,RRequired,RRequired,RRequired,RRequired,RRequired,RRequired,RRequired,RRequired,RRequired,RRequired,RRequired,RRequired,RRequired,RRequired,RRequired,RRequired,RRequired,RRequired,RRequired,RRequired,RRequired,RRequired,RRequired,RRequired,RRequired,RRequired,RRequired,RRequired,RRequired,RRequired,RRequired
ECON 502,RRequired,RRequired,RRequired,RRequired,RRequired,RRequired,RRequired,RRequired,RRequired,RRequired,RRequired,RRequired,RRequired,RRequired,RRequired,RRequired,RRequired,RRequired,RRequired,RRequired,RRequired,RRequired,RRequired,RRequired,RRequired,RRequired,RRequired,RRequired,RRequired,RRequired,RRequired,RRequired,RRequired,RRequired,RRequired,RRequired,RRequired,RRequired,RRequired,RRequired,RRequired,RRequired,RRequired,RRequired,RRequired,RRequired,RRequired,RRequired,RRequired,RRequired,RRequired,RRequired,RRequired,RRequired,RRequired,RRequired,RRequired,RRequired,RRequired,RRequired,RRequired,RRequired,RRequired,RRequired,RRequired,RRequired,RRequired,RRequired,RRequired,RRequired,RRequired,RRequired,RRequired,RRequired,RRequired,RRequired,RRequired,RRequired,RRequired,RRequired,RRequired,RRequired
ECON 503,RRequired,RRequired,RRequired,RRequired,RRequired,RRequired,RRequired,RRequired,RRequired,RRequired,RRequired,RRequired,RRequired,RRequired,RRequired,RRequired,RRequired,RRequired,RRequired,RRequired,RRequired,RRequired,RRequired,RRequired,RRequired,RRequired,RRequired,RRequired,RRequired,RRequired,RRequired,RRequired,RRequired,RRequired,RRequired,RRequired,RRequired,RRequired,RRequired,RRequired,RRequired,RRequired,RRequired,RRequired,RRequired,RRequired,RRequired,RRequired,RRequired,RRequired,RRequired,RRequired,RRequired,RRequired,RRequired,RRequired,RRequired,RRequired,RRequired,RRequired,RRequired,RRequired,RRequired,RRequired,RRequired,RRequired,RRequired,RRequired,RRequired,RRequired,RRequired,RRequired,RRequired,RRequired,RRequired,RRequired,RRequired,RRequired,RRequired,RRequired,RRequired,RRequired
ECON 504,RRequired,RRequired,RRequired,RRequired,RRequired,RRequired,RRequired,RRequired,RRequired,RRequired,RRequired,RRequired,RRequired,RRequired,RRequired,RRequired,RRequired,RRequired,RRequired,RRequired,RRequired,RRequired,RRequired,RRequired,RRequired,RRequired,RRequired,RRequired,RRequired,RRequired,RRequired,RRequired,RRequired,RRequired,RRequired,RRequired,RRequired,RRequired,RRequired,RRequired,RRequired,RRequired,RRequired,RRequired,RRequired,RRequired,RRequired,RRequired,RRequired,RRequired,RRequired,RRequired,RRequired,RRequired,RRequired,RRequired,RRequired,RRequired,RRequired,RRequired,RRequired,RRequired,RRequired,RRequired,RRequired,RRequired,RRequired,RRequired,RRequired,RRequired,RRequired,RRequired,RRequired,RRequired,RRequired,RRequired,RRequired,RRequired,RRequired,RRequired,RRequired,RRequired
ECON 505,RRequired,RRequired,RRequired,RRequired,RRequired,RRequired,RRequired,RRequired,RRequired,RRequired,RRequired,RRequired,RRequired,RRequired,RRequired,RRequired,RRequired,RRequired,RRequired,RRequired,RRequired,RRequired,RRequired,RRequired,RRequired,RRequired,RRequired,RRequired,RRequired,RRequired,RRequired,RRequired,RRequired,RRequired,RRequired,RRequired,RRequired,RRequired,RRequired,RRequired,RRequired,RRequired,RRequired,RRequired,RRequired,RRequired,RRequired,RRequired,RRequired,RRequired,RRequired,RRequired,RRequired,RRequired,RRequired,RRequired,RRequired,RRequired,RRequired,RRequired,RRequired,RRequired,RRequired,RRequired,RRequired,RRequired,RRequired,RRequired,RRequired,RRequired,RRequired,RRequired,RRequired,RRequired,RRequired,RRequired,RRequired,RRequired,RRequired,RRequired,RRequired,RRequired
ECON 506,RRequired,RRequired,RRequired,RRequired,RRequired,RRequired,RRequired,RRequired,RRequired,RRequired,RRequired,RRequired,RRequired,RRequired,RRequired,RRequired,RRequired,RRequired,RRequired,RRequired,RRequired,RRequired,RRequired,RRequired,RRequired,RRequired,RRequired,RRequired,RRequired,RRequired,RRequired,RRequired,RRequired,RRequired,RRequired,RRequired,RRequired,RRequired,RRequired,RRequired,RRequired,RRequired,RRequired,RRequired,RRequired,RRequired,RRequired,RRequired,CCore,CCore,CCore,CCore,CCore,CCore,CCore,CCore,CCore,CCore,CCore,CCore,CCore,CCore,CCore,CCore,CCore,CCore,CCore,CCore,CCore,CCore,CCore,CCore,CCore,CCore,CCore,CCore,CCore,CCore,CCore,CCore,CCore,CCore
ECON 601,CCore,CCore,CCore,CCore,CCore,CCore,CCore,CCore,CCore,CCore,CCore,CCore,CCore,CCore,CCore,CCore,CCore,CCore,CCore,CCore,CCore,CCore,CCore,CCore,CCore,CCore,CCore,CCore,CCore,CCore,CCore,CCore,CCore,CCore,CCore,CCore,CCore,CCore,CCore,CCore,CCore,CCore,CCore,CCore,CCore,CCore,CCore,CCore,CCore,CCore,CCore,CCore,CCore,CCore,CCore,CCore,CCore,CCore,CCore,CCore,CCore,CCore,CCore,CCore,CCore,CCore,CCore,CCore,CCore,CCore,CCore,CCore,CCore,CCore,CCore,CCore,CCore,CCore,CCore,CCore,CCore,CCore
ECON 602,CCore,CCore,CCore,CCore,CCore,CCore,CCore,CCore,CCore,CCore,CCore,CCore,CCore,CCore,CCore,CCore,CCore,CCore,CCore,CCore,CCore,CCore,CCore,CCore,CCore,CCore,CCore,CCore,CCore,CCore,CCore,CCore,CCore,CCore,CCore,CCore,CCore,CCore,CCore,CCore,CCore,CCore,CCore,CCore,CCore,CCore,CCore,CCore,CCore,CCore,CCore,CCore,CCore,CCore,CCore,CCore,CCore,CCore,CCore,CCore,CCore,CCore,CCore,CCore,CCore,CCore,CCore,CCore,CCore,CCore,CCore,CCore,CCore,CCore,CCore,CCore,CCore,CCore,CCore,CCore,CCore,CCore
ECON 603,CCore,CCore,CCore,CCore,CCore,CCore,CCore,CCore,CCore,CCore,CCore,CCore,CCore,CCore,CCore,CCore,CCore,CCore,CCore,CCore,CCore,CCore,CCore,CCore,CCore,CCore,CCore,CCore,CCore,CCore,CCore,CCore,CCore,CCore,CCore,CCore,CCore,CCore,CCore,CCore,CCore,CCore,CCore,CCore,CCore,CCore,CCore,CCore,CCore,CCore,CCore,CCore,CCore,CCore,CCore,CCore,CCore,CCore,CCore,CCore,CCore,CCore,CCore,CCore,CCore,CCore,CCore,CCore,CCore,CCore,CCore,CCore,CCore,CCore,CCore,CCore,CCore,CCore,CCore,CCore,CCore,CCore
ECON 604,CCore,CCore,CCore,CCore,CCore,CCore,CCore,CCore,CCore,CCore,CCore,CCore,CCore,CCore,CCore,CCore,CCore,CCore,CCore,CCore,CCore,CCore,CCore,CCore,CCore,CCore,CCore,CCore,CCore,CCore,CCore,CCore,CCore,CCore,CCore,CCore,CCore,CCore,CCore,CCore,CCore,CCore,CCore,CCore,CCore,CCore,CCore,CCore,CCore,CCore,CCore,CCore,CCore,CCore,CCore,CCore,CCore,CCore,CCore,CCore,CCore,CCore,CCore,CCore,CCore,CCore,CCore,CCore,CCore,CCore,CCore,CCore,CCore,CCore,CCore,CCore,CCore,CCore,CCore,CCore,CCore,CCore
ECON 605,CCore,CCore,CCore,CCore,CCore,CCore,CCore,CCore,CCore,CCore,CCore,CCore,CCore,CCore,CCore,CCore,CCore,CCore,CCore,CCore,CCore,CCore,CCore,CCore,CCore,CCore,CCore,CCore,CCore,CCore,CCore,CCore,CCore,CCore,CCore,CCore,CCore,CCore,CCore,CCore,CCore,CCore,CCore,CCore,CCore,CCore,CCore,CCore,CCore,CCore,CCore,CCore,CCore,CCore,CCore,CCore,CCore,CCore,CCore,CCore,CCore,CCore,CCore,CCore,CCore,CCore,CCore,CCore,CCore,CCore,CCore,CCore,CCore,CCore,CCore,CCore,CCore,CCore,CCore,CCore,CCore,CCore
ECON 606,CCore,CCore,CCore,CCore,CCore,CCore,CCore,CCore,CCore,CCore,CCore,CCore,CCore,CCore,CCore,CCore,CCore,CCore,CCore,CCore,CCore,CCore,CCore,CCore,CCore,CCore,CCore,CCore,CCore,CCore,CCore,CCore,CCore,CCore,CCore,CCore,CCore,CCore,CCore,CCore,CCore,CCore,CCore,CCore,CCore,CCore,CCore,CCore,CCore,CCore,CCore,CCore,CCore,CCore,CCore,CCore,CCore,,,,,,,,,,,,,,,,,,,,,,,,,
ECON 607,CCore,CCore,CCore,CCore,CCore,CCore,CCore,CCore,CCore,CCore,CCore,CCore,CCore,CCore,CCore,CCore,CCore,CCore,CCore,CCore,CCore,CCore,CCore,CCore,CCore,CCore,CCore,CCore,CCore,CCore,CCore,CCore,CCore,CCore,CCore,CCore,CCore,CCore,CCore,CCore,CCore,CCore,CCore,CCore,CCore,CCore,CCore,CCore,CCore,CCore,CCore,CCore,CCore,CCore,CCore,CCore,CCore,CCore,CCore,CCore,CCore,CCore,CCore,CCore,CCore,CCore,CCore,CCore,CCore,CCore,CCore,CCore,CCore,CCore,CCore,CCore,CCore,CCore,CCore,CCore,CCore,CCore
ECON 608,CCore,CCore,CCore,CCore,CCore,CCore,CCore,CCore,CCore,CCore,CCore,CCore,CCore,CCore,CCore,CCore,CCore,CCore,CCore,CCore,CCore,CCore,CCore,CCore,CCore,CCore,CCore,CCore,CCore,CCore,CCore,CCore,CCore,CCore,CCore,CCore,,,,,,,,,,,,,,,,,,,,,,,,,,,,,,,,,,,,,,,,,,,,,,
ECON 609,CCore,CCore,CCore,CCore,CCore,CCore,CCore,CCore,CCore,CCore,CCore,CCore,CCore,CCore,CCore,CCore,CCore,CCore,CCore,CCore,CCore,CCore,CCore,CCore,CCore,CCore,CCore,CCore,CCore,CCore,CCore,CCore,CCore,CCore,CCore,CCore,CCore,CCore,CCore,CCore,CCore,CCore,CCore,CCore,CCore,CCore,CCore,CCore,CCore,CCore,CCore,CCore,CCore,CCore,CCore,CCore,CCore,,,,,,,,,,,,,,,,,,,,,,,,,
ECON 610,CCore,CCore,CCore,CCore,CCore,CCore,CCore,CCore,CCore,CCore,CCore,CCore,CCore,CCore,CCore,CCore,CCore,CCore,CCore,CCore,CCore,CCore,CCore,CCore,CCore,CCore,CCore,CCore,CCore,CCore,CCore,CCore,CCore,CCore,CCore,CCore,CCore,CCore,CCore,CCore,CCore,CCore,CCore,CCore,CCore,CCore,CCore,CCore,CCore,CCore,CCore,CCore,CCore,CCore,CCore,CCore,CCore,CCore,CCore,CCore,CCore,,,,,,,,,,,,,,,,,,,,,
ECON 611,CCore,CCore,CCore,CCore,CCore,CCore,CCore,CCore,CCore,CCore,CCore,CCore,CCore,CCore,CCore,CCore,CCore,CCore,CCore,CCore,CCore,CCore,CCore,CCore,CCore,,,,,,,,,,,,,,,,,,,,,,,,,,,,,,,,,,,,,,,,,,,,,,,,,,,,,,,,,
ECON 612,CCore,CCore,CCore,CCore,CCore,CCore,CCore,CCore,CCore,CCore,CCore,CCore,CCore,CCore,CCore,CCore,CCore,CCore,CCore,CCore,CCore,CCore,CCore,CCore,CCore,CCore,CCore,CCore,CCore,CCore,CCore,CCore,CCore,CCore,CCore,CCore,CCore,CCore,CCore,CCore,CCore,CCore,CCore,CCore,CCore,CCore,,,,,,,,,,,,,,,,,,,,,,,,,,,,,,,,,,,,
ECON 630,CCore,CCore,CCore,CCore,CCore,CCore,CCore,CCore,CCore,CCore,CCore,CCore,CCore,CCore,CCore,CCore,CCore,CCore,CCore,CCore,CCore,CCore,CCore,CCore,CCore,CCore,CCore,CCore,CCore,CCore,CCore,CCore,CCore,CCore,CCore,CCore,CCore,CCore,CCore,CCore,CCore,CCore,CCore,CCore,CCore,CCore,CCore,CCore,CCore,CCore,CCore,CCore,CCore,CCore,CCore,CCore,CCore,CCore,CCore,CCore,CCore,CCore,CCore,CCore,CCore,CCore,CCore,CCore,CCore,CCore,CCore,CCore,CCore,CCore,CCore,CCore,CCore,CCore,CCore,CCore,CCore,CCore
ECON 591,,,,,,,,,,RRequired,RRequired,RRequired,RRequired,RRequired,RRequired,RRequired,RRequired,RRequired,RRequired,RRequired,RRequired,RRequired,RRequired,RRequired,RRequired,RRequired,RRequired,RRequired,RRequired,RRequired,RRequired,RRequired,RRequired,RRequired,RRequired,RRequired,RRequired,RRequired,RRequired,RRequired,RRequired,RRequired,RRequired,RRequired,RRequired,RRequired,RRequired,RRequired,RRequired,RRequired,RRequired,RRequired,RRequired,RRequired,RRequired,RRequired,RRequired,RRequired,RRequired,RRequired,RRequired,RRequired,RRequired,RRequired,RRequired,RRequired,RRequired,RRequired,RRequired,RRequired,RRequired,RRequired,RRequired,RRequired,RRequired,RRequired,RRequired,RRequired,RRequired,RRequired,RRequired,RRequired
ECON 592,,,,,,,,,,RRequired,RRequired,RRequired,RRequired,RRequired,RRequired,RRequired,RRequired,RRequired,RRequired,RRequired,RRequired,RRequired,RRequired,RRequired,RRequired,RRequired,RRequired,RRequired,RRequired,RRequired,RRequired,RRequired,RRequired,RRequired,RRequired,RRequired,RRequired,RRequired,RRequired,RRequired,RRequired,RRequired,RRequired,RRequired,RRequired,RRequired,RRequired,RRequired,RRequired,RRequired,RRequired,RRequired,RRequired,RRequired,RRequired,RRequired,RRequired,RRequired,RRequired,RRequired,RRequired,RRequired,RRequired,RRequired,RRequired,RRequired,RRequired,RRequired,RRequired,RRequired,RRequired,RRequired,RRequired,RRequired,RRequired,RRequired,RRequired,RRequired,RRequired,RRequired,RRequired,RRequired
ECON 691,,,,,,,,,,RRequired,RRequired,RRequired,RRequired,RRequired,RRequired,RRequired,RRequired,RRequired,RRequired,RRequired,RRequired,RRequired,RRequired,RRequired,RRequired,RRequired,RRequired,RRequired,RRequired,RRequired,RRequired,RRequired,RRequired,RRequired,RRequired,RRequired,RRequired,RRequired,RRequired,RRequired,RRequired,RRequired,RRequired,RRequired,RRequired,RRequired,RRequired,RRequired,RRequired,RRequired,RRequired,RRequired,RRequired,RRequired,RRequired,RRequired,RRequired,RRequired,RRequired,RRequired,RRequired,RRequired,RRequired,RRequired,RRequired,RRequired,RRequired,RRequired,RRequired,RRequired,RRequired,RRequired,RRequired,RRequired,RRequired,RRequired,RRequired,RRequired,RRequired,RRequired,RRequired,RRequired
ECON 692,,,,,,,,,,RRequired,RRequired,RRequired,RRequired,RRequired,RRequired,RRequired,RRequired,RRequired,RRequired,RRequired,RRequired,RRequired,RRequired,RRequired,RRequired,RRequired,RRequired,RRequired,RRequired,RRequired,RRequired,RRequired,RRequired,RRequired,RRequired,RRequired,RRequired,RRequired,RRequired,RRequired,RRequired,RRequired,RRequired,RRequired,RRequired,RRequired,RRequired,RRequired,RRequired,RRequired,RRequired,RRequired,RRequired,RRequired,RRequired,RRequired,RRequired,RRequired,RRequired,RRequired,RRequired,RRequired,RRequired,RRequired,RRequired,RRequired,RRequired,RRequired,RRequired,RRequired,RRequired,RRequired,RRequired,RRequired,RRequired,RRequired,RRequired,RRequired,RRequired,RRequired,RRequired,RRequired
ECON 624,,,,,,,,,,,,,,,,,,,CCore,CCore,CCore,CCore,CCore,CCore,CCore,CCore,CCore,CCore,CCore,CCore,CCore,CCore,CCore,CCore,CCore,CCore,CCore,CCore,CCore,CCore,CCore,CCore,CCore,CCore,CCore,CCore,CCore,CCore,CCore,CCore,CCore,CCore,CCore,CCore,,,,,,,,,,,,,,,,,,,,,,,,,,,,
ECON 526,,,,,,,,,,,,,,,,,,,,,,,,,CCore,CCore,CCore,CCore,CCore,CCore,CCore,CCore,CCore,CCore,CCore,CCore,CCore,CCore,CCore,CCore,CCore,CCore,CCore,CCore,CCore,CCore,CCore,CCore,CCore,CCore,CCore,CCore,CCore,CCore,CCore,CCore,CCore,CCore,CCore,CCore,CCore,CCore,CCore,CCore,CCore,CCore,CCore,CCore,CCore,CCore,CCore,CCore,CCore,CCore,CCore,CCore,CCore,CCore,,,,
MFIN 501,,,,,,,,,,,,,,,,,,,,,,,,,CCore,CCore,CCore,CCore,CCore,CCore,CCore,CCore,CCore,CCore,CCore,CCore,CCore,CCore,CCore,CCore,CCore,CCore,CCore,CCore,CCore,CCore,CCore,CCore,CCore,CCore,CCore,CCore,CCore,CCore,CCore,CCore,CCore,CCore,CCore,CCore,CCore,CCore,CCore,CCore,CCore,CCore,CCore,CCore,CCore,CCore,CCore,CCore,CCore,CCore,CCore,CCore,CCore,CCore,CCore,CCore,CCore,CCore
MFIN 514,,,,,,,,,,,,,,,,,,,,,,,,,CCore,CCore,CCore,CCore,CCore,CCore,CCore,CCore,CCore,,,,,,,,,,,,,,,,,,,,,,,,,,,,,,,,,,,,,,,,,,,,,,,,,
POLS 535,,,,,,,,,,,,,,,,,,,,,,,,,,,,CCore,CCore,CCore,CCore,CCore,CCore,CCore,CCore,CCore,CCore,CCore,CCore,CCore,CCore,CCore,CCore,CCore,CCore,CCore,CCore,CCore,CCore,CCore,CCore,CCore,CCore,CCore,CCore,CCore,CCore,CCore,CCore,CCore,CCore,CCore,CCore,CCore,CCore,CCore,CCore,CCore,CCore,CCore,CCore,CCore,CCore,CCore,CCore,CCore,CCore,CCore,CCore,CCore,CCore,CCore
ECON 523,,,,,,,,,,,,,,,,,,,,,,,,,,,,,,,,,,CCore,CCore,CCore,CCore,CCore,CCore,CCore,CCore,CCore,CCore,CCore,CCore,CCore,CCore,CCore,CCore,CCore,CCore,CCore,CCore,CCore,CCore,,,,,,,,,,,,,,,,,,,,,,,,,,,
PUBL 501,,,,,,,,,,,,,,,,,,,,,,,,,,,,,,,,,,CCore,CCore,CCore,CCore,CCore,CCore,CCore,CCore,CCore,CCore,CCore,CCore,CCore,CCore,CCore,CCore,CCore,CCore,CCore,CCore,CCore,CCore,CCore,CCore,CCore,CCore,CCore,CCore,CCore,CCore,CCore,CCore,CCore,CCore,CCore,CCore,CCore,CCore,CCore,CCore,CCore,,,,,,,,
PUBL 504,,,,,,,,,,,,,,,,,,,,,,,,,,,,,,,,,,CCore,CCore,CCore,CCore,CCore,CCore,CCore,CCore,CCore,CCore,CCore,CCore,CCore,CCore,CCore,CCore,CCore,CCore,CCore,CCore,CCore,CCore,CCore,CCore,CCore,CCore,CCore,CCore,CCore,CCore,CCore,CCore,CCore,CCore,CCore,CCore,CCore,CCore,CCore,CCore,CCore,,,,,,,,
ECON 688,,,,,,,,,,,,,,,,,,,,,,,,,,,,,,,,,,,,,CCore,CCore,CCore,CCore,CCore,CCore,CCore,CCore,CCore,CCore,CCore,CCore,CCore,CCore,CCore,CCore,CCore,CCore,CCore,CCore,CCore,CCore,CCore,CCore,CCore,CCore,CCore,CCore,CCore,CCore,CCore,CCore,CCore,CCore,CCore,CCore,CCore,CCore,CCore,CCore,CCore,CCore,CCore,CCore,CCore,CCore
GR 501S,,,,,,,,,,,,,,,,,,,,,,,,,,,,,,,,,,,,,,,,,,,,,,RRequired,RRequired,RRequired,RRequired,RRequired,RRequired,RRequired,RRequired,RRequired,RRequired,RRequired,RRequired,RRequired,RRequired,RRequired,RRequired,RRequired,RRequired,RRequired,RRequired,RRequired,RRequired,RRequired,RRequired,RRequired,RRequired,RRequired,,,,,,,,,,
GR 502S,,,,,,,,,,,,,,,,,,,,,,,,,,,,,,,,,,,,,,,,,,,,,,RRequired,RRequired,RRequired,RRequired,RRequired,RRequired,RRequired,RRequired,RRequired,RRequired,RRequired,RRequired,RRequired,RRequired,RRequired,RRequired,RRequired,RRequired,RRequired,RRequired,RRequired,RRequired,RRequired,RRequired,RRequired,RRequired,RRequired,,,,,,,,,,
GR 503S,,,,,,,,,,,,,,,,,,,,,,,,,,,,,,,,,,,,,,,,,,,,,,RRequired,RRequired,RRequired,RRequired,RRequired,RRequired,,,,,,,,,,,,,,,,,,,,,,,,,,,,,,,
GR 555S,,,,,,,,,,,,,,,,,,,,,,,,,,,,,,,,,,,,,,,,,,,,,,RRequired,RRequired,RRequired,RRequired,RRequired,RRequired,RRequired,RRequired,RRequired,RRequired,RRequired,RRequired,RRequired,RRequired,RRequired,RRequired,RRequired,RRequired,RRequired,RRequired,RRequired,RRequired,RRequired,RRequired,RRequired,RRequired,RRequired,RRequired,RRequired,RRequired,RRequired,RRequired,RRequired,RRequired,RRequired,RRequired,RRequired
MATH 571,,,,,,,,,,,,,,,,,,,,,,,,,,,,,,,,,,,,,,,,,,,,,,,,,CCore,CCore,CCore,CCore,CCore,CCore,CCore,CCore,CCore,,,,CCore,CCore,CCore,CCore,CCore,CCore,CCore,CCore,CCore,CCore,CCore,CCore,CCore,CCore,CCore,CCore,CCore,CCore,CCore,CCore,CCore,CCore
ECON 571,,,,,,,,,,,,,,,,,,,,,,,,,,,,,,,,,,,,,,,,,,,,,,,,,,,,,,,,,,CCore,CCore,CCore,CCore,CCore,CCore,CCore,CCore,CCore,CCore,CCore,CCore,CCore,CCore,CCore,CCore,CCore,CCore,CCore,CCore,CCore,CCore,CCore,CCore,CCore
MATH 501,,,,,,,,,,,,,,,,,,,,,,,,,,,,,,,,,,,,,,,,,,,,,,,,,,,,,,,,,,,,,,,,,,,,,,,,,,,,CCore,CCore,CCore,CCore,CCore,CCore,CCore