"Executive MBA - Non Thesis","199901","199902","199903","200001","200002","200003","200101","200102","200103","200201","200202","200203","200301","200302","200303","200401","200402","200403","200501","200502","200503","200601","200602","200603","200701","200702","200703","200801","200802","200803","200901","200902","200903","201001","201002","201003","201101","201102","201103","201201","201202","201203","201301","201302","201303","201401","201402","201403","201501","201502","201503","201601","201602","201603","201701","201702","201703","201801","201802","201803","201901","201902","201903","202001","202002","202003","202101","202102","202103","202201","202202","202203","202301","202302","202303","202401","202402","202403","202501","202502","202503","202601"
Requirement:credits,47,47,47,47,47,47,47,47,47,41,41,41,41,41,41,55,55,55,55,55,55,53,53,53,36,36,36,36,36,36,36,36,36,36,36,36,36,36,36,36,36,36,36,36,36,36,36,36,33,33,33,30,30,30,30,30,30,30,30,30,30,30,30,30,30,30,30,30,30,30,30,30,30,30,30,30,30,30,30,30,30,30
Requirement:courses,18,18,18,18,18,18,18,18,18,16,16,16,16,16,16,22,22,22,22,22,22,22,22,22,16,16,16,16,16,16,16,16,16,16,16,16,16,16,16,16,16,16,16,16,16,16,16,16,17,17,17,16,16,16,16,16,16,16,16,16,16,16,16,14,14,14,15,15,15,15,15,15,15,15,15,13,13,13,13,13,13,13
Requirement:ECTS,,,,,,,,,,,,,,,,,,,,,,,,,,,,,,,,,,,,,,,,,,,,,,,,,106,106,106,96,96,96,96,96,96,96,96,96,96,96,96,96,96,96,90,90,90,90,90,90,90,90,90,90,90,90,90,90,90,90
GSM 501,RRequired,RRequired,RRequired,RRequired,RRequired,RRequired,RRequired,RRequired,RRequired,RRequired,RRequired,RRequired,RRequired,RRequired,RRequired,,,,,,,,,,,,,,,,,,,,,,,,,,,,,,,,,,,,,,,,,,,,,,,,,,,,,,,,,,,,,,,,,,,
GSM 509,RRequired,RRequired,RRequired,RRequired,RRequired,RRequired,RRequired,RRequired,RRequired,RRequired,RRequired,RRequired,RRequired,RRequired,RRequired,,,,,,,,,,,,,,,,,,,,,,,,,,,,,,,,,,,,,,,,,,,,,,,,,,,,,,,,,,,,,,,,,,,
GSM 510,RRequired,RRequired,RRequired,RRequired,RRequired,RRequired,RRequired,RRequired,RRequired,RRequired,RRequired,RRequired,RRequired,RRequired,RRequired,,,,,,,,,,,,,,,,,,,,,,,,,,,,,,,,,,,,,,,,,,,,,,,,,,,,,,,,,,,,,,,,,,,
GSM 525,RRequired,RRequired,RRequired,RRequired,RRequired,RRequired,RRequired,RRequired,RRequired,CCore,CCore,CCore,CCore,CCore,CCore,,,,,,,,,,,,,,,,,,,,,,,,,,,,,,,,,,,,,,,,,,,,,,,,,,,,,,,,,,,,,,,,,,,
GSM 527,RRequired,RRequired,RRequired,RRequired,RRequired,RRequired,RRequired,RRequired,RRequired,RRequired,RRequired,RRequired,RRequired,RRequired,RRequired,,,,,,,,,,,,,,,,,,,,,,,,,,,,,,,,,,,,,,,,,,,,,,,,,,,,,,,,,,,,,,,,,,,
GSM 531,RRequired,RRequired,RRequired,RRequired,RRequired,RRequired,RRequired,RRequired,RRequired,CCore,CCore,CCore,CCore,CCore,CCore,,,,,,,,,,,,,,,,,,,,,,,,,,,,,,,,,,,,,,,,,,,,,,,,,,,,,,,,,,,,,,,,,,,
GSM 532,RRequired,RRequired,RRequired,RRequired,RRequired,RRequired,RRequired,RRequired,RRequired,RRequired,RRequired,RRequired,RRequired,RRequired,RRequired,,,,,,,,,,,,,,,,,,,,,,,,,,,,,,,,,,,,,,,,,,,,,,,,,,,,,,,,,,,,,,,,,,,
GSM 541,RRequired,RRequired,RRequired,RRequired,RRequired,RRequired,RRequired,RRequired,RRequired,RRequired,RRequired,RRequired,RRequired,RRequired,RRequired,,,,,,,,,,,,,,,,,,,,,,,,,,,,,,,,,,,,,,,,,,,,,,,,,,,,,,,,,,,,,,,,,,,
GSM 549,RRequired,RRequired,RRequired,RRequired,RRequired,RRequired,RRequired,RRequired,RRequired,RRequired,RRequired,RRequired,RRequired,RRequired,RRequired,,,,,,,,,,,,,,,,,,,,,,,,,,,,,,,,,,,,,,,,,,,,,,,,,,,,,,,,,,,,,,,,,,,
GSM 553,RRequired,RRequired,RRequired,RRequired,RRequired,RRequired,RRequired,RRequired,RRequired,RRequired,RRequired,RRequired,RRequired,RRequired,RRequired,,,,,,,,,,,,,,,,,,,,,,,,,,,,,,,,,,,,,,,,,,,,,,,,,,,,,,,,,,,,,,,,,,,
GSM 583,RRequired,RRequired,RRequired,RRequired,RRequired,RRequired,RRequired,RRequired,RRequired,RRequired,RRequired,RRequired,RRequired,RRequired,RRequired,,,,,,,,,,,,,,,,,,,,,,,,,,,,,,,,,,,,,,,,,,,,,,,,,,,,,,,,,,,,,,,,,,,
GSM 585,RRequired,RRequired,RRequired,RRequired,RRequired,RRequired,RRequired,RRequired,RRequired,RRequired,RRequired,RRequired,RRequired,RRequired,RRequired,,,,,,,,,,,,,,,,,,,,,,,,,,,,,,,,,,,,,,,,,,,,,,,,,,,,,,,,,,,,,,,,,,,
GSM 587,RRequired,RRequired,RRequired,RRequired,RRequired,RRequired,RRequired,RRequired,RRequired,RRequired,RRequired,RRequired,RRequired,RRequired,RRequired,,,,,,,,,,,,,,,,,,,,,,,,,,,,,,,,,,,,,,,,,,,,,,,,,,,,,,,,,,,,,,,,,,,
GSM 590,RRequired,RRequired,RRequired,RRequired,RRequired,RRequired,RRequired,RRequired,RRequired,RRequired,RRequired,RRequired,RRequired,RRequired,RRequired,,,,,,,,,,,,,,,,,,,,,,,,,,,,,,,,,,,,,,,,,,,,,,,,,,,,,,,,,,,,,,,,,,,
GSM 593,RRequired,RRequired,RRequired,RRequired,RRequired,RRequired,RRequired,RRequired,RRequired,RRequired,RRequired,RRequired,RRequired,RRequired,RRequired,,,,,,,,,,,,,,,,,,,,,,,,,,,,,,,,,,,,,,,,,,,,,,,,,,,,,,,,,,,,,,,,,,,
GSM 595,RRequired,RRequired,RRequired,RRequired,RRequired,RRequired,RRequired,RRequired,RRequired,RRequired,RRequired,RRequired,RRequired,RRequired,RRequired,,,,,,,,,,,,,,,,,,,,,,,,,,,,,,,,,,,,,,,,,,,,,,,,,,,,,,,,,,,,,,,,,,,
GSM 500A,CCore,CCore,CCore,CCore,CCore,CCore,CCore,CCore,,,,,,,,,,,,,,,,,,,,,,,,,,,,,,,,,,,,,,,,,,,,,,,,,,,,,,,,,,,,,,,,,,,,,,,,,,
GSM 500B,CCore,CCore,CCore,CCore,CCore,CCore,CCore,CCore,,,,,,,,,,,,,,,,,,,,,,,,,,,,,,,,,,,,,,,,,,,,,,,,,,,,,,,,,,,,,,,,,,,,,,,,,,
GSM 5001,CCore,CCore,CCore,CCore,CCore,CCore,CCore,CCore,CCore,CCore,CCore,CCore,CCore,CCore,CCore,,,,,,,,,,,,,,,,,,,,,,,,,,,,,,,,,,,,,,,,,,,,,,,,,,,,,,,,,,,,,,,,,,,
GSM 5003,CCore,CCore,CCore,CCore,CCore,CCore,CCore,CCore,CCore,CCore,CCore,CCore,CCore,CCore,CCore,,,,,,,,,,,,,,,,,,,,,,,,,,,,,,,,,,,,,,,,,,,,,,,,,,,,,,,,,,,,,,,,,,,
GSM 5004,CCore,CCore,CCore,CCore,CCore,CCore,CCore,CCore,CCore,CCore,CCore,CCore,CCore,CCore,CCore,,,,,,,,,,,,,,,,,,,,,,,,,,,,,,,,,,,,,,,,,,,,,,,,,,,,,,,,,,,,,,,,,,,
GSM 5013,CCore,CCore,CCore,CCore,CCore,CCore,CCore,CCore,CCore,CCore,CCore,CCore,CCore,CCore,CCore,,,,,,,,,,,,,,,,,,,,,,,,,,,,,,,,,,,,,,,,,,,,,,,,,,,,,,,,,,,,,,,,,,,
GSM 502,CCore,CCore,CCore,CCore,CCore,CCore,CCore,CCore,CCore,CCore,CCore,CCore,CCore,CCore,CCore,,,,,,,,,,,,,,,,,,,,,,,,,,,,,,,,,,,,,,,,,,,,,,,,,,,,,,,,,,,,,,,,,,,
GSM 503,CCore,CCore,CCore,CCore,CCore,CCore,CCore,CCore,CCore,CCore,CCore,CCore,CCore,CCore,CCore,,,,,,,,,,,,,,,,,,,,,,,,,,,,,,,,,,,,,,,,,,,,,,,,,,,,,,,,,,,,,,,,,,,
GSM 504,CCore,CCore,CCore,CCore,CCore,CCore,CCore,CCore,CCore,CCore,CCore,CCore,CCore,CCore,CCore,,,,,,,,,,,,,,,,,,,,,,,,,,,,,,,,,,,,,,,,,,,,,,,,,,,,,,,,,,,,,,,,,,,
GSM 505,CCore,CCore,CCore,CCore,CCore,CCore,CCore,CCore,CCore,CCore,CCore,CCore,CCore,CCore,CCore,,,,,,,,,,,,,,,,,,,,,,,,,,,,,,,,,,,,,,,,,,,,,,,,,,,,,,,,,,,,,,,,,,,
GSM 506,CCore,CCore,CCore,CCore,CCore,CCore,CCore,CCore,,,,,,,,,,,,,,,,,,,,,,,,,,,,,,,,,,,,,,,,,,,,,,,,,,,,,,,,,,,,,,,,,,,,,,,,,,
GSM 507,CCore,CCore,CCore,CCore,CCore,CCore,CCore,CCore,,,,,,,,,,,,,,,,,,,,,,,,,,,,,,,,,,,,,,,,,,,,,,,,,,,,,,,,,,,,,,,,,,,,,,,,,,
GSM 508,CCore,CCore,CCore,CCore,CCore,CCore,CCore,CCore,,,,,,,,,,,,,,,,,,,,,,,,,,,,,,,,,,,,,,,,,,,,,,,,,,,,,,,,,,,,,,,,,,,,,,,,,,
GSM 5101,CCore,CCore,CCore,CCore,CCore,CCore,CCore,CCore,,,,,,,,,,,,,,,,,,,,,,,,,,,,,,,,,,,,,,,,,,,,,,,,,,,,,,,,,,,,,,,,,,,,,,,,,,
GSM 5102,CCore,CCore,CCore,CCore,CCore,CCore,CCore,CCore,,,,,,,,,,,,,,,,,,,,,,,,,,,,,,,,,,,,,,,,,,,,,,,,,,,,,,,,,,,,,,,,,,,,,,,,,,
GSM 5103,CCore,CCore,CCore,CCore,CCore,CCore,CCore,CCore,,,,,,,,,,,,,,,,,,,,,,,,,,,,,,,,,,,,,,,,,,,,,,,,,,,,,,,,,,,,,,,,,,,,,,,,,,
GSM 5104,CCore,CCore,CCore,CCore,CCore,CCore,CCore,CCore,,,,,,,,,,,,,,,,,,,,,,,,,,,,,,,,,,,,,,,,,,,,,,,,,,,,,,,,,,,,,,,,,,,,,,,,,,
GSM 5106,CCore,CCore,CCore,CCore,CCore,CCore,CCore,CCore,,,,,,,,,,,,,,,,,,,,,,,,,,,,,,,,,,,,,,,,,,,,,,,,,,,,,,,,,,,,,,,,,,,,,,,,,,
GSM 5108,CCore,CCore,CCore,CCore,CCore,CCore,CCore,CCore,CCore,CCore,CCore,CCore,CCore,CCore,CCore,,,,,,,,,,,,,,,,,,,,,,,,,,,,,,,,,,,,,,,,,,,,,,,,,,,,,,,,,,,,,,,,,,,
GSM 511,CCore,CCore,CCore,CCore,CCore,CCore,CCore,CCore,CCore,CCore,CCore,CCore,CCore,CCore,CCore,,,,,,,,,,,,,,,,,,,,,,,,,,,,,,,,,,,,,,,,,,,,,,,,,,,,,,,,,,,,,,,,,,,
GSM 5110,CCore,CCore,CCore,CCore,CCore,CCore,CCore,CCore,CCore,CCore,CCore,CCore,CCore,CCore,CCore,,,,,,,,,,,,,,,,,,,,,,,,,,,,,,,,,,,,,,,,,,,,,,,,,,,,,,,,,,,,,,,,,,,
GSM 5112,CCore,CCore,CCore,CCore,CCore,CCore,CCore,CCore,CCore,CCore,CCore,CCore,CCore,CCore,CCore,,,,,,,,,,,,,,,,,,,,,,,,,,,,,,,,,,,,,,,,,,,,,,,,,,,,,,,,,,,,,,,,,,,
GSM 5113,CCore,CCore,CCore,CCore,CCore,CCore,CCore,CCore,CCore,CCore,CCore,CCore,CCore,CCore,CCore,,,,,,,,,,,,,,,,,,,,,,,,,,,,,,,,,,,,,,,,,,,,,,,,,,,,,,,,,,,,,,,,,,,
GSM 5114,CCore,CCore,CCore,CCore,CCore,CCore,CCore,CCore,CCore,CCore,CCore,CCore,CCore,CCore,CCore,,,,,,,,,,,,,,,,,,,,,,,,,,,,,,,,,,,,,,,,,,,,,,,,,,,,,,,,,,,,,,,,,,,
GSM 512,CCore,CCore,CCore,CCore,CCore,CCore,CCore,CCore,CCore,CCore,CCore,CCore,CCore,CCore,CCore,,,,,,,,,,,,,,,,,,,,,,,,,,,,,,,,,,,,,,,,,,,,,,,,,,,,,,,,,,,,,,,,,,,
GSM 513,CCore,CCore,CCore,CCore,CCore,CCore,CCore,CCore,CCore,CCore,CCore,CCore,CCore,CCore,CCore,,,,,,,,,,,,,,,,,,,,,,,,,,,,,,,,,,,,,,,,,,,,,,,,,,,,,,,,,,,,,,,,,,,
GSM 514,CCore,CCore,CCore,CCore,CCore,CCore,CCore,CCore,CCore,CCore,CCore,CCore,CCore,CCore,CCore,,,,,,,,,,,,,,,,,,,,,,,,,,,,,,,,,,,,,,,,,,,,,,,,,,,,,,,,,,,,,,,,,,,
GSM 5201,CCore,CCore,CCore,CCore,CCore,CCore,CCore,CCore,,,,,,,,,,,,,,,,,,,,,,,,,,,,,,,,,,,,,,,,,,,,,,,,,,,,,,,,,,,,,,,,,,,,,,,,,,
GSM 5202,CCore,CCore,CCore,CCore,CCore,CCore,CCore,CCore,,,,,,,,,,,,,,,,,,,,,,,,,,,,,,,,,,,,,,,,,,,,,,,,,,,,,,,,,,,,,,,,,,,,,,,,,,
GSM 5203,CCore,CCore,CCore,CCore,CCore,CCore,CCore,CCore,CCore,CCore,CCore,CCore,CCore,CCore,CCore,,,,,,,,,,,,,,,,,,,,,,,,,,,,,,,,,,,,,,,,,,,,,,,,,,,,,,,,,,,,,,,,,,,
GSM 5204,CCore,CCore,CCore,CCore,CCore,CCore,CCore,CCore,,,,,,,,,,,,,,,,,,,,,,,,,,,,,,,,,,,,,,,,,,,,,,,,,,,,,,,,,,,,,,,,,,,,,,,,,,
GSM 5205,CCore,CCore,CCore,CCore,CCore,CCore,CCore,CCore,,,,,,,,,,,,,,,,,,,,,,,,,,,,,,,,,,,,,,,,,,,,,,,,,,,,,,,,,,,,,,,,,,,,,,,,,,
GSM 5207,CCore,CCore,CCore,CCore,CCore,CCore,CCore,CCore,CCore,CCore,CCore,CCore,CCore,CCore,CCore,,,,,,,,,,,,,,,,,,,,,,,,,,,,,,,,,,,,,,,,,,,,,,,,,,,,,,,,,,,,,,,,,,,
GSM 5209,CCore,CCore,CCore,CCore,CCore,CCore,CCore,CCore,CCore,CCore,CCore,CCore,CCore,CCore,CCore,,,,,,,,,,,,,,,,,,,,,,,,,,,,,,,,,,,,,,,,,,,,,,,,,,,,,,,,,,,,,,,,,,,
GSM 521,CCore,CCore,CCore,CCore,CCore,CCore,CCore,CCore,,,,,,,,,,,,,,,,,,,,,,,,,,,,,,,,,,,,,,,,,,,,,,,,,,,,,,,,,,,,,,,,,,,,,,,,,,
GSM 5211,CCore,CCore,CCore,CCore,CCore,CCore,CCore,CCore,CCore,CCore,CCore,CCore,CCore,CCore,CCore,,,,,,,,,,,,,,,,,,,,,,,,,,,,,,,,,,,,,,,,,,,,,,,,,,,,,,,,,,,,,,,,,,,
GSM 5212,CCore,CCore,CCore,CCore,CCore,CCore,CCore,CCore,CCore,CCore,CCore,CCore,CCore,CCore,CCore,,,,,,,,,,,,,,,,,,,,,,,,,,,,,,,,,,,,,,,,,,,,,,,,,,,,,,,,,,,,,,,,,,,
GSM 5213,CCore,CCore,CCore,CCore,CCore,CCore,CCore,CCore,CCore,CCore,CCore,CCore,CCore,CCore,CCore,,,,,,,,,,,,,,,,,,,,,,,,,,,,,,,,,,,,,,,,,,,,,,,,,,,,,,,,,,,,,,,,,,,
GSM 5215,CCore,CCore,CCore,CCore,CCore,CCore,CCore,CCore,CCore,CCore,CCore,CCore,CCore,CCore,CCore,,,,,,,,,,,,,,,,,,,,,,,,,,,,,,,,,,,,,,,,,,,,,,,,,,,,,,,,,,,,,,,,,,,
GSM 5216,CCore,CCore,CCore,CCore,CCore,CCore,CCore,CCore,CCore,CCore,CCore,CCore,CCore,CCore,CCore,,,,,,,,,,,,,,,,,,,,,,,,,,,,,,,,,,,,,,,,,,,,,,,,,,,,,,,,,,,,,,,,,,,
GSM 523,CCore,CCore,CCore,CCore,CCore,CCore,CCore,CCore,CCore,CCore,CCore,CCore,CCore,CCore,CCore,,,,,,,,,,,,,,,,,,,,,,,,,,,,,,,,,,,,,,,,,,,,,,,,,,,,,,,,,,,,,,,,,,,
GSM 528,CCore,CCore,CCore,CCore,CCore,CCore,CCore,CCore,CCore,CCore,CCore,CCore,CCore,CCore,CCore,,,,,,,,,,,,,,,,,,,,,,,,,,,,,,,,,,,,,,,,,,,,,,,,,,,,,,,,,,,,,,,,,,,
GSM 529,CCore,CCore,CCore,CCore,CCore,CCore,CCore,CCore,CCore,CCore,CCore,CCore,CCore,CCore,CCore,,,,,,,,,,,,,,,,,,,,,,,,,,,,,,,,,,,,,,,,,,,,,,,,,,,,,,,,,,,,,,,,,,,
GSM 530,CCore,CCore,CCore,CCore,CCore,CCore,CCore,CCore,CCore,CCore,CCore,CCore,CCore,CCore,CCore,,,,,,,,,,,,,,,,,,,,,,,,,,,,,,,,,,,,,,,,,,,,,,,,,,,,,,,,,,,,,,,,,,,
GSM 5301,CCore,CCore,CCore,CCore,CCore,CCore,CCore,CCore,,,,,,,,,,,,,,,,,,,,,,,,,,,,,,,,,,,,,,,,,,,,,,,,,,,,,,,,,,,,,,,,,,,,,,,,,,
GSM 5302,CCore,CCore,CCore,CCore,CCore,CCore,CCore,CCore,,,,,,,,,,,,,,,,,,,,,,,,,,,,,,,,,,,,,,,,,,,,,,,,,,,,,,,,,,,,,,,,,,,,,,,,,,
GSM 5303,CCore,CCore,CCore,CCore,CCore,CCore,CCore,CCore,,,,,,,,,,,,,,,,,,,,,,,,,,,,,,,,,,,,,,,,,,,,,,,,,,,,,,,,,,,,,,,,,,,,,,,,,,
GSM 5304,CCore,CCore,CCore,CCore,CCore,CCore,CCore,CCore,,,,,,,,,,,,,,,,,,,,,,,,,,,,,,,,,,,,,,,,,,,,,,,,,,,,,,,,,,,,,,,,,,,,,,,,,,
GSM 5305,CCore,CCore,CCore,CCore,CCore,CCore,CCore,CCore,,,,,,,,,,,,,,,,,,,,,,,,,,,,,,,,,,,,,,,,,,,,,,,,,,,,,,,,,,,,,,,,,,,,,,,,,,
GSM 5307,CCore,CCore,CCore,CCore,CCore,CCore,CCore,CCore,CCore,CCore,CCore,CCore,CCore,CCore,CCore,,,,,,,,,,,,,,,,,,,,,,,,,,,,,,,,,,,,,,,,,,,,,,,,,,,,,,,,,,,,,,,,,,,
GSM 5309,CCore,CCore,CCore,CCore,CCore,CCore,CCore,CCore,CCore,CCore,CCore,CCore,CCore,CCore,CCore,,,,,,,,,,,,,,,,,,,,,,,,,,,,,,,,,,,,,,,,,,,,,,,,,,,,,,,,,,,,,,,,,,,
GSM 5311,CCore,CCore,CCore,CCore,CCore,CCore,CCore,CCore,CCore,CCore,CCore,CCore,CCore,CCore,CCore,,,,,,,,,,,,,,,,,,,,,,,,,,,,,,,,,,,,,,,,,,,,,,,,,,,,,,,,,,,,,,,,,,,
GSM 5313,CCore,CCore,CCore,CCore,CCore,CCore,CCore,CCore,CCore,CCore,CCore,CCore,CCore,CCore,CCore,,,,,,,,,,,,,,,,,,,,,,,,,,,,,,,,,,,,,,,,,,,,,,,,,,,,,,,,,,,,,,,,,,,
GSM 5315,CCore,CCore,CCore,CCore,CCore,CCore,CCore,CCore,CCore,CCore,CCore,CCore,CCore,CCore,CCore,,,,,,,,,,,,,,,,,,,,,,,,,,,,,,,,,,,,,,,,,,,,,,,,,,,,,,,,,,,,,,,,,,,
GSM 5316,CCore,CCore,CCore,CCore,CCore,CCore,CCore,CCore,CCore,CCore,CCore,CCore,CCore,CCore,CCore,,,,,,,,,,,,,,,,,,,,,,,,,,,,,,,,,,,,,,,,,,,,,,,,,,,,,,,,,,,,,,,,,,,
GSM 533,CCore,CCore,CCore,CCore,CCore,CCore,CCore,CCore,,,,,,,,,,,,,,,,,,,,,,,,,,,,,,,,,,,,,,,,,,,,,,,,,,,,,,,,,,,,,,,,,,,,,,,,,,
GSM 5401,CCore,CCore,CCore,CCore,CCore,CCore,CCore,CCore,,,,,,,,,,,,,,,,,,,,,,,,,,,,,,,,,,,,,,,,,,,,,,,,,,,,,,,,,,,,,,,,,,,,,,,,,,
GSM 5402,CCore,CCore,CCore,CCore,CCore,CCore,CCore,CCore,,,,,,,,,,,,,,,,,,,,,,,,,,,,,,,,,,,,,,,,,,,,,,,,,,,,,,,,,,,,,,,,,,,,,,,,,,
GSM 5403,CCore,CCore,CCore,CCore,CCore,CCore,CCore,CCore,CCore,CCore,CCore,CCore,CCore,CCore,CCore,,,,,,,,,,,,,,,,,,,,,,,,,,,,,,,,,,,,,,,,,,,,,,,,,,,,,,,,,,,,,,,,,,,
GSM 5404,CCore,CCore,CCore,CCore,CCore,CCore,CCore,CCore,,,,,,,,,,,,,,,,,,,,,,,,,,,,,,,,,,,,,,,,,,,,,,,,,,,,,,,,,,,,,,,,,,,,,,,,,,
GSM 5405,CCore,CCore,CCore,CCore,CCore,CCore,CCore,CCore,,,,,,,,,,,,,,,,,,,,,,,,,,,,,,,,,,,,,,,,,,,,,,,,,,,,,,,,,,,,,,,,,,,,,,,,,,
GSM 5406,CCore,CCore,CCore,CCore,CCore,CCore,CCore,CCore,,,,,,,,,,,,,,,,,,,,,,,,,,,,,,,,,,,,,,,,,,,,,,,,,,,,,,,,,,,,,,,,,,,,,,,,,,
GSM 5407,CCore,CCore,CCore,CCore,CCore,CCore,CCore,CCore,,,,,,,,,,,,,,,,,,,,,,,,,,,,,,,,,,,,,,,,,,,,,,,,,,,,,,,,,,,,,,,,,,,,,,,,,,
GSM 5409,CCore,CCore,CCore,CCore,CCore,CCore,CCore,CCore,CCore,CCore,CCore,CCore,CCore,CCore,CCore,,,,,,,,,,,,,,,,,,,,,,,,,,,,,,,,,,,,,,,,,,,,,,,,,,,,,,,,,,,,,,,,,,,
GSM 5411,CCore,CCore,CCore,CCore,CCore,CCore,CCore,CCore,CCore,CCore,CCore,CCore,CCore,CCore,CCore,,,,,,,,,,,,,,,,,,,,,,,,,,,,,,,,,,,,,,,,,,,,,,,,,,,,,,,,,,,,,,,,,,,
GSM 543,CCore,CCore,CCore,CCore,CCore,CCore,CCore,CCore,CCore,CCore,CCore,CCore,CCore,CCore,CCore,,,,,,,,,,,,,,,,,,,,,,,,,,,,,,,,,,,,,,,,,,,,,,,,,,,,,,,,,,,,,,,,,,,
GSM 547,CCore,CCore,CCore,CCore,CCore,CCore,CCore,CCore,CCore,CCore,CCore,CCore,CCore,CCore,CCore,,,,,,,,,,,,,,,,,,,,,,,,,,,,,,,,,,,,,,,,,,,,,,,,,,,,,,,,,,,,,,,,,,,
GSM 5501,CCore,CCore,CCore,CCore,CCore,CCore,CCore,CCore,CCore,CCore,CCore,CCore,CCore,CCore,CCore,,,,,,,,,,,,,,,,,,,,,,,,,,,,,,,,,,,,,,,,,,,,,,,,,,,,,,,,,,,,,,,,,,,
GSM 5502,CCore,CCore,CCore,CCore,CCore,CCore,CCore,CCore,CCore,CCore,CCore,CCore,CCore,CCore,CCore,,,,,,,,,,,,,,,,,,,,,,,,,,,,,,,,,,,,,,,,,,,,,,,,,,,,,,,,,,,,,,,,,,,
GSM 5503,CCore,CCore,CCore,CCore,CCore,CCore,CCore,CCore,CCore,CCore,CCore,CCore,CCore,CCore,CCore,,,,,,,,,,,,,,,,,,,,,,,,,,,,,,,,,,,,,,,,,,,,,,,,,,,,,,,,,,,,,,,,,,,
GSM 5504,CCore,CCore,CCore,CCore,CCore,CCore,CCore,CCore,,,,,,,,,,,,,,,,,,,,,,,,,,,,,,,,,,,,,,,,,,,,,,,,,,,,,,,,,,,,,,,,,,,,,,,,,,
GSM 5505,CCore,CCore,CCore,CCore,CCore,CCore,CCore,CCore,CCore,CCore,CCore,CCore,CCore,CCore,CCore,,,,,,,,,,,,,,,,,,,,,,,,,,,,,,,,,,,,,,,,,,,,,,,,,,,,,,,,,,,,,,,,,,,
GSM 5506,CCore,CCore,CCore,CCore,CCore,CCore,CCore,CCore,CCore,CCore,CCore,CCore,CCore,CCore,CCore,,,,,,,,,,,,,,,,,,,,,,,,,,,,,,,,,,,,,,,,,,,,,,,,,,,,,,,,,,,,,,,,,,,
GSM 5508,CCore,CCore,CCore,CCore,CCore,CCore,CCore,CCore,CCore,CCore,CCore,CCore,CCore,CCore,CCore,,,,,,,,,,,,,,,,,,,,,,,,,,,,,,,,,,,,,,,,,,,,,,,,,,,,,,,,,,,,,,,,,,,
GSM 551,CCore,CCore,CCore,CCore,CCore,CCore,CCore,CCore,CCore,CCore,CCore,CCore,CCore,CCore,CCore,,,,,,,,,,,,,,,,,,,,,,,,,,,,,,,,,,,,,,,,,,,,,,,,,,,,,,,,,,,,,,,,,,,
GSM 580,CCore,CCore,CCore,CCore,CCore,CCore,CCore,CCore,CCore,CCore,CCore,CCore,CCore,CCore,CCore,,,,,,,,,,,,,,,,,,,,,,,,,,,,,,,,,,,,,,,,,,,,,,,,,,,,,,,,,,,,,,,,,,,
GSM 581,CCore,CCore,CCore,CCore,CCore,CCore,CCore,CCore,CCore,CCore,CCore,CCore,CCore,CCore,CCore,,,,,,,,,,,,,,,,,,,,,,,,,,,,,,,,,,,,,,,,,,,,,,,,,,,,,,,,,,,,,,,,,,,
GSM 582,CCore,CCore,CCore,CCore,CCore,CCore,CCore,CCore,CCore,CCore,CCore,CCore,CCore,CCore,CCore,,,,,,,,,,,,,,,,,,,,,,,,,,,,,,,,,,,,,,,,,,,,,,,,,,,,,,,,,,,,,,,,,,,
GSM 589,CCore,CCore,CCore,CCore,CCore,CCore,CCore,CCore,CCore,CCore,CCore,CCore,CCore,CCore,CCore,,,,,,,,,,,,,,,,,,,,,,,,,,,,,,,,,,,,,,,,,,,,,,,,,,,,,,,,,,,,,,,,,,,
GSM 591,CCore,CCore,CCore,CCore,CCore,CCore,CCore,CCore,CCore,CCore,CCore,CCore,CCore,CCore,CCore,,,,,,,,,,,,,,,,,,,,,,,,,,,,,,,,,,,,,,,,,,,,,,,,,,,,,,,,,,,,,,,,,,,
GSM 592,CCore,CCore,CCore,CCore,CCore,CCore,CCore,CCore,CCore,CCore,CCore,CCore,CCore,CCore,CCore,,,,,,,,,,,,,,,,,,,,,,,,,,,,,,,,,,,,,,,,,,,,,,,,,,,,,,,,,,,,,,,,,,,
GSM 594,CCore,CCore,CCore,CCore,CCore,CCore,CCore,CCore,CCore,CCore,CCore,CCore,CCore,CCore,CCore,,,,,,,,,,,,,,,,,,,,,,,,,,,,,,,,,,,,,,,,,,,,,,,,,,,,,,,,,,,,,,,,,,,
GSM 596,CCore,CCore,CCore,CCore,CCore,CCore,CCore,CCore,CCore,CCore,CCore,CCore,CCore,CCore,CCore,,,,,,,,,,,,,,,,,,,,,,,,,,,,,,,,,,,,,,,,,,,,,,,,,,,,,,,,,,,,,,,,,,,
GSM 598,CCore,CCore,CCore,CCore,CCore,CCore,CCore,CCore,CCore,CCore,CCore,CCore,CCore,CCore,CCore,,,,,,,,,,,,,,,,,,,,,,,,,,,,,,,,,,,,,,,,,,,,,,,,,,,,,,,,,,,,,,,,,,,
GSM 599,CCore,CCore,CCore,CCore,CCore,CCore,CCore,CCore,CCore,CCore,CCore,CCore,CCore,CCore,CCore,,,,,,,,,,,,,,,,,,,,,,,,,,,,,,,,,,,,,,,,,,,,,,,,,,,,,,,,,,,,,,,,,,,
GSM 601,CCore,CCore,CCore,CCore,CCore,CCore,CCore,CCore,CCore,CCore,CCore,CCore,CCore,CCore,CCore,,,,,,,,,,,,,,,,,,,,,,,,,,,,,,,,,,,,,,,,,,,,,,,,,,,,,,,,,,,,,,,,,,,
GSM 602,CCore,CCore,CCore,CCore,CCore,CCore,CCore,CCore,CCore,CCore,CCore,CCore,CCore,CCore,CCore,,,,,,,,,,,,,,,,,,,,,,,,,,,,,,,,,,,,,,,,,,,,,,,,,,,,,,,,,,,,,,,,,,,
GSM 608,CCore,CCore,CCore,CCore,CCore,CCore,CCore,CCore,CCore,CCore,CCore,CCore,CCore,CCore,CCore,,,,,,,,,,,,,,,,,,,,,,,,,,,,,,,,,,,,,,,,,,,,,,,,,,,,,,,,,,,,,,,,,,,
GSM 611,CCore,CCore,CCore,CCore,CCore,CCore,CCore,CCore,,,,,,,,,,,,,,,,,,,,,,,,,,,,,,,,,,,,,,,,,,,,,,,,,,,,,,,,,,,,,,,,,,,,,,,,,,
GSM 612,CCore,CCore,CCore,CCore,CCore,CCore,CCore,CCore,CCore,CCore,CCore,CCore,CCore,CCore,CCore,,,,,,,,,,,,,,,,,,,,,,,,,,,,,,,,,,,,,,,,,,,,,,,,,,,,,,,,,,,,,,,,,,,
GSM 613,CCore,CCore,CCore,CCore,CCore,CCore,CCore,CCore,CCore,CCore,CCore,CCore,CCore,CCore,CCore,,,,,,,,,,,,,,,,,,,,,,,,,,,,,,,,,,,,,,,,,,,,,,,,,,,,,,,,,,,,,,,,,,,
GSM 617,CCore,CCore,CCore,CCore,CCore,CCore,CCore,CCore,CCore,CCore,CCore,CCore,CCore,CCore,CCore,,,,,,,,,,,,,,,,,,,,,,,,,,,,,,,,,,,,,,,,,,,,,,,,,,,,,,,,,,,,,,,,,,,
GSM 618,CCore,CCore,CCore,CCore,CCore,CCore,CCore,CCore,CCore,CCore,CCore,CCore,CCore,CCore,CCore,,,,,,,,,,,,,,,,,,,,,,,,,,,,,,,,,,,,,,,,,,,,,,,,,,,,,,,,,,,,,,,,,,,
GSM 671,CCore,CCore,CCore,CCore,CCore,CCore,CCore,CCore,CCore,CCore,CCore,CCore,CCore,CCore,CCore,,,,,,,,,,,,,,,,,,,,,,,,,,,,,,,,,,,,,,,,,,,,,,,,,,,,,,,,,,,,,,,,,,,
GSM 681,CCore,CCore,CCore,CCore,CCore,CCore,CCore,CCore,CCore,CCore,CCore,CCore,CCore,CCore,CCore,,,,,,,,,,,,,,,,,,,,,,,,,,,,,,,,,,,,,,,,,,,,,,,,,,,,,,,,,,,,,,,,,,,
GSM 682,CCore,CCore,CCore,CCore,,,,,,,,,,,,,,,,,,,,,,,,,,,,,,,,,,,,,,,,,,,,,,,,,,,,,,,,,,,,,,,,,,,,,,,,,,,,,,
GSM 691,CCore,CCore,CCore,CCore,CCore,CCore,CCore,CCore,CCore,CCore,CCore,CCore,CCore,CCore,CCore,,,,,,,,,,,,,,,,,,,,,,,,,,,,,,,,,,,,,,,,,,,,,,,,,,,,,,,,,,,,,,,,,,,
GSM 699,CCore,CCore,CCore,CCore,CCore,CCore,CCore,,,,,,,,,,,,,,,,,,,,,,,,,,,,,,,,,,,,,,,,,,,,,,,,,,,,,,,,,,,,,,,,,,,,,,,,,,,
MGMT 999,,,,,,,,,,,,,,,,PProject,PProject,PProject,PProject,PProject,PProject,PProject,PProject,PProject,PProject,PProject,PProject,PProject,PProject,PProject,PProject,PProject,PProject,PProject,PProject,PProject,PProject,PProject,PProject,PProject,PProject,PProject,PProject,PProject,PProject,PProject,PProject,PProject,PProject,PProject,PProject,PProject,PProject,PProject,PProject,PProject,PProject,PProject,PProject,PProject,PProject,PProject,PProject,PProject,PProject,PProject,PProject,PProject,PProject,PProject,PProject,PProject,PProject,PProject,PProject,PProject,PProject,PProject,PProject,PProject,PProject,PProject
ACC 901,,,,,,,,,,,,,,,,RRequired,RRequired,RRequired,RRequired,RRequired,RRequired,RRequired,RRequired,RRequired,RRequired,RRequired,RRequired,RRequired,RRequired,RRequired,RRequired,RRequired,RRequired,RRequired,RRequired,RRequired,RRequired,RRequired,RRequired,RRequired,RRequired,RRequired,RRequired,RRequired,RRequired,RRequired,RRequired,RRequired,RRequired,RRequired,RRequired,RRequired,RRequired,RRequired,RRequired,RRequired,RRequired,RRequired,RRequired,RRequired,RRequired,RRequired,RRequired,RRequired,RRequired,RRequired,RRequired,RRequired,RRequired,RRequired,RRequired,RRequired,RRequired,RRequired,RRequired,RRequired,RRequired,RRequired,RRequired,RRequired,RRequired,RRequired
ACC 902,,,,,,,,,,,,,,,,RRequired,RRequired,RRequired,RRequired,RRequired,RRequired,RRequired,RRequired,RRequired,RRequired,RRequired,RRequired,RRequired,RRequired,RRequired,RRequired,RRequired,RRequired,RRequired,RRequired,RRequired,RRequired,RRequired,RRequired,RRequired,RRequired,RRequired,RRequired,RRequired,RRequired,RRequired,RRequired,RRequired,RRequired,RRequired,RRequired,CElective,CElective,CElective,CElective,CElective,CElective,CElective,CElective,CElective,CElective,CElective,CElective,CElective,CElective,CElective,CElective,CElective,CElective,CElective,CElective,CElective,CElective,CElective,CElective,CElective,CElective,CElective,CElective,CElective,CElective,CElective
FIN 901,,,,,,,,,,,,,,,,RRequired,RRequired,RRequired,RRequired,RRequired,RRequired,RRequired,RRequired,RRequired,,,,,,,,,,,,,,,,,,,,,,,,,,,,,,,,,,,,,,,,,,,,,,,,,,,,,,,,,,
FIN 902,,,,,,,,,,,,,,,,RRequired,RRequired,RRequired,RRequired,RRequired,RRequired,RRequired,RRequired,RRequired,RRequired,RRequired,RRequired,RRequired,RRequired,RRequired,RRequired,RRequired,RRequired,RRequired,RRequired,RRequired,RRequired,RRequired,RRequired,RRequired,RRequired,RRequired,RRequired,RRequired,RRequired,RRequired,RRequired,RRequired,RRequired,RRequired,RRequired,RRequired,RRequired,RRequired,RRequired,RRequired,RRequired,RRequired,RRequired,RRequired,RRequired,RRequired,RRequired,RRequired,RRequired,RRequired,RRequired,RRequired,RRequired,RRequired,RRequired,RRequired,RRequired,RRequired,RRequired,RRequired,RRequired,RRequired,RRequired,RRequired,RRequired,RRequired
MGMT 900,,,,,,,,,,,,,,,,RRequired,RRequired,RRequired,RRequired,RRequired,RRequired,RRequired,RRequired,RRequired,RRequired,RRequired,RRequired,RRequired,RRequired,RRequired,RRequired,RRequired,RRequired,RRequired,RRequired,RRequired,RRequired,RRequired,RRequired,RRequired,RRequired,RRequired,RRequired,RRequired,RRequired,RRequired,RRequired,RRequired,RRequired,RRequired,RRequired,RRequired,RRequired,RRequired,RRequired,RRequired,RRequired,RRequired,RRequired,RRequired,RRequired,RRequired,RRequired,RRequired,RRequired,RRequired,RRequired,RRequired,RRequired,RRequired,RRequired,RRequired,RRequired,RRequired,RRequired,,,,,,,
MGMT 901,,,,,,,,,,,,,,,,RRequired,RRequired,RRequired,RRequired,RRequired,RRequired,RRequired,RRequired,RRequired,RRequired,RRequired,RRequired,RRequired,RRequired,RRequired,RRequired,RRequired,RRequired,RRequired,RRequired,RRequired,RRequired,RRequired,RRequired,RRequired,RRequired,RRequired,RRequired,RRequired,RRequired,RRequired,RRequired,RRequired,RRequired,RRequired,RRequired,RRequired,RRequired,RRequired,RRequired,RRequired,RRequired,RRequired,RRequired,RRequired,RRequired,RRequired,RRequired,RRequired,RRequired,RRequired,RRequired,RRequired,RRequired,RRequired,RRequired,RRequired,RRequired,RRequired,RRequired,RRequired,RRequired,RRequired,RRequired,RRequired,RRequired,RRequired
MGMT 902,,,,,,,,,,,,,,,,RRequired,RRequired,RRequired,RRequired,RRequired,RRequired,RRequired,RRequired,RRequired,,,,,,,,,,,,,,,,,,,,,,,,,,,,,,,,,,,,,,,,,,,,,,,,,,,,,,,,,,
MGMT 903,,,,,,,,,,,,,,,,RRequired,RRequired,RRequired,RRequired,RRequired,RRequired,RRequired,RRequired,RRequired,RRequired,RRequired,RRequired,RRequired,RRequired,RRequired,RRequired,RRequired,RRequired,RRequired,RRequired,RRequired,RRequired,RRequired,RRequired,RRequired,RRequired,RRequired,RRequired,RRequired,RRequired,RRequired,RRequired,RRequired,RRequired,RRequired,RRequired,,,,,,,,,,,,,,,,,,,,,,,,,,,,,,,
MGMT 905,,,,,,,,,,,,,,,,RRequired,RRequired,RRequired,RRequired,RRequired,RRequired,RRequired,RRequired,RRequired,RRequired,RRequired,RRequired,RRequired,RRequired,RRequired,RRequired,RRequired,RRequired,RRequired,RRequired,RRequired,RRequired,RRequired,RRequired,RRequired,RRequired,RRequired,RRequired,RRequired,RRequired,RRequired,RRequired,RRequired,RRequired,RRequired,RRequired,RRequired,RRequired,RRequired,RRequired,RRequired,RRequired,RRequired,RRequired,RRequired,RRequired,RRequired,RRequired,RRequired,RRequired,RRequired,RRequired,RRequired,RRequired,RRequired,RRequired,RRequired,RRequired,RRequired,RRequired,RRequired,RRequired,RRequired,RRequired,RRequired,RRequired,RRequired
MGMT 910,,,,,,,,,,,,,,,,RRequired,RRequired,RRequired,RRequired,RRequired,RRequired,RRequired,RRequired,RRequired,RRequired,RRequired,RRequired,RRequired,RRequired,RRequired,RRequired,RRequired,RRequired,RRequired,RRequired,RRequired,RRequired,RRequired,RRequired,RRequired,RRequired,RRequired,RRequired,RRequired,RRequired,RRequired,RRequired,RRequired,RRequired,RRequired,RRequired,RRequired,RRequired,RRequired,RRequired,RRequired,RRequired,RRequired,RRequired,RRequired,RRequired,RRequired,RRequired,RRequired,RRequired,RRequired,RRequired,RRequired,RRequired,RRequired,RRequired,RRequired,RRequired,RRequired,RRequired,RRequired,RRequired,RRequired,RRequired,RRequired,RRequired,RRequired
MGMT 911,,,,,,,,,,,,,,,,RRequired,RRequired,RRequired,RRequired,RRequired,RRequired,RRequired,RRequired,RRequired,RRequired,RRequired,RRequired,RRequired,RRequired,RRequired,RRequired,RRequired,RRequired,RRequired,RRequired,RRequired,RRequired,RRequired,RRequired,RRequired,RRequired,RRequired,RRequired,RRequired,RRequired,RRequired,RRequired,RRequired,RRequired,RRequired,RRequired,RRequired,RRequired,RRequired,RRequired,RRequired,RRequired,RRequired,RRequired,RRequired,RRequired,RRequired,RRequired,RRequired,RRequired,RRequired,CElective,CElective,CElective,CElective,CElective,CElective,CElective,CElective,CElective,CElective,CElective,CElective,CElective,CElective,CElective,CElective
MKTG 901,,,,,,,,,,,,,,,,RRequired,RRequired,RRequired,RRequired,RRequired,RRequired,RRequired,RRequired,RRequired,RRequired,RRequired,RRequired,RRequired,RRequired,RRequired,RRequired,RRequired,RRequired,RRequired,RRequired,RRequired,RRequired,RRequired,RRequired,RRequired,RRequired,RRequired,RRequired,RRequired,RRequired,RRequired,RRequired,RRequired,RRequired,RRequired,RRequired,RRequired,RRequired,RRequired,RRequired,RRequired,RRequired,RRequired,RRequired,RRequired,RRequired,RRequired,RRequired,RRequired,RRequired,RRequired,RRequired,RRequired,RRequired,RRequired,RRequired,RRequired,RRequired,RRequired,RRequired,RRequired,RRequired,RRequired,RRequired,RRequired,RRequired,RRequired
MKTG 902,,,,,,,,,,,,,,,,RRequired,RRequired,RRequired,RRequired,RRequired,RRequired,RRequired,RRequired,RRequired,,,,,,,,,,,,,,,,,,,,,,,,,,,,,,,,,,,,,,,,,,,,,,,,,,,,,,,,,,
OPIM 902,,,,,,,,,,,,,,,,RRequired,RRequired,RRequired,RRequired,RRequired,RRequired,RRequired,RRequired,RRequired,RRequired,RRequired,RRequired,RRequired,RRequired,RRequired,RRequired,RRequired,RRequired,RRequired,RRequired,RRequired,RRequired,RRequired,RRequired,RRequired,RRequired,RRequired,RRequired,RRequired,RRequired,RRequired,RRequired,RRequired,RRequired,RRequired,RRequired,RRequired,RRequired,RRequired,RRequired,RRequired,RRequired,RRequired,RRequired,RRequired,RRequired,RRequired,RRequired,RRequired,RRequired,RRequired,RRequired,RRequired,RRequired,RRequired,RRequired,RRequired,RRequired,RRequired,RRequired,RRequired,RRequired,RRequired,RRequired,RRequired,RRequired,RRequired
OPIM 903,,,,,,,,,,,,,,,,RRequired,RRequired,RRequired,RRequired,RRequired,RRequired,RRequired,RRequired,RRequired,,,,,,,,,,,,,,,,,,,,,,,,,,,,,,,,,,,,,,,,,,,,,,,,,,,,,,,,,,
OPIM 904,,,,,,,,,,,,,,,,RRequired,RRequired,RRequired,RRequired,RRequired,RRequired,RRequired,RRequired,RRequired,,,,CCore,CCore,CCore,CCore,CCore,CCore,CCore,CCore,CCore,CElective,CElective,CElective,CElective,CElective,CElective,CElective,CElective,CElective,CElective,CElective,CElective,CElective,CElective,CElective,CElective,CElective,CElective,CElective,CElective,CElective,CElective,CElective,CElective,CElective,CElective,CElective,CElective,CElective,CElective,CElective,CElective,CElective,CElective,CElective,CElective,CElective,CElective,CElective,CElective,CElective,CElective,CElective,CElective,CElective,CElective
ORG 902,,,,,,,,,,,,,,,,RRequired,RRequired,RRequired,RRequired,RRequired,RRequired,RRequired,RRequired,RRequired,RRequired,RRequired,RRequired,RRequired,RRequired,RRequired,RRequired,RRequired,RRequired,RRequired,RRequired,RRequired,RRequired,RRequired,RRequired,RRequired,RRequired,RRequired,RRequired,RRequired,RRequired,RRequired,RRequired,RRequired,RRequired,RRequired,RRequired,RRequired,RRequired,RRequired,RRequired,RRequired,RRequired,RRequired,RRequired,RRequired,RRequired,RRequired,RRequired,RRequired,RRequired,RRequired,RRequired,RRequired,RRequired,RRequired,RRequired,RRequired,RRequired,RRequired,RRequired,RRequired,RRequired,RRequired,RRequired,RRequired,RRequired,RRequired
FIN 951,,,,,,,,,,,,,,,,CCore,CCore,CCore,CCore,CCore,CCore,CCore,CCore,CCore,CCore,CCore,CCore,CCore,CCore,CCore,CCore,CCore,CCore,CCore,CCore,CCore,CElective,CElective,CElective,CElective,CElective,CElective,CElective,CElective,CElective,CElective,CElective,CElective,CElective,CElective,CElective,CElective,CElective,CElective,CElective,CElective,CElective,CElective,CElective,CElective,CElective,CElective,CElective,CElective,CElective,CElective,CElective,CElective,CElective,CElective,CElective,CElective,CElective,CElective,CElective,CElective,CElective,CElective,CElective,CElective,CElective,CElective
FIN 953,,,,,,,,,,,,,,,,CCore,CCore,CCore,CCore,CCore,CCore,CCore,CCore,CCore,CCore,CCore,CCore,CCore,CCore,CCore,CCore,CCore,CCore,CCore,CCore,CCore,CElective,CElective,CElective,CElective,CElective,CElective,CElective,CElective,CElective,CElective,CElective,CElective,CElective,CElective,CElective,CElective,CElective,CElective,CElective,CElective,CElective,CElective,CElective,CElective,CElective,CElective,CElective,CElective,CElective,CElective,CElective,CElective,CElective,CElective,CElective,CElective,CElective,CElective,CElective,CElective,CElective,CElective,CElective,CElective,CElective,CElective
MGMT 951,,,,,,,,,,,,,,,,CCore,CCore,CCore,CCore,CCore,CCore,CCore,CCore,CCore,CCore,CCore,CCore,CCore,CCore,CCore,CCore,CCore,CCore,CCore,CCore,CCore,CElective,CElective,CElective,CElective,CElective,CElective,CElective,CElective,CElective,CElective,CElective,CElective,CElective,CElective,CElective,CElective,CElective,CElective,CElective,CElective,CElective,CElective,CElective,CElective,CElective,CElective,CElective,CElective,CElective,CElective,CElective,CElective,CElective,CElective,CElective,CElective,CElective,CElective,CElective,CElective,CElective,CElective,CElective,CElective,CElective,CElective
MGMT 953,,,,,,,,,,,,,,,,CCore,CCore,CCore,CCore,CCore,CCore,CCore,CCore,CCore,CCore,CCore,CCore,CCore,CCore,CCore,CCore,CCore,CCore,CCore,CCore,CCore,CElective,CElective,CElective,CElective,CElective,CElective,CElective,CElective,CElective,CElective,CElective,CElective,CElective,CElective,CElective,CElective,CElective,CElective,CElective,CElective,CElective,CElective,CElective,CElective,CElective,CElective,CElective,CElective,CElective,CElective,CElective,CElective,CElective,CElective,CElective,CElective,CElective,CElective,CElective,CElective,CElective,CElective,CElective,CElective,CElective,CElective
MKTG 951,,,,,,,,,,,,,,,,CCore,CCore,CCore,CCore,CCore,CCore,CCore,CCore,CCore,CCore,CCore,CCore,CCore,CCore,CCore,CCore,CCore,CCore,CCore,CCore,CCore,CElective,CElective,CElective,CElective,CElective,CElective,CElective,CElective,CElective,CElective,CElective,CElective,CElective,CElective,CElective,CElective,CElective,CElective,CElective,CElective,CElective,CElective,CElective,CElective,CElective,CElective,CElective,CElective,CElective,CElective,CElective,CElective,CElective,CElective,CElective,CElective,CElective,CElective,CElective,CElective,CElective,CElective,CElective,CElective,CElective,CElective
MKTG 953,,,,,,,,,,,,,,,,CCore,CCore,CCore,CCore,CCore,CCore,CCore,CCore,CCore,CCore,CCore,CCore,CCore,CCore,CCore,CCore,CCore,CCore,CCore,CCore,CCore,CElective,CElective,CElective,CElective,CElective,CElective,CElective,CElective,CElective,CElective,CElective,CElective,CElective,CElective,CElective,CElective,CElective,CElective,CElective,CElective,CElective,CElective,CElective,CElective,CElective,CElective,CElective,CElective,CElective,CElective,CElective,CElective,CElective,CElective,CElective,CElective,CElective,CElective,CElective,CElective,CElective,CElective,CElective,CElective,CElective,CElective
MKTG 955,,,,,,,,,,,,,,,,CCore,CCore,CCore,CCore,CCore,CCore,CCore,CCore,CCore,CCore,CCore,CCore,CCore,CCore,CCore,CCore,CCore,CCore,CCore,CCore,CCore,,,,,,,,,,,,,,,,,,,,,,,,,,,,,,,,,,,,,,,,,,,,,,
OPIM 951,,,,,,,,,,,,,,,,CCore,CCore,CCore,CCore,CCore,CCore,CCore,CCore,CCore,CCore,CCore,CCore,CCore,CCore,CCore,CCore,CCore,CCore,CCore,CCore,CCore,CElective,CElective,CElective,CElective,CElective,CElective,CElective,CElective,CElective,CElective,CElective,CElective,CElective,CElective,CElective,CElective,CElective,CElective,CElective,CElective,CElective,CElective,CElective,CElective,CElective,CElective,CElective,CElective,CElective,CElective,CElective,CElective,CElective,CElective,CElective,CElective,CElective,CElective,CElective,CElective,CElective,CElective,CElective,CElective,CElective,CElective
FIN 955,,,,,,,,,,,,,,,,,,,CCore,CCore,CCore,CCore,CCore,CCore,CCore,CCore,CCore,CCore,CCore,CCore,CCore,CCore,CCore,CCore,CCore,CCore,CElective,CElective,CElective,CElective,CElective,CElective,CElective,CElective,CElective,CElective,CElective,CElective,CElective,CElective,CElective,CElective,CElective,CElective,CElective,CElective,CElective,CElective,CElective,CElective,CElective,CElective,CElective,CElective,CElective,CElective,CElective,CElective,CElective,CElective,CElective,CElective,CElective,CElective,CElective,CElective,CElective,CElective,CElective,CElective,CElective,CElective
FIN 957,,,,,,,,,,,,,,,,,,,CCore,CCore,CCore,CCore,CCore,CCore,CCore,CCore,CCore,CCore,CCore,CCore,CCore,CCore,CCore,CCore,CCore,CCore,,,,,,,,,,,,,,,,,,,,,,,,,,,,,,,,,,,,,,,,,,,,,,
MGMT 955,,,,,,,,,,,,,,,,,,,CCore,CCore,CCore,CCore,CCore,CCore,CCore,CCore,CCore,CCore,CCore,CCore,CCore,CCore,CCore,CCore,CCore,CCore,CElective,CElective,CElective,CElective,CElective,CElective,CElective,CElective,CElective,CElective,CElective,CElective,CElective,CElective,CElective,CElective,CElective,CElective,CElective,CElective,CElective,CElective,CElective,CElective,CElective,CElective,CElective,CElective,CElective,CElective,CElective,CElective,CElective,CElective,CElective,CElective,CElective,CElective,CElective,CElective,CElective,CElective,CElective,CElective,CElective,CElective
MKTG 957,,,,,,,,,,,,,,,,,,,CCore,CCore,CCore,CCore,CCore,CCore,CCore,CCore,CCore,CCore,CCore,CCore,CCore,CCore,CCore,CCore,CCore,CCore,CElective,CElective,CElective,CElective,CElective,CElective,CElective,CElective,CElective,CElective,CElective,CElective,CElective,CElective,CElective,CElective,CElective,CElective,CElective,CElective,CElective,CElective,CElective,CElective,CElective,CElective,CElective,CElective,CElective,CElective,CElective,CElective,CElective,CElective,CElective,CElective,CElective,CElective,CElective,CElective,CElective,CElective,CElective,CElective,CElective,CElective
OPIM 953,,,,,,,,,,,,,,,,,,,CCore,CCore,CCore,CCore,CCore,CCore,CCore,CCore,CCore,CCore,CCore,CCore,CCore,CCore,CCore,CCore,CCore,CCore,CElective,CElective,CElective,CElective,CElective,CElective,CElective,CElective,CElective,CElective,CElective,CElective,CElective,CElective,CElective,CElective,CElective,CElective,CElective,CElective,CElective,CElective,CElective,CElective,CElective,CElective,CElective,CElective,CElective,CElective,CElective,CElective,CElective,CElective,CElective,CElective,CElective,CElective,CElective,CElective,CElective,CElective,CElective,CElective,CElective,CElective
MGMT 904,,,,,,,,,,,,,,,,,,,,,,,,,RRequired,RRequired,RRequired,RRequired,RRequired,RRequired,RRequired,RRequired,RRequired,RRequired,RRequired,RRequired,RRequired,RRequired,RRequired,RRequired,RRequired,RRequired,RRequired,RRequired,RRequired,RRequired,RRequired,RRequired,,,,,,,,,,,,,,,,,,,,,,,,,,,,,,,,,,
FIN 959,,,,,,,,,,,,,,,,,,,,,,,,,CCore,CCore,CCore,CCore,CCore,CCore,CCore,CCore,CCore,CCore,CCore,CCore,CElective,CElective,CElective,CElective,CElective,CElective,CElective,CElective,CElective,CElective,CElective,CElective,CElective,CElective,CElective,CElective,CElective,CElective,CElective,CElective,CElective,CElective,CElective,CElective,CElective,CElective,CElective,CElective,CElective,CElective,CElective,CElective,CElective,CElective,CElective,CElective,CElective,CElective,CElective,CElective,CElective,CElective,CElective,CElective,CElective,CElective
MGMT 957,,,,,,,,,,,,,,,,,,,,,,,,,CCore,CCore,CCore,CCore,CCore,CCore,CCore,CCore,CCore,CCore,CCore,CCore,CElective,CElective,CElective,CElective,CElective,CElective,CElective,CElective,CElective,CElective,CElective,CElective,CElective,CElective,CElective,CElective,CElective,CElective,CElective,CElective,CElective,CElective,CElective,CElective,CElective,CElective,CElective,CElective,CElective,CElective,CElective,CElective,CElective,CElective,CElective,CElective,CElective,CElective,CElective,CElective,CElective,CElective,CElective,CElective,CElective,CElective
FIN 910,,,,,,,,,,,,,,,,,,,,,,,,,,,,CCore,CCore,CCore,CCore,CCore,CCore,CCore,CCore,CCore,CElective,CElective,CElective,CElective,CElective,CElective,CElective,CElective,CElective,CElective,CElective,CElective,CElective,CElective,CElective,CElective,CElective,CElective,CElective,CElective,CElective,CElective,CElective,CElective,CElective,CElective,CElective,,,,,,,,,,,,,,,,,,,
FIN 954,,,,,,,,,,,,,,,,,,,,,,,,,,,,,,,,,,CCore,CCore,CCore,CElective,CElective,CElective,CElective,CElective,CElective,CElective,CElective,CElective,CElective,CElective,CElective,CElective,CElective,CElective,CElective,CElective,CElective,CElective,CElective,CElective,CElective,CElective,CElective,CElective,CElective,CElective,CElective,CElective,CElective,CElective,CElective,CElective,CElective,CElective,CElective,CElective,CElective,CElective,CElective,CElective,CElective,CElective,CElective,CElective,CElective
MGMT 915,,,,,,,,,,,,,,,,,,,,,,,,,,,,,,,,,,CCore,CCore,CCore,CElective,CElective,CElective,CElective,CElective,CElective,CElective,CElective,CElective,CElective,CElective,CElective,CElective,CElective,CElective,CElective,CElective,CElective,CElective,CElective,CElective,CElective,CElective,CElective,CElective,CElective,CElective,CElective,CElective,CElective,CElective,CElective,CElective,CElective,CElective,CElective,CElective,CElective,CElective,CElective,CElective,CElective,CElective,CElective,CElective,CElective
MGMT 959,,,,,,,,,,,,,,,,,,,,,,,,,,,,,,,,,,CCore,CCore,CCore,CElective,CElective,CElective,CElective,CElective,CElective,CElective,CElective,CElective,CElective,CElective,CElective,CElective,CElective,CElective,CElective,CElective,CElective,CElective,CElective,CElective,CElective,CElective,CElective,CElective,CElective,CElective,CElective,CElective,CElective,CElective,CElective,CElective,CElective,CElective,CElective,CElective,CElective,CElective,CElective,CElective,CElective,CElective,CElective,CElective,CElective
MGMT 963,,,,,,,,,,,,,,,,,,,,,,,,,,,,,,,,,,CCore,CCore,CCore,CElective,CElective,CElective,CElective,CElective,CElective,CElective,CElective,CElective,CElective,CElective,CElective,CElective,CElective,CElective,CElective,CElective,CElective,CElective,CElective,CElective,CElective,CElective,CElective,CElective,CElective,CElective,CElective,CElective,CElective,CElective,CElective,CElective,CElective,CElective,CElective,CElective,CElective,CElective,CElective,CElective,CElective,CElective,CElective,CElective,CElective
MKTG 905,,,,,,,,,,,,,,,,,,,,,,,,,,,,,,,,,,CCore,CCore,CCore,CElective,CElective,CElective,CElective,CElective,CElective,CElective,CElective,CElective,CElective,CElective,CElective,CElective,CElective,CElective,CElective,CElective,CElective,CElective,CElective,CElective,CElective,CElective,CElective,CElective,CElective,CElective,CElective,CElective,CElective,CElective,CElective,CElective,CElective,CElective,CElective,CElective,CElective,CElective,CElective,CElective,CElective,CElective,CElective,CElective,CElective
OPIM 905,,,,,,,,,,,,,,,,,,,,,,,,,,,,,,,,,,CCore,CCore,CCore,CElective,CElective,CElective,CElective,CElective,CElective,CElective,CElective,CElective,CElective,CElective,CElective,CElective,CElective,CElective,CElective,CElective,CElective,CElective,CElective,CElective,CElective,CElective,CElective,CElective,CElective,CElective,CElective,CElective,CElective,CElective,CElective,CElective,CElective,CElective,CElective,CElective,CElective,CElective,CElective,CElective,CElective,CElective,CElective,CElective,CElective
ACC 905,,,,,,,,,,,,,,,,,,,,,,,,,,,,,,,,,,,,,CElective,CElective,CElective,CElective,CElective,CElective,CElective,CElective,CElective,CElective,CElective,CElective,CElective,CElective,CElective,CElective,CElective,CElective,CElective,CElective,CElective,CElective,CElective,CElective,CElective,CElective,CElective,CElective,CElective,CElective,CElective,CElective,CElective,CElective,CElective,CElective,CElective,CElective,CElective,CElective,CElective,CElective,CElective,CElective,CElective,CElective
ACC 906,,,,,,,,,,,,,,,,,,,,,,,,,,,,,,,,,,,,,CElective,CElective,CElective,CElective,CElective,CElective,CElective,CElective,CElective,CElective,CElective,CElective,CElective,CElective,CElective,CElective,CElective,CElective,CElective,CElective,CElective,CElective,CElective,CElective,CElective,CElective,CElective,CElective,CElective,CElective,CElective,CElective,CElective,CElective,CElective,CElective,CElective,CElective,CElective,CElective,CElective,CElective,CElective,CElective,CElective,CElective
FIN 956,,,,,,,,,,,,,,,,,,,,,,,,,,,,,,,,,,,,,CElective,CElective,CElective,CElective,CElective,CElective,CElective,CElective,CElective,CElective,CElective,CElective,CElective,CElective,CElective,CElective,CElective,CElective,CElective,CElective,CElective,CElective,CElective,CElective,CElective,CElective,CElective,CElective,CElective,CElective,CElective,CElective,CElective,CElective,CElective,CElective,CElective,CElective,CElective,CElective,CElective,CElective,CElective,CElective,CElective,CElective
MGMT 921,,,,,,,,,,,,,,,,,,,,,,,,,,,,,,,,,,,,,CElective,CElective,CElective,CElective,CElective,CElective,CElective,CElective,CElective,CElective,CElective,CElective,CElective,CElective,CElective,CElective,CElective,CElective,CElective,CElective,CElective,CElective,CElective,CElective,CElective,CElective,CElective,CElective,CElective,CElective,CElective,CElective,CElective,CElective,CElective,CElective,CElective,CElective,CElective,CElective,CElective,CElective,CElective,CElective,CElective,CElective
MGMT 961,,,,,,,,,,,,,,,,,,,,,,,,,,,,,,,,,,,,,CElective,CElective,CElective,CElective,CElective,CElective,CElective,CElective,CElective,CElective,CElective,CElective,CElective,CElective,CElective,CElective,CElective,CElective,CElective,CElective,CElective,CElective,CElective,CElective,CElective,CElective,CElective,CElective,CElective,CElective,CElective,CElective,CElective,CElective,CElective,CElective,CElective,CElective,CElective,CElective,CElective,CElective,CElective,CElective,CElective,CElective
MKTG 907,,,,,,,,,,,,,,,,,,,,,,,,,,,,,,,,,,,,,CElective,CElective,CElective,CElective,CElective,CElective,CElective,CElective,CElective,CElective,CElective,CElective,CElective,CElective,CElective,CElective,CElective,CElective,CElective,CElective,CElective,CElective,CElective,CElective,CElective,CElective,CElective,CElective,CElective,CElective,CElective,CElective,CElective,CElective,CElective,CElective,CElective,CElective,CElective,CElective,CElective,CElective,CElective,CElective,CElective,CElective
MGMT 920,,,,,,,,,,,,,,,,,,,,,,,,,,,,,,,,,,,,,,,,CElective,CElective,CElective,CElective,CElective,CElective,CElective,CElective,CElective,CElective,CElective,CElective,CElective,CElective,CElective,CElective,CElective,CElective,CElective,CElective,CElective,CElective,CElective,CElective,CElective,CElective,CElective,CElective,CElective,CElective,CElective,CElective,CElective,CElective,CElective,CElective,CElective,CElective,CElective,CElective,CElective,CElective,CElective
FIN 958,,,,,,,,,,,,,,,,,,,,,,,,,,,,,,,,,,,,,,,,,,,,,,,,,CElective,CElective,CElective,CElective,CElective,CElective,CElective,CElective,CElective,CElective,CElective,CElective,CElective,CElective,CElective,CElective,CElective,CElective,CElective,CElective,CElective,CElective,CElective,CElective,CElective,CElective,CElective,CElective,CElective,CElective,CElective,CElective,CElective,CElective
MKTG 909,,,,,,,,,,,,,,,,,,,,,,,,,,,,,,,,,,,,,,,,,,,,,,,,,CElective,CElective,CElective,CElective,CElective,CElective,CElective,CElective,CElective,CElective,CElective,CElective,CElective,CElective,CElective,CElective,CElective,CElective,CElective,CElective,CElective,CElective,CElective,CElective,CElective,CElective,CElective,CElective,CElective,CElective,CElective,CElective,CElective,CElective
MGMT 914,,,,,,,,,,,,,,,,,,,,,,,,,,,,,,,,,,,,,,,,,,,,,,,,,,,,RRequired,RRequired,RRequired,RRequired,RRequired,RRequired,RRequired,RRequired,RRequired,RRequired,RRequired,RRequired,RRequired,RRequired,RRequired,RRequired,RRequired,RRequired,RRequired,RRequired,RRequired,RRequired,RRequired,RRequired,RRequired,RRequired,RRequired,RRequired,RRequired,RRequired,RRequired
MGMT 918,,,,,,,,,,,,,,,,,,,,,,,,,,,,,,,,,,,,,,,,,,,,,,,,,,,,CElective,CElective,CElective,CElective,CElective,CElective,CElective,CElective,CElective,CElective,CElective,CElective,CElective,CElective,CElective,CElective,CElective,CElective,CElective,CElective,CElective,CElective,CElective,CElective,CElective,CElective,CElective,CElective,CElective,CElective,CElective
MGMT 919,,,,,,,,,,,,,,,,,,,,,,,,,,,,,,,,,,,,,,,,,,,,,,,,,,,,CElective,CElective,CElective,CElective,CElective,CElective,CElective,CElective,CElective,CElective,CElective,CElective,CElective,CElective,CElective,CElective,CElective,CElective,CElective,CElective,CElective,CElective,CElective,CElective,CElective,CElective,CElective,CElective,CElective,CElective,CElective
MGMT 964,,,,,,,,,,,,,,,,,,,,,,,,,,,,,,,,,,,,,,,,,,,,,,,,,,,,CElective,CElective,CElective,CElective,CElective,CElective,CElective,CElective,CElective,CElective,CElective,CElective,CElective,CElective,CElective,CElective,CElective,CElective,CElective,CElective,CElective,CElective,CElective,CElective,CElective,CElective,CElective,CElective,CElective,CElective,CElective
MGMT 980,,,,,,,,,,,,,,,,,,,,,,,,,,,,,,,,,,,,,,,,,,,,,,,,,,,,CElective,CElective,CElective,CElective,CElective,CElective,CElective,CElective,CElective,CElective,CElective,CElective,CElective,CElective,CElective,CElective,CElective,CElective,CElective,CElective,CElective,CElective,CElective,CElective,CElective,CElective,CElective,CElective,CElective,CElective,CElective
MGMT 930,,,,,,,,,,,,,,,,,,,,,,,,,,,,,,,,,,,,,,,,,,,,,,,,,,,,,,,CElective,CElective,CElective,CElective,CElective,CElective,CElective,CElective,CElective,CElective,CElective,CElective,CElective,CElective,CElective,CElective,CElective,CElective,CElective,CElective,CElective,CElective,CElective,CElective,CElective,CElective,CElective,CElective
MGMT 940,,,,,,,,,,,,,,,,,,,,,,,,,,,,,,,,,,,,,,,,,,,,,,,,,,,,,,,CElective,CElective,CElective,CElective,CElective,CElective,CElective,CElective,CElective,CElective,CElective,CElective,CElective,CElective,CElective,CElective,CElective,CElective,CElective,CElective,CElective,CElective,CElective,CElective,CElective,CElective,CElective,CElective
MGMT 945,,,,,,,,,,,,,,,,,,,,,,,,,,,,,,,,,,,,,,,,,,,,,,,,,,,,,,,,,,CElective,CElective,CElective,CElective,CElective,CElective,CElective,CElective,CElective,CElective,CElective,CElective,CElective,CElective,CElective,CElective,CElective,CElective,CElective,CElective,CElective,CElective,CElective,CElective,CElective
AR 602,,,,,,,,,,,,,,,,,,,,,,,,,,,,,,,,,,,,,,,,,,,,,,,,,,,,,,,,,,,,,CElective,CElective,CElective,CElective,CElective,CElective,CElective,CElective,CElective,CElective,CElective,CElective,CElective,CElective,CElective,CElective,CElective,CElective,CElective,CElective,CElective,CElective
AR 603,,,,,,,,,,,,,,,,,,,,,,,,,,,,,,,,,,,,,,,,,,,,,,,,,,,,,,,,,,,,,CElective,CElective,CElective,CElective,CElective,CElective,CElective,CElective,CElective,CElective,CElective,CElective,CElective,CElective,CElective,CElective,CElective,CElective,CElective,CElective,CElective,CElective
AR 604,,,,,,,,,,,,,,,,,,,,,,,,,,,,,,,,,,,,,,,,,,,,,,,,,,,,,,,,,,,,,CElective,CElective,CElective,CElective,CElective,CElective,CElective,CElective,CElective,CElective,CElective,CElective,CElective,CElective,CElective,CElective,CElective,CElective,CElective,CElective,CElective,CElective
AR 605,,,,,,,,,,,,,,,,,,,,,,,,,,,,,,,,,,,,,,,,,,,,,,,,,,,,,,,,,,,,,CElective,CElective,CElective,CElective,CElective,CElective,CElective,CElective,CElective,CElective,CElective,CElective,CElective,CElective,CElective,CElective,CElective,CElective,CElective,CElective,CElective,CElective
AR 606,,,,,,,,,,,,,,,,,,,,,,,,,,,,,,,,,,,,,,,,,,,,,,,,,,,,,,,,,,,,,CElective,CElective,CElective,CElective,CElective,CElective,CElective,CElective,CElective,CElective,CElective,CElective,CElective,CElective,CElective,CElective,CElective,CElective,CElective,CElective,CElective,CElective
AR 607,,,,,,,,,,,,,,,,,,,,,,,,,,,,,,,,,,,,,,,,,,,,,,,,,,,,,,,,,,,,,CElective,CElective,CElective,CElective,CElective,CElective,CElective,CElective,CElective,CElective,CElective,CElective,CElective,CElective,CElective,CElective,CElective,CElective,CElective,CElective,CElective,CElective
AR 608,,,,,,,,,,,,,,,,,,,,,,,,,,,,,,,,,,,,,,,,,,,,,,,,,,,,,,,,,,,,,CElective,CElective,CElective,CElective,CElective,CElective,CElective,CElective,CElective,CElective,CElective,CElective,CElective,CElective,CElective,CElective,CElective,CElective,CElective,CElective,CElective,CElective
AR 609,,,,,,,,,,,,,,,,,,,,,,,,,,,,,,,,,,,,,,,,,,,,,,,,,,,,,,,,,,,,,CElective,CElective,CElective,CElective,CElective,CElective,CElective,CElective,CElective,CElective,CElective,CElective,CElective,CElective,CElective,CElective,CElective,CElective,CElective,CElective,CElective,CElective
AR 610,,,,,,,,,,,,,,,,,,,,,,,,,,,,,,,,,,,,,,,,,,,,,,,,,,,,,,,,,,,,,CElective,CElective,CElective,CElective,CElective,CElective,CElective,CElective,CElective,CElective,CElective,CElective,CElective,CElective,CElective,CElective,CElective,CElective,CElective,CElective,CElective,CElective
AR 611,,,,,,,,,,,,,,,,,,,,,,,,,,,,,,,,,,,,,,,,,,,,,,,,,,,,,,,,,,,,,CElective,CElective,CElective,CElective,CElective,CElective,CElective,CElective,CElective,CElective,CElective,CElective,CElective,CElective,CElective,CElective,CElective,CElective,CElective,CElective,CElective,CElective
AR 612,,,,,,,,,,,,,,,,,,,,,,,,,,,,,,,,,,,,,,,,,,,,,,,,,,,,,,,,,,,,,CElective,CElective,CElective,CElective,CElective,CElective,CElective,CElective,CElective,CElective,CElective,CElective,CElective,CElective,CElective,CElective,CElective,CElective,CElective,CElective,CElective,CElective
AR 613,,,,,,,,,,,,,,,,,,,,,,,,,,,,,,,,,,,,,,,,,,,,,,,,,,,,,,,,,,,,,CElective,CElective,CElective,CElective,CElective,CElective,CElective,CElective,CElective,CElective,CElective,CElective,CElective,CElective,CElective,CElective,CElective,CElective,CElective,CElective,CElective,CElective
AR 614,,,,,,,,,,,,,,,,,,,,,,,,,,,,,,,,,,,,,,,,,,,,,,,,,,,,,,,,,,,,,CElective,CElective,CElective,CElective,CElective,CElective,CElective,CElective,CElective,CElective,CElective,CElective,CElective,CElective,CElective,CElective,CElective,CElective,CElective,CElective,CElective,CElective
AR 615,,,,,,,,,,,,,,,,,,,,,,,,,,,,,,,,,,,,,,,,,,,,,,,,,,,,,,,,,,,,,CElective,CElective,CElective,CElective,CElective,CElective,CElective,CElective,CElective,CElective,CElective,CElective,CElective,CElective,CElective,CElective,CElective,CElective,CElective,CElective,CElective,CElective
AR 616,,,,,,,,,,,,,,,,,,,,,,,,,,,,,,,,,,,,,,,,,,,,,,,,,,,,,,,,,,,,,CElective,CElective,CElective,CElective,CElective,CElective,CElective,CElective,CElective,CElective,CElective,CElective,CElective,CElective,CElective,CElective,CElective,CElective,CElective,CElective,CElective,CElective
AR 617,,,,,,,,,,,,,,,,,,,,,,,,,,,,,,,,,,,,,,,,,,,,,,,,,,,,,,,,,,,,,CElective,CElective,CElective,CElective,CElective,CElective,CElective,CElective,CElective,CElective,CElective,CElective,CElective,CElective,CElective,CElective,CElective,CElective,CElective,CElective,CElective,CElective
FIN 906,,,,,,,,,,,,,,,,,,,,,,,,,,,,,,,,,,,,,,,,,,,,,,,,,,,,,,,,,,,,,CElective,CElective,CElective,CElective,CElective,CElective,CElective,CElective,CElective,CElective,CElective,CElective,CElective,CElective,CElective,CElective,CElective,CElective,CElective,CElective,CElective,CElective
FIN 913,,,,,,,,,,,,,,,,,,,,,,,,,,,,,,,,,,,,,,,,,,,,,,,,,,,,,,,,,,,,,CElective,CElective,CElective,CElective,CElective,CElective,CElective,CElective,CElective,CElective,CElective,CElective,CElective,CElective,CElective,CElective,CElective,CElective,CElective,CElective,CElective,CElective
FIN 929,,,,,,,,,,,,,,,,,,,,,,,,,,,,,,,,,,,,,,,,,,,,,,,,,,,,,,,,,,,,,CElective,CElective,CElective,CElective,CElective,CElective,CElective,CElective,CElective,CElective,CElective,CElective,CElective,CElective,CElective,CElective,CElective,CElective,CElective,CElective,CElective,CElective
FIN 999,,,,,,,,,,,,,,,,,,,,,,,,,,,,,,,,,,,,,,,,,,,,,,,,,,,,,,,,,,,,,CElective,CElective,CElective,CElective,CElective,CElective,CElective,CElective,CElective,CElective,CElective,CElective,CElective,CElective,CElective,CElective,CElective,CElective,CElective,CElective,CElective,CElective
MGMT 935,,,,,,,,,,,,,,,,,,,,,,,,,,,,,,,,,,,,,,,,,,,,,,,,,,,,,,,,,,,,,CElective,CElective,CElective,CElective,CElective,CElective,CElective,CElective,CElective,CElective,CElective,CElective,CElective,CElective,CElective,CElective,CElective,CElective,CElective,CElective,CElective,CElective
MGMT 996,,,,,,,,,,,,,,,,,,,,,,,,,,,,,,,,,,,,,,,,,,,,,,,,,,,,,,,,,,,,,CElective,CElective,CElective,CElective,CElective,CElective,CElective,CElective,CElective,CElective,CElective,CElective,CElective,CElective,CElective,CElective,CElective,CElective,CElective,CElective,CElective,CElective
MKTG 904,,,,,,,,,,,,,,,,,,,,,,,,,,,,,,,,,,,,,,,,,,,,,,,,,,,,,,,,,,,,,CElective,CElective,CElective,CElective,CElective,CElective,CElective,CElective,CElective,CElective,CElective,CElective,CElective,CElective,CElective,CElective,CElective,CElective,CElective,CElective,CElective,CElective
MKTG 908,,,,,,,,,,,,,,,,,,,,,,,,,,,,,,,,,,,,,,,,,,,,,,,,,,,,,,,,,,,,,CElective,CElective,CElective,CElective,CElective,CElective,CElective,CElective,CElective,CElective,CElective,CElective,CElective,CElective,CElective,CElective,CElective,CElective,CElective,CElective,CElective,CElective
OPIM 957,,,,,,,,,,,,,,,,,,,,,,,,,,,,,,,,,,,,,,,,,,,,,,,,,,,,,,,,,,,,,CElective,CElective,CElective,CElective,CElective,CElective,CElective,CElective,CElective,CElective,CElective,CElective,CElective,CElective,CElective,CElective,CElective,CElective,CElective,CElective,CElective,CElective
ACC 910,,,,,,,,,,,,,,,,,,,,,,,,,,,,,,,,,,,,,,,,,,,,,,,,,,,,,,,,,,,,,,,,,,,CElective,CElective,CElective,CElective,CElective,CElective,CElective,CElective,CElective,CElective,CElective,CElective,RRequired,RRequired,RRequired,RRequired
MGMT 971,,,,,,,,,,,,,,,,,,,,,,,,,,,,,,,,,,,,,,,,,,,,,,,,,,,,,,,,,,,,,,,,,,,CElective,CElective,CElective,CElective,CElective,CElective,CElective,CElective,CElective,CElective,CElective,CElective,CElective,CElective,CElective,CElective
MGMT 972,,,,,,,,,,,,,,,,,,,,,,,,,,,,,,,,,,,,,,,,,,,,,,,,,,,,,,,,,,,,,,,,,,,CElective,CElective,CElective,CElective,CElective,CElective,CElective,CElective,CElective,CElective,CElective,CElective,CElective,CElective,CElective,CElective
MGMT 973,,,,,,,,,,,,,,,,,,,,,,,,,,,,,,,,,,,,,,,,,,,,,,,,,,,,,,,,,,,,,,,,,,,CElective,CElective,CElective,CElective,CElective,CElective,CElective,CElective,CElective,CElective,CElective,CElective,CElective,CElective,CElective,CElective
ORG 922,,,,,,,,,,,,,,,,,,,,,,,,,,,,,,,,,,,,,,,,,,,,,,,,,,,,,,,,,,,,,,,,,,,CElective,CElective,CElective,CElective,CElective,CElective,CElective,CElective,CElective,CElective,CElective,CElective,CElective,CElective,CElective,CElective
MGMT 916,,,,,,,,,,,,,,,,,,,,,,,,,,,,,,,,,,,,,,,,,,,,,,,,,,,,,,,,,,,,,,,,,,,,,,,,,CElective,CElective,CElective,CElective,CElective,CElective,CElective,CElective,CElective,CElective
MGMT 917,,,,,,,,,,,,,,,,,,,,,,,,,,,,,,,,,,,,,,,,,,,,,,,,,,,,,,,,,,,,,,,,,,,,,,,,,CElective,CElective,CElective,CElective,CElective,CElective,CElective,CElective,CElective,CElective
MGMT 942,,,,,,,,,,,,,,,,,,,,,,,,,,,,,,,,,,,,,,,,,,,,,,,,,,,,,,,,,,,,,,,,,,,,,,,,,CElective,CElective,CElective,CElective,CElective,CElective,CElective,CElective,CElective,CElective
MKTG 906,,,,,,,,,,,,,,,,,,,,,,,,,,,,,,,,,,,,,,,,,,,,,,,,,,,,,,,,,,,,,,,,,,,,,,,,,CElective,CElective,CElective,CElective,CElective,CElective,CElective,CElective,CElective,CElective
MKTG 910,,,,,,,,,,,,,,,,,,,,,,,,,,,,,,,,,,,,,,,,,,,,,,,,,,,,,,,,,,,,,,,,,,,,,,,,,CElective,CElective,CElective,CElective,CElective,CElective,CElective,CElective,CElective,CElective
MKTG 911,,,,,,,,,,,,,,,,,,,,,,,,,,,,,,,,,,,,,,,,,,,,,,,,,,,,,,,,,,,,,,,,,,,,,,,,,CElective,CElective,CElective,CElective,CElective,CElective,CElective,CElective,CElective,CElective
MKTG 919,,,,,,,,,,,,,,,,,,,,,,,,,,,,,,,,,,,,,,,,,,,,,,,,,,,,,,,,,,,,,,,,,,,,,,,,,CElective,CElective,CElective,CElective,CElective,CElective,CElective,CElective,CElective,CElective
MKTG 963,,,,,,,,,,,,,,,,,,,,,,,,,,,,,,,,,,,,,,,,,,,,,,,,,,,,,,,,,,,,,,,,,,,,,,,,,CElective,CElective,CElective,CElective,CElective,CElective,CElective,CElective,CElective,CElective
BAN 900,,,,,,,,,,,,,,,,,,,,,,,,,,,,,,,,,,,,,,,,,,,,,,,,,,,,,,,,,,,,,,,,,,,,,,,,,,,,RRequired,RRequired,RRequired,RRequired,RRequired,RRequired,RRequired
MGMT 997,,,,,,,,,,,,,,,,,,,,,,,,,,,,,,,,,,,,,,,,,,,,,,,,,,,,,,,,,,,,,,,,,,,,,,,,,,,,CElective,CElective,CElective,CElective,CElective,CElective,CElective
ORG 904,,,,,,,,,,,,,,,,,,,,,,,,,,,,,,,,,,,,,,,,,,,,,,,,,,,,,,,,,,,,,,,,,,,,,,,,,,,,,CElective,CElective,CElective,CElective,CElective,CElective
FIN 905,,,,,,,,,,,,,,,,,,,,,,,,,,,,,,,,,,,,,,,,,,,,,,,,,,,,,,,,,,,,,,,,,,,,,,,,,,,,,,,CElective,CElective,CElective,CElective
MGMT 965,,,,,,,,,,,,,,,,,,,,,,,,,,,,,,,,,,,,,,,,,,,,,,,,,,,,,,,,,,,,,,,,,,,,,,,,,,,,,,,CElective,CElective,CElective,CElective
MGMT 998,,,,,,,,,,,,,,,,,,,,,,,,,,,,,,,,,,,,,,,,,,,,,,,,,,,,,,,,,,,,,,,,,,,,,,,,,,,,,,,,,,CElective