"Masters in Finance - Non Thesis","199901","199902","199903","200001","200002","200003","200101","200102","200103","200201","200202","200203","200301","200302","200303","200401","200402","200403","200501","200502","200503","200601","200602","200603","200701","200702","200703","200801","200802","200803","200901","200902","200903","201001","201002","201003","201101","201102","201103","201201","201202","201203","201301","201302","201303","201401","201402","201403","201501","201502","201503","201601","201602","201603","201701","201702","201703","201801","201802","201803","201901","201902","201903","202001","202002","202003","202101","202102","202103","202201","202202","202203","202301","202302","202303","202401","202402","202403","202501","202502","202503","202601"
Requirement:credits,34,34,34,34,34,34,34,34,34,34,34,34,34,34,34,34,34,34,34,34,34,34,34,34,34,34,34,34,34,34,34,34,34,34,34,34,36,36,36,34,34,34,33,33,33,33,33,33,31,31,31,30,30,30,30,30,30,30,30,30,30,30,30,30,30,30,30,30,30,30,30,30,30,30,30,30,30,30,30,30,30,30
Requirement:courses,17,17,17,17,17,17,17,17,17,17,17,17,17,17,17,17,17,17,17,17,17,17,17,17,17,17,17,18,18,18,28,28,28,28,28,28,26,26,26,26,26,26,24,24,24,24,24,24,23,23,23,22,22,22,22,22,22,21,21,21,11,11,11,11,11,11,11,11,11,11,11,11,11,11,11,11,11,11,11,11,11,11
Requirement:ECTS,,,,,,,,,,,,,,,,,,,,,,,,,,,,,,,,,,,,,,,,,,,,,,75,75,75,72,72,72,99,99,99,99,99,99,99,99,99,110,110,110,110,110,110,110,110,110,110,110,110,110,110,110,110,110,110,110,110,110,110
MFIN 590,P,P,P,P,P,P,P,P,P,P,P,P,P,P,P,P,P,P,P,P,P,P,P,P,P,P,P,P,P,P,P,P,P,P,P,P,P,P,P,P,P,P,P,P,P,P,P,P,P,P,P,P,P,P,P,P,P,P,P,P,,,,,,,,,,,,,,,,,,,,,,
MFIN 500,R,R,R,R,R,R,R,R,R,R,R,R,R,R,R,R,R,R,R,R,R,R,R,R,R,R,R,R,R,R,R,R,R,R,R,R,R,R,R,R,R,R,R,R,R,R,R,R,R,R,R,R,R,R,R,R,R,R,R,R,,,,,,,,,,,,,,,,,,,,,,
MFIN 501,R,R,R,R,R,R,R,R,R,R,R,R,R,R,R,R,R,R,R,R,R,R,R,R,R,R,R,R,R,R,R,R,R,R,R,R,R,R,R,R,R,R,R,R,R,R,R,R,R,R,R,R,R,R,R,R,R,R,R,R,,,,,,,,,,,,,,,,,,,,,,
MFIN 504,R,R,R,R,R,R,R,R,R,R,R,R,R,R,R,R,R,R,R,R,R,R,R,R,R,R,R,R,R,R,R,R,R,R,R,R,R,R,R,R,R,R,R,R,R,R,R,R,R,R,R,R,R,R,R,R,R,R,R,R,,,,,,,,,,,,,,,,,,,,,,
MFIN 506,R,R,R,R,R,R,R,R,R,R,R,R,R,R,R,R,R,R,R,R,R,R,R,R,R,R,R,R,R,R,R,R,R,R,R,R,R,R,R,R,R,R,R,R,R,R,R,R,R,R,R,R,R,R,R,R,R,R,R,R,,,,,,,,,,,,,,,,,,,,,,
MFIN 510,R,R,R,R,R,R,R,R,R,R,R,R,R,R,R,R,R,R,R,R,R,R,R,R,R,R,R,R,R,R,R,R,R,R,R,R,R,R,R,R,R,R,,,,R,R,R,R,R,R,R,R,R,R,R,R,R,R,R,,,,,,,,,,,,,,,,,,,,,,
MFIN 511,R,R,R,R,R,R,R,R,R,R,R,R,R,R,R,R,R,R,R,R,R,R,R,R,R,R,R,R,R,R,R,R,R,R,R,R,R,R,R,R,R,R,R,R,R,R,R,R,R,R,R,R,R,R,R,R,R,R,R,R,,,,,,,,,,,,,,,,,,,,,,
MFIN 512,R,R,R,R,R,R,R,R,R,R,R,R,R,R,R,R,R,R,R,R,R,R,R,R,R,R,R,R,R,R,R,R,R,R,R,R,R,R,R,R,R,R,R,R,R,R,R,R,R,R,R,R,R,R,R,R,R,R,R,R,,,,,,,,,,,,,,,,,,,,,,
MFIN 513,R,R,R,R,R,R,R,R,R,R,R,R,R,R,R,R,R,R,R,R,R,R,R,R,R,R,R,R,R,R,R,R,R,R,R,R,R,R,R,R,R,R,R,R,R,R,R,R,R,R,R,R,R,R,R,R,R,R,R,R,,,,,,,,,,,,,,,,,,,,,,
MFIN 514,R,R,R,R,R,R,R,R,R,R,R,R,R,R,R,R,R,R,R,R,R,R,R,R,R,R,R,R,R,R,R,R,R,R,R,R,R,R,R,R,R,R,R,R,R,R,R,R,R,R,R,R,R,R,R,R,R,R,R,R,,,,,,,,,,,,,,,,,,,,,,
MFIN 516,R,R,R,R,R,R,R,R,R,R,R,R,R,R,R,R,R,R,R,R,R,R,R,R,R,R,R,R,R,R,R,R,R,R,R,R,R,R,R,R,R,R,R,R,R,R,R,R,R,R,R,R,R,R,R,R,R,,,,,,,,,,,,,,,,,,,,,,,,,
MFIN 521,R,R,R,R,R,R,R,R,R,R,R,R,R,R,R,R,R,R,R,R,R,R,R,R,R,R,R,R,R,R,R,R,R,,,,,,,,,,,,,,,,,,,,,,,,,,,,,,,,,,,,,,,,,,,,,,,,,
MFIN 522,R,R,R,R,R,R,R,R,R,R,R,R,R,R,R,R,R,R,R,R,R,R,R,R,R,R,R,R,R,R,R,R,R,R,R,R,R,R,R,R,R,R,R,R,R,R,R,R,R,R,R,R,R,R,R,R,R,R,R,R,,,,,,,,,,,,,,,,,,,,,,
MFIN 526,R,R,R,R,R,R,R,R,R,R,R,R,R,R,R,R,R,R,R,R,R,R,R,R,R,R,R,R,R,R,R,R,R,,,,,,,,,,,,,,,,,,,,,,,,,,,,,,,,,,,,,,,,,,,,,,,,,
MFIN 531,R,R,R,R,R,R,R,R,R,R,R,R,R,R,R,R,R,R,R,R,R,R,R,R,R,R,R,R,R,R,,,,,,,,,,,,,,,,,,,,,,,,,,,,,,,,,,,,,,,,,,,,,,,,,,,,
MFIN 535,R,R,R,R,R,R,R,R,R,R,R,R,R,R,R,R,R,R,R,R,R,R,R,R,R,R,R,R,R,R,,,,,,,,,,,,,,,,,,,R,R,R,R,R,R,R,R,R,R,R,R,,,,,,,,,,,,,,,,,,,,,,
MFIN 591,PF,PF,PF,PF,PF,PF,PF,PF,PF,PF,PF,PF,PF,PF,PF,PF,PF,PF,PF,PF,PF,PF,PF,PF,PF,PF,PF,PF,PF,PF,PF,PF,PF,PF,PF,PF,PF,PF,PF,PF,PF,PF,PF,PF,PF,PF,PF,PF,PF,PF,PF,PF,PF,PF,PF,PF,PF,PF,PF,PF,,,,,,,,,,,,,,,,,,,,,,
MFIN 592,,,,,,,,,,,,,,,,,,,,,,,,,,,,PF,PF,PF,PF,PF,PF,PF,PF,PF,PF,PF,PF,PF,PF,PF,PF,PF,PF,PF,PF,PF,PF,PF,PF,PF,PF,PF,PF,PF,PF,PF,PF,PF,,,,,,,,,,,,,,,,,,,,,,
MFIN 502,,,,,,,,,,,,,,,,,,,,,,,,,,,,,,,R,R,R,R,R,R,R,R,R,R,R,R,R,R,R,R,R,R,R,R,R,R,R,R,R,R,R,R,R,R,,,,,,,,,,,,,,,,,,,,,,
MFIN 515,,,,,,,,,,,,,,,,,,,,,,,,,,,,,,,R,R,R,R,R,R,R,R,R,R,R,R,R,R,R,R,R,R,R,R,R,,,,,,,,,,,,,,,,,,,,,,,,,,,,,,,
MFIN 517,,,,,,,,,,,,,,,,,,,,,,,,,,,,,,,R,R,R,,,,,,,,,,,,,,,,,,,,,,,,,,,,,,,,,,,,,,,,,,,,,,,,,
MFIN 523,,,,,,,,,,,,,,,,,,,,,,,,,,,,,,,R,R,R,R,R,R,R,R,R,R,R,R,R,R,R,R,R,R,R,R,R,R,R,R,R,R,R,R,R,R,,,,,,,,,,,,,,,,,,,,,,
MFIN 524,,,,,,,,,,,,,,,,,,,,,,,,,,,,,,,R,R,R,R,R,R,R,R,R,R,R,R,R,R,R,R,R,R,R,R,R,R,R,R,R,R,R,R,R,R,,,,,,,,,,,,,,,,,,,,,,
MFIN 532,,,,,,,,,,,,,,,,,,,,,,,,,,,,,,,R,R,R,R,R,R,R,R,R,R,R,R,R,R,R,R,R,R,,,,,,,,,,,,,R,R,R,,,,,,,,,,,,,,,,,,,
MFIN 533,,,,,,,,,,,,,,,,,,,,,,,,,,,,,,,R,R,R,R,R,R,R,R,R,R,R,R,R,R,R,R,R,R,,,,,,,,,,,,,,,,,,,,,,,,,,,,,,,,,,
MFIN 541,,,,,,,,,,,,,,,,,,,,,,,,,,,,,,,R,R,R,R,R,R,R,R,R,R,R,R,R,R,R,R,R,R,,,,,,,,,,,,,,,,,,,,,,,,,,,,,,,,,,
MFIN 542,,,,,,,,,,,,,,,,,,,,,,,,,,,,,,,R,R,R,,,,,,,,,,,,,,,,,,,,,,,,,,,,,,,,,,,,,,,,,,,,,,,,,
MGMT 596,,,,,,,,,,,,,,,,,,,,,,,,,,,,,,,R,R,R,R,R,R,R,R,R,,,,,,,,,,,,,,,,,,,,,,,,,,,,,,,,,,,,,,,,,,,
MGMT 598,,,,,,,,,,,,,,,,,,,,,,,,,,,,,,,R,R,R,R,R,R,,,,,,,,,,,,,,,,,,,,,,,,,,,,,,,,,,,,,,,,,,,,,,
MFIN 593,,,,,,,,,,,,,,,,,,,,,,,,,,,,,,,PF,PF,PF,PF,PF,PF,,,,,,,,,,,,,,,,,,,,,,,,,,,,,,,,,,,,,,,,,,,,,,
MFIN 520,,,,,,,,,,,,,,,,,,,,,,,,,,,,,,,,,,R,R,R,R,R,R,R,R,R,R,R,R,R,R,R,R,R,R,R,R,R,R,R,R,R,R,R,,,,,,,,,,,,,,,,,,,,,,
MFIN 525,,,,,,,,,,,,,,,,,,,,,,,,,,,,,,,,,,R,R,R,R,R,R,R,R,R,R,R,R,R,R,R,,,,,,,,,,,,,,,,,,,,,,,,,,,,,,,,,,
MFIN 527,,,,,,,,,,,,,,,,,,,,,,,,,,,,,,,,,,R,R,R,,,,,,,,,,,,,,,,,,,,,,,,,,,,,,,,,,,,,,,,,,,,,,
MFIN 528,,,,,,,,,,,,,,,,,,,,,,,,,,,,,,,,,,R,R,R,,,,,,,,,,,,,,,,,,,,,,,,,,,,,,,,,,,,,,,,,,,,,,
MFIN 530,,,,,,,,,,,,,,,,,,,,,,,,,,,,,,,,,,,,,R,R,R,R,R,R,R,R,R,R,R,R,R,R,R,R,R,R,R,R,R,R,R,R,,,,,,,,,,,,,,,,,,,,,,
MFIN 596,,,,,,,,,,,,,,,,,,,,,,,,,,,,,,,,,,,,,R,R,R,R,R,R,R,R,R,MW,MW,MW,MW,MW,MW,MW,MW,MW,MW,MW,MW,MW,MW,MW,,,,,,,,,,,,,,,,,,,,,,
MFIN 598,,,,,,,,,,,,,,,,,,,,,,,,,,,,,,,,,,,,,,,,R,R,R,,,,,,,,,,,,,,,,,,,,,,,,,,,,,,,,,,,,,,,,
MFIN 599,,,,,,,,,,,,,,,,,,,,,,,,,,,,,,,,,,,,,,,,,,,,,,,,,R,R,R,R,R,R,R,R,R,R,R,R,R,R,R,,,,,,,,,,,,,,,,,,,
MFIN 507,,,,,,,,,,,,,,,,,,,,,,,,,,,,,,,,,,,,,,,,,,,,,,,,,,,,,,,,,,R,R,R,R,R,R,,,,,,,,,,,,,,,,,,,
MFIN 600,,,,,,,,,,,,,,,,,,,,,,,,,,,,,,,,,,,,,,,,,,,,,,,,,,,,,,,,,,,,,P,P,P,,,,,,,,,,,,,,,,,,,
MFIN 550,,,,,,,,,,,,,,,,,,,,,,,,,,,,,,,,,,,,,,,,,,,,,,,,,,,,,,,,,,,,,R,R,R,,,,,,,,,,,,,,,,,,,
MFIN 551,,,,,,,,,,,,,,,,,,,,,,,,,,,,,,,,,,,,,,,,,,,,,,,,,,,,,,,,,,,,,R,R,R,,,,,,,,,,,,,,,,,,,
MFIN 552,,,,,,,,,,,,,,,,,,,,,,,,,,,,,,,,,,,,,,,,,,,,,,,,,,,,,,,,,,,,,R,R,R,,,,,,,,,,,,,,,,,,,
MFIN 559,,,,,,,,,,,,,,,,,,,,,,,,,,,,,,,,,,,,,,,,,,,,,,,,,,,,,,,,,,,,,R,R,R,,,,,,,,,,,,,,,,,,,
MFIN 560,,,,,,,,,,,,,,,,,,,,,,,,,,,,,,,,,,,,,,,,,,,,,,,,,,,,,,,,,,,,,R,R,R,,,,,,,,,,,,,,,,,,,
MFIN 561,,,,,,,,,,,,,,,,,,,,,,,,,,,,,,,,,,,,,,,,,,,,,,,,,,,,,,,,,,,,,R,R,R,,,,,,,,,,,,,,,,,,,
MFIN 562,,,,,,,,,,,,,,,,,,,,,,,,,,,,,,,,,,,,,,,,,,,,,,,,,,,,,,,,,,,,,R,R,R,,,,,,,,,,,,,,,,,,,
MFIN 800,,,,,,,,,,,,,,,,,,,,,,,,,,,,,,,,,,,,,,,,,,,,,,,,,,,,,,,,,,,,,,,,P,P,P,P,P,P,P,P,P,P,P,P,P,P,P,P,P,P,P
MFIN 807,,,,,,,,,,,,,,,,,,,,,,,,,,,,,,,,,,,,,,,,,,,,,,,,,,,,,,,,,,,,,,,,R,R,R,C,C,C,C,C,C,C,C,C,C,C,C,C,C,C,C
MFIN 832,,,,,,,,,,,,,,,,,,,,,,,,,,,,,,,,,,,,,,,,,,,,,,,,,,,,,,,,,,,,,,,,R,R,R,R,R,R,R,R,R,R,R,R,R,R,R,R,R,R,R
MFIN 850,,,,,,,,,,,,,,,,,,,,,,,,,,,,,,,,,,,,,,,,,,,,,,,,,,,,,,,,,,,,,,,,R,R,R,R,R,R,R,R,R,R,R,R,R,R,R,R,R,R,R
MFIN 851,,,,,,,,,,,,,,,,,,,,,,,,,,,,,,,,,,,,,,,,,,,,,,,,,,,,,,,,,,,,,,,,R,R,R,R,R,R,R,R,R,R,R,R,R,R,R,R,R,R,R
MFIN 852,,,,,,,,,,,,,,,,,,,,,,,,,,,,,,,,,,,,,,,,,,,,,,,,,,,,,,,,,,,,,,,,R,R,R,R,R,R,R,R,R,R,R,R,C,C,C,C,C,C,C
MFIN 859,,,,,,,,,,,,,,,,,,,,,,,,,,,,,,,,,,,,,,,,,,,,,,,,,,,,,,,,,,,,,,,,R,R,R,R,R,R,R,R,R,R,R,R,R,R,R,R,R,R,R
MFIN 860,,,,,,,,,,,,,,,,,,,,,,,,,,,,,,,,,,,,,,,,,,,,,,,,,,,,,,,,,,,,,,,,R,R,R,R,R,R,R,R,R,R,R,R,R,R,R,R,R,R,R
MFIN 861,,,,,,,,,,,,,,,,,,,,,,,,,,,,,,,,,,,,,,,,,,,,,,,,,,,,,,,,,,,,,,,,R,R,R,R,R,R,R,R,R,R,R,R,R,R,R,R,R,R,R
MFIN 862,,,,,,,,,,,,,,,,,,,,,,,,,,,,,,,,,,,,,,,,,,,,,,,,,,,,,,,,,,,,,,,,R,R,R,R,R,R,R,R,R,R,R,R,R,R,R,R,R,R,R
MFIN 899,,,,,,,,,,,,,,,,,,,,,,,,,,,,,,,,,,,,,,,,,,,,,,,,,,,,,,,,,,,,,,,,R,R,R,C,C,C,C,C,C,C,C,C,C,C,C,C,C,C,C
BAN 807,,,,,,,,,,,,,,,,,,,,,,,,,,,,,,,,,,,,,,,,,,,,,,,,,,,,,,,,,,,,,,,,,,,C,C,C,C,C,C,C,C,C,C,C,C,C,C,C,C
MFIN 806,,,,,,,,,,,,,,,,,,,,,,,,,,,,,,,,,,,,,,,,,,,,,,,,,,,,,,,,,,,,,,,,,,,C,C,C,C,C,C,C,C,C,C,C,C,C,C,C,C
MFIN 813,,,,,,,,,,,,,,,,,,,,,,,,,,,,,,,,,,,,,,,,,,,,,,,,,,,,,,,,,,,,,,,,,,,C,C,C,C,C,C,C,C,C,C,C,C,C,C,C,C
MFIN 817,,,,,,,,,,,,,,,,,,,,,,,,,,,,,,,,,,,,,,,,,,,,,,,,,,,,,,,,,,,,,,,,,,,C,C,C,C,C,C,C,C,C,C,C,C,C,C,C,C
MFIN 858,,,,,,,,,,,,,,,,,,,,,,,,,,,,,,,,,,,,,,,,,,,,,,,,,,,,,,,,,,,,,,,,,,,C,C,C,C,C,C,C,C,C,C,C,C,C,C,C,C
MFIN 877,,,,,,,,,,,,,,,,,,,,,,,,,,,,,,,,,,,,,,,,,,,,,,,,,,,,,,,,,,,,,,,,,,,C,C,C,C,C,C,C,C,C,C,C,C,C,C,C,C
MFIN 853,,,,,,,,,,,,,,,,,,,,,,,,,,,,,,,,,,,,,,,,,,,,,,,,,,,,,,,,,,,,,,,,,,,,,,,,,,,,R,R,R,R,R,R,R
MFIN 855,,,,,,,,,,,,,,,,,,,,,,,,,,,,,,,,,,,,,,,,,,,,,,,,,,,,,,,,,,,,,,,,,,,,,,,,,,,,,,,C,C,C,C