"Cyber Security - Non Thesis","199901","199902","199903","200001","200002","200003","200101","200102","200103","200201","200202","200203","200301","200302","200303","200401","200402","200403","200501","200502","200503","200601","200602","200603","200701","200702","200703","200801","200802","200803","200901","200902","200903","201001","201002","201003","201101","201102","201103","201201","201202","201203","201301","201302","201303","201401","201402","201403","201501","201502","201503","201601","201602","201603","201701","201702","201703","201801","201802","201803","201901","201902","201903","202001","202002","202003","202101","202102","202103","202201","202202","202203","202301","202302","202303","202401","202402","202403","202501","202502","202503","202601"
Requirement:credits,30,30,30,30,30,30,30,30,30,30,30,30,30,30,30,30,30,30,30,30,30,30,30,30,30,30,30,30,30,30,30,30,30,30,30,30,30,30,30,30,30,30,30,30,30,30,30,30,30,30,30,30,30,30,30,30,30,30,30,30,30,30,30,30,30,30,30,30,30,30,30,30,30,30,30,30,30,30,30,30,30,30
Requirement:ECTS,90,90,90,90,90,90,90,90,90,90,90,90,90,90,90,90,90,90,90,90,90,90,90,90,90,90,90,90,90,90,90,90,90,90,90,90,90,90,90,90,90,90,90,90,90,90,90,90,90,90,90,90,90,90,90,90,90,90,90,90,90,90,90,90,90,90,90,90,90,90,90,90,90,90,90,90,90,90,90,90,90,90
Requirement:courses,11,11,11,11,11,11,11,11,11,11,11,11,11,11,11,11,11,11,11,11,11,11,11,11,11,11,11,11,11,11,11,11,11,11,11,11,11,11,11,11,11,11,11,11,11,11,11,11,11,11,11,11,11,11,11,11,11,11,11,11,11,11,11,11,11,11,11,11,11,11,11,11,11,11,11,11,11,11,11,11,11,11
SEC 592,PProject,PProject,PProject,PProject,PProject,PProject,PProject,PProject,PProject,PProject,PProject,PProject,PProject,PProject,PProject,PProject,PProject,PProject,PProject,PProject,PProject,PProject,PProject,PProject,PProject,PProject,PProject,PProject,PProject,PProject,PProject,PProject,PProject,PProject,PProject,PProject,PProject,PProject,PProject,PProject,PProject,PProject,PProject,PProject,PProject,PProject,PProject,PProject,PProject,PProject,PProject,PProject,PProject,PProject,PProject,PProject,PProject,PProject,PProject,PProject,PProject,PProject,PProject,PProject,PProject,PProject,PProject,PProject,PProject,PProject,PProject,PProject,PProject,PProject,PProject,PProject,PProject,PProject,PProject,PProject,PProject,PProject
DA 525,CCore,CCore,CCore,CCore,CCore,CCore,CCore,CCore,CCore,CCore,CCore,CCore,CCore,CCore,CCore,CCore,CCore,CCore,CCore,CCore,CCore,CCore,CCore,CCore,CCore,CCore,CCore,CCore,CCore,CCore,CCore,CCore,CCore,CCore,CCore,CCore,CCore,CCore,CCore,CCore,CCore,CCore,CCore,CCore,CCore,CCore,CCore,CCore,CCore,CCore,CCore,CCore,CCore,CCore,CCore,CCore,CCore,CCore,CCore,CCore,CCore,CCore,CCore,CCore,CCore,CCore,CCore,CCore,CCore,AArea,AArea,AArea,AArea,AArea,AArea,AArea,AArea,AArea,AArea,AArea,AArea,AArea
SEC 501,CCore,CCore,CCore,CCore,CCore,CCore,CCore,CCore,CCore,CCore,CCore,CCore,CCore,CCore,CCore,CCore,CCore,CCore,CCore,CCore,CCore,CCore,CCore,CCore,CCore,CCore,CCore,CCore,CCore,CCore,CCore,CCore,CCore,CCore,CCore,CCore,CCore,CCore,CCore,CCore,CCore,CCore,CCore,CCore,CCore,CCore,CCore,CCore,CCore,CCore,CCore,CCore,CCore,CCore,CCore,CCore,CCore,CCore,CCore,CCore,CCore,CCore,CCore,CCore,CCore,CCore,CCore,CCore,CCore,CCore,CCore,CCore,CCore,CCore,CCore,CCore,CCore,CCore,CCore,CCore,CCore,CCore
SEC 502,CCore,CCore,CCore,CCore,CCore,CCore,CCore,CCore,CCore,CCore,CCore,CCore,CCore,CCore,CCore,CCore,CCore,CCore,CCore,CCore,CCore,CCore,CCore,CCore,CCore,CCore,CCore,CCore,CCore,CCore,CCore,CCore,CCore,CCore,CCore,CCore,CCore,CCore,CCore,CCore,CCore,CCore,CCore,CCore,CCore,CCore,CCore,CCore,CCore,CCore,CCore,CCore,CCore,CCore,CCore,CCore,CCore,CCore,CCore,CCore,CCore,CCore,CCore,CCore,CCore,CCore,CCore,CCore,CCore,CCore,CCore,CCore,CCore,CCore,CCore,CCore,CCore,CCore,CCore,CCore,CCore,CCore
SEC 503,CCore,CCore,CCore,CCore,CCore,CCore,CCore,CCore,CCore,CCore,CCore,CCore,CCore,CCore,CCore,CCore,CCore,CCore,CCore,CCore,CCore,CCore,CCore,CCore,CCore,CCore,CCore,CCore,CCore,CCore,CCore,CCore,CCore,CCore,CCore,CCore,CCore,CCore,CCore,CCore,CCore,CCore,CCore,CCore,CCore,CCore,CCore,CCore,CCore,CCore,CCore,CCore,CCore,CCore,CCore,CCore,CCore,CCore,CCore,CCore,CCore,CCore,CCore,CCore,CCore,CCore,CCore,CCore,CCore,CCore,CCore,CCore,CCore,CCore,CCore,CCore,CCore,CCore,CCore,CCore,CCore,CCore
SEC 504,CCore,CCore,CCore,CCore,CCore,CCore,CCore,CCore,CCore,CCore,CCore,CCore,CCore,CCore,CCore,CCore,CCore,CCore,CCore,CCore,CCore,CCore,CCore,CCore,CCore,CCore,CCore,CCore,CCore,CCore,CCore,CCore,CCore,CCore,CCore,CCore,CCore,CCore,CCore,CCore,CCore,CCore,CCore,CCore,CCore,CCore,CCore,CCore,CCore,CCore,CCore,CCore,CCore,CCore,CCore,CCore,CCore,CCore,CCore,CCore,CCore,CCore,CCore,CCore,CCore,CCore,CCore,CCore,CCore,CCore,CCore,CCore,CCore,CCore,CCore,CCore,CCore,CCore,CCore,CCore,CCore,CCore
SEC 505,CCore,CCore,CCore,CCore,CCore,CCore,CCore,CCore,CCore,CCore,CCore,CCore,CCore,CCore,CCore,CCore,CCore,CCore,CCore,CCore,CCore,CCore,CCore,CCore,CCore,CCore,CCore,CCore,CCore,CCore,CCore,CCore,CCore,CCore,CCore,CCore,CCore,CCore,CCore,CCore,CCore,CCore,CCore,CCore,CCore,CCore,CCore,CCore,CCore,CCore,CCore,CCore,CCore,CCore,CCore,CCore,CCore,CCore,CCore,CCore,CCore,CCore,CCore,CCore,CCore,CCore,CCore,CCore,CCore,CCore,CCore,CCore,CCore,CCore,CCore,CCore,CCore,CCore,CCore,CCore,CCore,CCore
SEC 506,CCore,CCore,CCore,CCore,CCore,CCore,CCore,CCore,CCore,CCore,CCore,CCore,CCore,CCore,CCore,CCore,CCore,CCore,CCore,CCore,CCore,CCore,CCore,CCore,CCore,CCore,CCore,CCore,CCore,CCore,CCore,CCore,CCore,CCore,CCore,CCore,CCore,CCore,CCore,CCore,CCore,CCore,CCore,CCore,CCore,CCore,CCore,CCore,CCore,CCore,CCore,CCore,CCore,CCore,CCore,CCore,CCore,CCore,CCore,CCore,CCore,CCore,CCore,CCore,CCore,CCore,CCore,CCore,CCore,CCore,CCore,CCore,CCore,CCore,CCore,CCore,CCore,CCore,CCore,CCore,CCore,CCore
SEC 507,CCore,CCore,CCore,CCore,CCore,CCore,CCore,CCore,CCore,CCore,CCore,CCore,CCore,CCore,CCore,CCore,CCore,CCore,CCore,CCore,CCore,CCore,CCore,CCore,CCore,CCore,CCore,CCore,CCore,CCore,CCore,CCore,CCore,CCore,CCore,CCore,CCore,CCore,CCore,CCore,CCore,CCore,CCore,CCore,CCore,CCore,CCore,CCore,CCore,CCore,CCore,CCore,CCore,CCore,CCore,CCore,CCore,CCore,CCore,CCore,CCore,CCore,CCore,CCore,CCore,CCore,CCore,CCore,CCore,CCore,CCore,CCore,CCore,CCore,CCore,CCore,CCore,CCore,CCore,CCore,CCore,CCore
SEC 508,CCore,CCore,CCore,CCore,CCore,CCore,CCore,CCore,CCore,CCore,CCore,CCore,CCore,CCore,CCore,CCore,CCore,CCore,CCore,CCore,CCore,CCore,CCore,CCore,CCore,CCore,CCore,CCore,CCore,CCore,CCore,CCore,CCore,CCore,CCore,CCore,CCore,CCore,CCore,CCore,CCore,CCore,CCore,CCore,CCore,CCore,CCore,CCore,CCore,CCore,CCore,CCore,CCore,CCore,CCore,CCore,CCore,CCore,CCore,CCore,CCore,CCore,CCore,CCore,CCore,CCore,CCore,CCore,CCore,CCore,CCore,CCore,CCore,CCore,CCore,CCore,CCore,CCore,CCore,CCore,CCore,CCore
SEC 509,CCore,CCore,CCore,CCore,CCore,CCore,CCore,CCore,CCore,CCore,CCore,CCore,CCore,CCore,CCore,CCore,CCore,CCore,CCore,CCore,CCore,CCore,CCore,CCore,CCore,CCore,CCore,CCore,CCore,CCore,CCore,CCore,CCore,CCore,CCore,CCore,CCore,CCore,CCore,CCore,CCore,CCore,CCore,CCore,CCore,CCore,CCore,CCore,CCore,CCore,CCore,CCore,CCore,CCore,CCore,CCore,CCore,CCore,CCore,CCore,CCore,CCore,CCore,CCore,CCore,CCore,CCore,CCore,CCore,CCore,CCore,CCore,CCore,CCore,CCore,CCore,CCore,CCore,CCore,CCore,CCore,CCore
SEC 510,CCore,CCore,CCore,CCore,CCore,CCore,CCore,CCore,CCore,CCore,CCore,CCore,CCore,CCore,CCore,CCore,CCore,CCore,CCore,CCore,CCore,CCore,CCore,CCore,CCore,CCore,CCore,CCore,CCore,CCore,CCore,CCore,CCore,CCore,CCore,CCore,CCore,CCore,CCore,CCore,CCore,CCore,CCore,CCore,CCore,CCore,CCore,CCore,CCore,CCore,CCore,CCore,CCore,CCore,CCore,CCore,CCore,CCore,CCore,CCore,CCore,CCore,CCore,CCore,CCore,CCore,CCore,CCore,CCore,CCore,CCore,CCore,CCore,CCore,CCore,CCore,CCore,CCore,CCore,CCore,CCore,CCore
SEC 511,CCore,CCore,CCore,CCore,CCore,CCore,CCore,CCore,CCore,CCore,CCore,CCore,CCore,CCore,CCore,CCore,CCore,CCore,CCore,CCore,CCore,CCore,CCore,CCore,CCore,CCore,CCore,CCore,CCore,CCore,CCore,CCore,CCore,CCore,CCore,CCore,CCore,CCore,CCore,CCore,CCore,CCore,CCore,CCore,CCore,CCore,CCore,CCore,CCore,CCore,CCore,CCore,CCore,CCore,CCore,CCore,CCore,CCore,CCore,CCore,CCore,CCore,CCore,CCore,CCore,CCore,CCore,CCore,CCore,CCore,CCore,CCore,CCore,CCore,CCore,CCore,CCore,CCore,CCore,CCore,CCore,CCore
SEC 500,,,,,,,,,,,,,,,,,,,,,,,,,,,,,,,,,,,,,,,,,,,,,,,,,,,,,,,,,,,,,CCore,CCore,CCore,CCore,CCore,CCore,CCore,CCore,CCore,CCore,CCore,CCore,CCore,CCore,CCore,CCore,CCore,CCore,CCore,CCore,CCore,CCore
SEC 512,,,,,,,,,,,,,,,,,,,,,,,,,,,,,,,,,,,,,,,,,,,,,,,,,,,,,,,,,,,,,CCore,CCore,CCore,CCore,CCore,CCore,CCore,CCore,CCore,CCore,CCore,CCore,CCore,CCore,CCore,CCore,CCore,CCore,CCore,CCore,CCore,CCore
DA 516,,,,,,,,,,,,,,,,,,,,,,,,,,,,,,,,,,,,,,,,,,,,,,,,,,,,,,,,,,,,,,,,,,,,,,AArea,AArea,AArea,AArea,AArea,AArea,AArea,AArea,AArea,AArea,AArea,AArea,AArea
DA 518,,,,,,,,,,,,,,,,,,,,,,,,,,,,,,,,,,,,,,,,,,,,,,,,,,,,,,,,,,,,,,,,,,,,,,AArea,AArea,AArea,AArea,AArea,AArea,AArea,AArea,AArea,AArea,AArea,AArea,AArea
DA 522,,,,,,,,,,,,,,,,,,,,,,,,,,,,,,,,,,,,,,,,,,,,,,,,,,,,,,,,,,,,,,,,,,,,,,AArea,AArea,AArea,AArea,AArea,AArea,AArea,AArea,AArea,AArea,AArea,AArea,AArea
IT 511,,,,,,,,,,,,,,,,,,,,,,,,,,,,,,,,,,,,,,,,,,,,,,,,,,,,,,,,,,,,,,,,,,,,,,AArea,AArea,AArea,AArea,AArea,AArea,AArea,AArea,AArea,AArea,AArea,AArea,AArea
IT 541,,,,,,,,,,,,,,,,,,,,,,,,,,,,,,,,,,,,,,,,,,,,,,,,,,,,,,,,,,,,,,,,,,,,,,AArea,AArea,AArea,AArea,AArea,AArea,AArea,AArea,AArea,AArea,AArea,AArea,AArea
IT 542,,,,,,,,,,,,,,,,,,,,,,,,,,,,,,,,,,,,,,,,,,,,,,,,,,,,,,,,,,,,,,,,,,,,,,AArea,AArea,AArea,AArea,AArea,AArea,AArea,AArea,AArea,AArea,AArea,AArea,AArea
IT 563,,,,,,,,,,,,,,,,,,,,,,,,,,,,,,,,,,,,,,,,,,,,,,,,,,,,,,,,,,,,,,,,,,,,,,AArea,AArea,AArea,AArea,AArea,AArea,AArea,AArea,AArea,AArea,AArea,AArea,AArea
IT 566,,,,,,,,,,,,,,,,,,,,,,,,,,,,,,,,,,,,,,,,,,,,,,,,,,,,,,,,,,,,,,,,,,,,,,AArea,AArea,AArea,AArea,AArea,AArea,AArea,AArea,AArea,AArea,AArea,AArea,AArea