"Data Analytics-Non Thesis","199901","199902","199903","200001","200002","200003","200101","200102","200103","200201","200202","200203","200301","200302","200303","200401","200402","200403","200501","200502","200503","200601","200602","200603","200701","200702","200703","200801","200802","200803","200901","200902","200903","201001","201002","201003","201101","201102","201103","201201","201202","201203","201301","201302","201303","201401","201402","201403","201501","201502","201503","201601","201602","201603","201701","201702","201703","201801","201802","201803","201901","201902","201903","202001","202002","202003","202101","202102","202103","202201","202202","202203","202301","202302","202303","202401","202402","202403","202501","202502","202503","202601"
Requirement:credits,30,30,30,30,30,30,30,30,30,30,30,30,30,30,30,30,30,30,30,30,30,30,30,30,30,30,30,30,30,30,30,30,30,30,30,30,30,30,30,30,30,30,30,30,30,30,30,30,30,30,30,30,30,30,30,30,30,30,30,30,30,30,30,30,30,30,30,30,30,30,30,30,30,30,30,30,30,30,30,30,30,30
Requirement:courses,11,11,11,11,11,11,11,11,11,11,11,11,11,11,11,11,11,11,11,11,11,11,11,11,11,11,11,11,11,11,11,11,11,11,11,11,11,11,11,11,11,11,11,11,11,11,11,11,11,11,11,11,11,11,11,11,11,11,11,11,11,11,11,11,11,11,11,11,11,11,11,11,11,11,11,11,11,11,11,11,11,11
Requirement:ECTS,,,,,,,,,,,,,,,,,,,,,,,,,,,,,,,,,,,,,,,,,,,,,,90,,,90,,,90,90,90,90,90,90,90,90,90,90,90,90,90,90,90,90,90,90,90,90,90,90,90,90,90,90,90,90,90,90,90
DA 592,PProject,PProject,PProject,PProject,PProject,PProject,PProject,PProject,PProject,PProject,PProject,PProject,PProject,PProject,PProject,PProject,PProject,PProject,PProject,PProject,PProject,PProject,PProject,PProject,PProject,PProject,PProject,PProject,PProject,PProject,PProject,PProject,PProject,PProject,PProject,PProject,PProject,PProject,PProject,PProject,PProject,PProject,PProject,PProject,PProject,PProject,PProject,PProject,PProject,PProject,PProject,PProject,PProject,PProject,PProject,PProject,PProject,PProject,PProject,PProject,PProject,PProject,PProject,PProject,PProject,PProject,PProject,PProject,PProject,PProject,PProject,PProject,PProject,PProject,PProject,PProject,PProject,PProject,PProject,PProject,PProject,PProject
DA 501,RRequired,RRequired,RRequired,RRequired,RRequired,RRequired,RRequired,RRequired,RRequired,RRequired,RRequired,RRequired,RRequired,RRequired,RRequired,RRequired,RRequired,RRequired,RRequired,RRequired,RRequired,RRequired,RRequired,RRequired,RRequired,RRequired,RRequired,RRequired,RRequired,RRequired,RRequired,RRequired,RRequired,RRequired,RRequired,RRequired,RRequired,RRequired,RRequired,RRequired,RRequired,RRequired,RRequired,RRequired,RRequired,RRequired,RRequired,RRequired,RRequired,RRequired,RRequired,FFree,FFree,FFree,FFree,FFree,FFree,FFree,FFree,FFree,FFree,FFree,FFree,FFree,FFree,FFree,FFree,FFree,FFree,CCore,CCore,CCore,CCore,CCore,CCore,CCore,CCore,CCore,CCore,CCore,CCore,CCore
DA 503,RRequired,RRequired,RRequired,RRequired,RRequired,RRequired,RRequired,RRequired,RRequired,RRequired,RRequired,RRequired,RRequired,RRequired,RRequired,RRequired,RRequired,RRequired,RRequired,RRequired,RRequired,RRequired,RRequired,RRequired,RRequired,RRequired,RRequired,RRequired,RRequired,RRequired,RRequired,RRequired,RRequired,RRequired,RRequired,RRequired,RRequired,RRequired,RRequired,RRequired,RRequired,RRequired,RRequired,RRequired,RRequired,RRequired,RRequired,RRequired,RRequired,RRequired,RRequired,FFree,FFree,FFree,FFree,FFree,FFree,FFree,FFree,FFree,FFree,FFree,FFree,FFree,FFree,FFree,FFree,FFree,FFree,RRequired,RRequired,RRequired,RRequired,RRequired,RRequired,RRequired,RRequired,RRequired,RRequired,RRequired,RRequired,RRequired
DA 505,RRequired,RRequired,RRequired,RRequired,RRequired,RRequired,RRequired,RRequired,RRequired,RRequired,RRequired,RRequired,RRequired,RRequired,RRequired,RRequired,RRequired,RRequired,RRequired,RRequired,RRequired,RRequired,RRequired,RRequired,RRequired,RRequired,RRequired,RRequired,RRequired,RRequired,RRequired,RRequired,RRequired,RRequired,RRequired,RRequired,RRequired,RRequired,RRequired,RRequired,RRequired,RRequired,RRequired,RRequired,RRequired,RRequired,RRequired,RRequired,RRequired,RRequired,RRequired,FFree,FFree,FFree,FFree,FFree,FFree,FFree,FFree,FFree,FFree,FFree,FFree,FFree,FFree,FFree,FFree,FFree,FFree,CCore,CCore,CCore,CCore,CCore,CCore,CCore,CCore,CCore,CCore,CCore,CCore,CCore
DA 507,RRequired,RRequired,RRequired,RRequired,RRequired,RRequired,RRequired,RRequired,RRequired,RRequired,RRequired,RRequired,RRequired,RRequired,RRequired,RRequired,RRequired,RRequired,RRequired,RRequired,RRequired,RRequired,RRequired,RRequired,RRequired,RRequired,RRequired,RRequired,RRequired,RRequired,RRequired,RRequired,RRequired,RRequired,RRequired,RRequired,RRequired,RRequired,RRequired,RRequired,RRequired,RRequired,RRequired,RRequired,RRequired,RRequired,RRequired,RRequired,RRequired,RRequired,RRequired,FFree,FFree,FFree,FFree,FFree,FFree,FFree,FFree,FFree,FFree,FFree,FFree,FFree,FFree,FFree,FFree,FFree,FFree,CCore,CCore,CCore,CCore,CCore,CCore,CCore,CCore,CCore,CCore,CCore,CCore,CCore
DA 522,RRequired,RRequired,RRequired,RRequired,RRequired,RRequired,RRequired,RRequired,RRequired,RRequired,RRequired,RRequired,RRequired,RRequired,RRequired,RRequired,RRequired,RRequired,RRequired,RRequired,RRequired,RRequired,RRequired,RRequired,RRequired,RRequired,RRequired,RRequired,RRequired,RRequired,RRequired,RRequired,RRequired,RRequired,RRequired,RRequired,RRequired,RRequired,RRequired,RRequired,RRequired,RRequired,RRequired,RRequired,RRequired,RRequired,RRequired,RRequired,FFree,FFree,FFree,FFree,FFree,FFree,FFree,FFree,FFree,FFree,FFree,FFree,FFree,FFree,FFree,FFree,FFree,FFree,FFree,FFree,FFree,CCore,CCore,CCore,CCore,CCore,CCore,CCore,CCore,CCore,CCore,CCore,CCore,CCore
DA 525,RRequired,RRequired,RRequired,RRequired,RRequired,RRequired,RRequired,RRequired,RRequired,RRequired,RRequired,RRequired,RRequired,RRequired,RRequired,RRequired,RRequired,RRequired,RRequired,RRequired,RRequired,RRequired,RRequired,RRequired,RRequired,RRequired,RRequired,RRequired,RRequired,RRequired,RRequired,RRequired,RRequired,RRequired,RRequired,RRequired,RRequired,RRequired,RRequired,RRequired,RRequired,RRequired,RRequired,RRequired,RRequired,RRequired,RRequired,RRequired,FFree,FFree,FFree,FFree,FFree,FFree,FFree,FFree,FFree,FFree,FFree,FFree,FFree,FFree,FFree,FFree,FFree,FFree,FFree,FFree,FFree,CCore,CCore,CCore,CCore,CCore,CCore,CCore,CCore,CCore,CCore,CCore,CCore,CCore
DA 510,FFree,FFree,FFree,FFree,FFree,FFree,FFree,FFree,FFree,FFree,FFree,FFree,FFree,FFree,FFree,FFree,FFree,FFree,FFree,FFree,FFree,FFree,FFree,FFree,FFree,FFree,FFree,FFree,FFree,FFree,FFree,FFree,FFree,FFree,FFree,FFree,FFree,FFree,FFree,FFree,FFree,FFree,FFree,FFree,FFree,FFree,FFree,FFree,FFree,FFree,FFree,FFree,FFree,FFree,FFree,FFree,FFree,FFree,FFree,FFree,FFree,,,,,,,,,,,,,,,,,,,,,
DA 512,FFree,FFree,FFree,FFree,FFree,FFree,FFree,FFree,FFree,FFree,FFree,FFree,FFree,FFree,FFree,FFree,FFree,FFree,FFree,FFree,FFree,FFree,FFree,FFree,FFree,FFree,FFree,FFree,FFree,FFree,FFree,FFree,FFree,FFree,FFree,FFree,FFree,FFree,FFree,FFree,FFree,FFree,FFree,FFree,FFree,FFree,FFree,FFree,FFree,FFree,FFree,FFree,FFree,FFree,FFree,FFree,FFree,FFree,FFree,FFree,FFree,FFree,FFree,FFree,FFree,FFree,FFree,FFree,FFree,CCore,CCore,CCore,CCore,CCore,CCore,CCore,CCore,CCore,CCore,CCore,CCore,CCore
DA 514,FFree,FFree,FFree,FFree,FFree,FFree,FFree,FFree,FFree,FFree,FFree,FFree,FFree,FFree,FFree,FFree,FFree,FFree,FFree,FFree,FFree,FFree,FFree,FFree,FFree,FFree,FFree,FFree,FFree,FFree,FFree,FFree,FFree,FFree,FFree,FFree,FFree,FFree,FFree,FFree,FFree,FFree,FFree,FFree,FFree,FFree,FFree,FFree,FFree,FFree,FFree,FFree,FFree,FFree,FFree,FFree,FFree,FFree,FFree,FFree,FFree,FFree,FFree,FFree,FFree,FFree,FFree,FFree,FFree,RRequired,RRequired,RRequired,RRequired,RRequired,RRequired,RRequired,RRequired,RRequired,RRequired,RRequired,RRequired,RRequired
DA 516,FFree,FFree,FFree,FFree,FFree,FFree,FFree,FFree,FFree,FFree,FFree,FFree,FFree,FFree,FFree,FFree,FFree,FFree,FFree,FFree,FFree,FFree,FFree,FFree,FFree,FFree,FFree,FFree,FFree,FFree,FFree,FFree,FFree,FFree,FFree,FFree,FFree,FFree,FFree,FFree,FFree,FFree,FFree,FFree,FFree,FFree,FFree,FFree,FFree,FFree,FFree,FFree,FFree,FFree,FFree,FFree,FFree,FFree,FFree,FFree,FFree,FFree,FFree,FFree,FFree,FFree,FFree,FFree,FFree,CCore,CCore,CCore,CCore,CCore,CCore,CCore,CCore,CCore,CCore,CCore,CCore,CCore
DA 518,FFree,FFree,FFree,FFree,FFree,FFree,FFree,FFree,FFree,FFree,FFree,FFree,FFree,FFree,FFree,FFree,FFree,FFree,FFree,FFree,FFree,FFree,FFree,FFree,FFree,FFree,FFree,FFree,FFree,FFree,FFree,FFree,FFree,FFree,FFree,FFree,FFree,FFree,FFree,FFree,FFree,FFree,FFree,FFree,FFree,FFree,FFree,FFree,FFree,FFree,FFree,FFree,FFree,FFree,FFree,FFree,FFree,FFree,FFree,FFree,FFree,FFree,FFree,FFree,FFree,FFree,FFree,FFree,FFree,CCore,CCore,CCore,CCore,CCore,CCore,CCore,CCore,CCore,CCore,CCore,CCore,CCore
DA 520,FFree,FFree,FFree,FFree,FFree,FFree,FFree,FFree,FFree,FFree,FFree,FFree,FFree,FFree,FFree,FFree,FFree,FFree,FFree,FFree,FFree,FFree,FFree,FFree,FFree,FFree,FFree,FFree,FFree,FFree,FFree,FFree,FFree,FFree,FFree,FFree,FFree,FFree,FFree,FFree,FFree,FFree,FFree,FFree,FFree,FFree,FFree,FFree,FFree,FFree,FFree,FFree,FFree,FFree,FFree,FFree,FFree,FFree,FFree,FFree,FFree,FFree,FFree,FFree,FFree,FFree,FFree,FFree,FFree,CCore,CCore,CCore,CCore,CCore,CCore,CCore,CCore,CCore,CCore,CCore,CCore,CCore
IT 580,FFree,FFree,FFree,FFree,FFree,FFree,FFree,FFree,FFree,FFree,FFree,FFree,FFree,FFree,FFree,FFree,FFree,FFree,FFree,FFree,FFree,FFree,FFree,FFree,FFree,FFree,FFree,FFree,FFree,FFree,FFree,FFree,FFree,FFree,FFree,FFree,FFree,FFree,FFree,FFree,FFree,FFree,FFree,FFree,FFree,FFree,FFree,FFree,FFree,FFree,FFree,FFree,FFree,FFree,FFree,FFree,FFree,FFree,FFree,FFree,FFree,FFree,FFree,FFree,FFree,FFree,FFree,FFree,FFree,AArea,AArea,AArea,AArea,AArea,AArea,AArea,AArea,AArea,AArea,AArea,AArea,AArea
DA 515,,,,,,,,,,,,,,,,,,,,,,,,,,,,,,,,,,,,,,,,,,,,,,,,,FFree,FFree,FFree,FFree,FFree,FFree,FFree,FFree,FFree,FFree,FFree,FFree,FFree,FFree,FFree,FFree,FFree,FFree,FFree,FFree,FFree,CCore,CCore,CCore,CCore,CCore,CCore,CCore,CCore,CCore,CCore,CCore,CCore,CCore
DA 519,,,,,,,,,,,,,,,,,,,,,,,,,,,,,,,,,,,,,,,,,,,,,,,,,FFree,FFree,FFree,FFree,FFree,FFree,FFree,FFree,FFree,FFree,FFree,FFree,FFree,FFree,FFree,FFree,FFree,FFree,FFree,FFree,FFree,CCore,CCore,CCore,CCore,CCore,CCore,CCore,CCore,CCore,CCore,CCore,CCore,CCore
DA 580,,,,,,,,,,,,,,,,,,,,,,,,,,,,,,,,,,,,,,,,,,,,,,,,,,,,FFree,FFree,FFree,FFree,FFree,FFree,FFree,FFree,FFree,FFree,FFree,FFree,FFree,FFree,FFree,FFree,FFree,FFree,CCore,,,,,,,,,,,,
DA 513,,,,,,,,,,,,,,,,,,,,,,,,,,,,,,,,,,,,,,,,,,,,,,,,,,,,,,,,,,FFree,FFree,FFree,FFree,FFree,FFree,FFree,FFree,FFree,FFree,FFree,FFree,CCore,CCore,CCore,CCore,CCore,CCore,CCore,CCore,CCore,CCore,CCore,CCore,CCore
DA 517,,,,,,,,,,,,,,,,,,,,,,,,,,,,,,,,,,,,,,,,,,,,,,,,,,,,,,,,,,,,,,,,,,,,,,RRequired,RRequired,RRequired,RRequired,RRequired,RRequired,RRequired,RRequired,RRequired,RRequired,RRequired,RRequired,RRequired
DA 521,,,,,,,,,,,,,,,,,,,,,,,,,,,,,,,,,,,,,,,,,,,,,,,,,,,,,,,,,,,,,,,,,,,,,,CCore,CCore,CCore,CCore,CCore,CCore,CCore,CCore,CCore,CCore,CCore,CCore,CCore
DA 523,,,,,,,,,,,,,,,,,,,,,,,,,,,,,,,,,,,,,,,,,,,,,,,,,,,,,,,,,,,,,,,,,,,,,,CCore,CCore,CCore,CCore,CCore,CCore,CCore,CCore,CCore,CCore,CCore,CCore,CCore
IT 542,,,,,,,,,,,,,,,,,,,,,,,,,,,,,,,,,,,,,,,,,,,,,,,,,,,,,,,,,,,,,,,,,,,,,,AArea,AArea,AArea,AArea,AArea,AArea,AArea,AArea,AArea,AArea,AArea,AArea,AArea
IT 566,,,,,,,,,,,,,,,,,,,,,,,,,,,,,,,,,,,,,,,,,,,,,,,,,,,,,,,,,,,,,,,,,,,,,,AArea,AArea,AArea,AArea,AArea,AArea,AArea,AArea,AArea,AArea,AArea,AArea,AArea